run_id,eval_split,horizon,arch,latent_dim,k_train,train_size,seed,use_action,loss,uses_volume_loss,parameters,mae_median,mae_p10,mae_p90,mae_mean,rmse_median,rmse_p10,rmse_p90,rmse_mean,max_ae_median,max_ae_p10,max_ae_p90,max_ae_mean,masked_mae_median,masked_mae_p10,masked_mae_p90,masked_mae_mean,eps_net_median,eps_net_p10,eps_net_p90,eps_net_mean,dv_pred_median,dv_pred_p10,dv_pred_p90,dv_pred_mean,dv_true_median,dv_true_p10,dv_true_p90,dv_true_mean,repose_violation_median,repose_violation_p10,repose_violation_p90,repose_violation_mean,repose_violation_true_median,repose_violation_true_p10,repose_violation_true_p90,repose_violation_true_mean,hf_ratio_median,hf_ratio_p10,hf_ratio_p90,hf_ratio_mean,checkerboard_median,checkerboard_p10,checkerboard_p90,checkerboard_mean,sign_alternation_median,sign_alternation_p10,sign_alternation_p90,sign_alternation_mean,activity_ratio_median,activity_ratio_p10,activity_ratio_p90,activity_ratio_mean,centroid_shift_median,centroid_shift_p10,centroid_shift_p90,centroid_shift_mean,shift_corrected_ncc_median,shift_corrected_ncc_p10,shift_corrected_ncc_p90,shift_corrected_ncc_mean,effective_swell_median,effective_swell_p10,effective_swell_p90,effective_swell_mean,effective_swell_true_median,effective_swell_true_p10,effective_swell_true_p90,effective_swell_true_mean,displaced_error_median,displaced_error_p10,displaced_error_p90,displaced_error_mean
latentB_K5_z64_n2000_s0,test_indist,1,latentB,64.0,5.0,2000.0,0.0,True,huber,False,1005361,0.0035857076590302,0.0018198681445651,0.0059983220592479,0.0037039498435384,0.0176693149252592,0.0102315526445928,0.0262562905794758,0.0181942787114649,0.2183459270745515,0.1426750043407082,0.2904890767211327,0.2130903203571006,0.0608380983751216,0.04617656232709,0.0795478522123695,0.0619041610890489,0.598995920069398,0.3079558744183897,1.802012623376809,1.1489490230156305,0.0811862614363332,0.0325659598761803,0.1385959501578327,0.0837414340440774,0.0225851723149266,0.0073836986326416,0.0428068144950721,0.0234379799722542,0.00640869140625,0.0003662109375,0.01282958984375,0.0064437866210937,0.0,0.0,0.0,0.0,0.4314943730316384,0.0082092757766343,0.9634527952070256,0.4443191372873794,0.483691101471746,0.3248896671849759,0.91017945739386,0.5805140434031907,0.0156096210629921,0.0101316437007874,0.0250799704724409,0.0174246432086614,0.5541477677532065,0.4118832577827994,1.518524900531632,0.9876028374636272,43.957471008928536,21.2799106132586,68.38401240974748,44.81854104700118,0.771862289389948,0.6906348568640256,0.8175336889436388,0.7596434275991413,5.386240671303801,3.5103249250179416,6.6045785170862885,5.273649514888192,1.2500006802695327,1.2498957639265935,1.2502986310399689,1.272544343722919,-0.8025453485369143,-0.8598091911939842,-0.3719921107349502,-0.6144193480842061
latentB_K5_z64_n2000_s0,test_indist,5,latentB,64.0,5.0,2000.0,0.0,True,huber,False,1005361,0.0163050232836312,0.0119011264296152,0.0213109125150936,0.0165417672035272,0.0413889370530469,0.0324718759500042,0.0504872896918958,0.0413995807229715,0.2846813296200707,0.2401245652523357,0.3444028217345476,0.2885604975104434,0.0651233618241695,0.0555918651565942,0.0764845378307572,0.0657887546841878,0.6363540093573545,0.3989054826836162,0.8340904612970973,0.6608228495490807,0.3948392202580636,0.275413373255863,0.5190220834391825,0.3941710422426487,0.1161941484272974,0.0732166856678641,0.1498565380190817,0.1134662468135757,0.0318603515625,0.019219970703125,0.046209716796875,0.032403564453125,0.0,0.0,0.0,0.0,0.1570423032471116,0.0173738230321191,0.4856539198368171,0.2191956249483306,0.3996408935875525,0.3408495305560448,0.7338037122704331,0.4795324785598606,0.0309885580708661,0.0253414124015748,0.0364911417322834,0.0309627214566929,0.6094545457132646,0.4579134569466922,0.819745678530991,0.6350383743623242,21.81779367124569,7.834352666351526,36.63778761371309,22.16201232651805,0.7436139114060587,0.6320822089079516,0.7932188353461199,0.7250428630366779,5.4643753379988125,3.7499827479028527,6.357475547339039,5.200699659330748,1.2500014525536995,1.2498814129537947,1.251048303104366,1.2580309278146518,-0.8014947373984275,-0.8611027648903601,-0.2644869102045266,298.79015091726467
latentB_K5_z64_n2000_s0,test_indist,10,latentB,64.0,5.0,2000.0,0.0,True,huber,False,1005361,0.0293674620938334,0.0244517422902011,0.0363508608200213,0.0299446293609501,0.0583538333994612,0.0500487413673927,0.0681627811817004,0.058382758343044,0.3256839266978204,0.2677020215014636,0.4145142983645201,0.3364769872532451,0.0700853162488858,0.0617806984964138,0.0806153204252597,0.0707284190260542,0.6094732923388325,0.4549206908336224,0.784231681451174,0.6222787220188155,0.7733737602366496,0.6019685994843063,0.9334886501228836,0.773906238587079,0.2249067511155231,0.1718731234301999,0.2844905387959079,0.2252573724484335,0.061614990234375,0.0419921875,0.082354736328125,0.0622628784179687,0.0,0.0,0.0,0.0,0.1259549504142725,0.0261714891587464,0.3101783589219189,0.1486528324952457,0.398411925991824,0.351483150859473,0.6202023159325949,0.4481627568682559,0.0409848671259842,0.0350701279527559,0.046570497047244,0.0409474963090551,0.6341057462264083,0.5222161411519333,0.8033056063486744,0.6542090639770588,15.197099111880885,6.154178464110052,28.114320704074647,16.370941333261715,0.7116270961010178,0.6257197154691109,0.7655558619032793,0.7017555082945408,5.249614872560313,3.378967999224407,6.461567395062293,5.0556635366515446,1.2499998137227917,1.249848071821822,1.25023922299819,1.2717684370192708,-0.7958125791918713,-0.8714712829180906,0.0697375476069088,442.4218647575281
latentB_K5_z64_n2000_s0,test_indist,20,latentB,64.0,5.0,2000.0,0.0,True,huber,False,1005361,0.0537772164516169,0.046877981310381,0.0637035297859159,0.0547306654281018,0.0856594456742219,0.0761918366225816,0.0977859100929218,0.0866533994807641,0.4021093137562275,0.3307678900659084,0.5251839935779572,0.419126322332886,0.0834094041088063,0.0752491163098089,0.0951599665372394,0.0843392899807165,0.5919199468482303,0.4662331060903494,0.7326461300248293,0.5985168623608526,1.527800159248741,1.2316890979562445,1.7493837191875865,1.5107504395604363,0.447810302839404,0.3730616695120436,0.5285453760401604,0.4494446190270619,0.112945556640625,0.077728271484375,0.1447265625,0.1124728393554687,0.0,0.0,0.0,0.0,0.1119766438160232,0.0338044714242213,0.2209163906615746,0.116809741037636,0.4049777912930613,0.3530623040201271,0.5568870167548973,0.430043482184821,0.0477669783464566,0.0422336368110236,0.0534295029527559,0.048000123031496,0.7247188102194447,0.5909272483495478,0.8596211540174977,0.7241668685129935,12.014271513295808,4.996386544272773,22.480837690956456,13.014511887837884,0.6410423924142605,0.5212689734726266,0.7157881078368814,0.6268881802161248,5.30527653342778,3.7045526189155056,7.300405895220351,5.422168326892318,1.250008300164878,1.2498689725455503,1.2533043733875668,1.2816749446309046,-0.8081127207225541,-0.8924813860605073,0.323261301413315,634.8587548676385
latentB_K5_z64_n2000_s0,test_indist,50,latentB,64.0,5.0,2000.0,0.0,True,huber,False,1005361,0.1935796280403853,0.1494671989631,0.2603311176688305,0.1995325072020373,0.3465523197476128,0.238307106832915,0.5299909602242894,0.3685411223157655,2.3247757451608777,1.3766319314483553,3.4720380365848538,2.4180135576986506,0.2066288763557736,0.1638856794058635,0.277546532303515,0.2133413457516182,0.9820117257658532,0.7245372472861626,1.3921890553067624,1.0317249009354574,5.444661656372379,4.439209460654377,6.768453062825492,5.547636488451544,1.096040915431202,0.9808470715430008,1.2126753370836372,1.0914950593460804,0.336181640625,0.287725830078125,0.395831298828125,0.3380093383789062,0.0,0.0,0.0,0.0,0.2397335547454825,0.1122806486508045,0.7050314024745691,0.3492516189093786,0.6969702096948533,0.5550901153929395,0.9344431393133986,0.7206965105056775,0.0415231299212598,0.036617249015748,0.0471825787401574,0.0417416646161417,1.6543489955775108,1.2177096289015132,2.241232871420517,1.6887949971572862,13.079131833854449,4.7596771711752845,25.14334238233241,14.25224276248009,0.3369726000548978,0.2709278888555549,0.4295893333682561,0.3442438833464492,2.9038195986607334,2.478928254851738,3.565222072762741,2.9956484372989327,1.2499950333403935,1.249843831745201,1.2505173814562898,1.256321597896726,0.4808022585684371,-0.2894968417227534,8.670582250629735,3137.4452908397266
latentB_K5_z64_n2000_s0,test_ood_terrain,1,latentB,64.0,5.0,2000.0,0.0,True,huber,False,1005361,0.0033073150480849,0.001667036731115,0.0058270397215787,0.0036031017945034,0.0173317904355011,0.009517508008964,0.0262934172840846,0.0176956977712514,0.2057553641498088,0.1276673433894757,0.2862315282225608,0.2090007311551016,0.0627172020540456,0.0424298850421431,0.085740316564853,0.0637889015485306,0.4163200148385127,0.1230077750852779,3.1813612144737653,7.575959732620382,0.0569122600387254,0.0273271662753832,0.1122912794477606,0.0633435729253231,0.0213673530244136,0.0026429307521714,0.0386437421842324,0.0208898627437778,0.00567626953125,0.00035400390625,0.0117370605468749,0.0058279418945312,0.0,0.0,0.0,0.0,0.3874863773396992,0.0190853883905797,0.9632036540207448,0.4615784335934835,0.6156380079205847,0.2795755156928348,0.8483077679093645,0.5916147752075521,0.0147484005905511,0.0089351624015748,0.0298812746062992,0.017308686023622,0.4970917174039753,0.2922541756531309,2.40088572439336,5.503571181024013,45.62861910275782,21.333345203464976,67.4617724672736,45.352387679923815,0.7583573571561489,0.6388970625737113,0.8204474031482959,0.7380845545668382,4.736908031843229,3.185668581980707,6.145683560145744,4.735427270184204,1.2500230086402055,1.2498978511822905,1.2680155621238598,1.293921712549931,-0.810476014980313,-0.8745361951263186,-0.0588263096810283,1.2456705768503182
latentB_K5_z64_n2000_s0,test_ood_terrain,5,latentB,64.0,5.0,2000.0,0.0,True,huber,False,1005361,0.0163277717197589,0.012195963533412,0.0218437617862364,0.016691244889177,0.0410764493328318,0.0335979917845876,0.0515845481469284,0.0419122172793481,0.2874934133142233,0.2320151205640286,0.3714898109436035,0.2959494571908726,0.0688879000339832,0.0584841367210267,0.0843224780901086,0.0701198604859151,0.5336893281922763,0.3259494017857657,0.9287246568225146,0.6121916938559675,0.3275301466117799,0.2242049037361721,0.450345183866406,0.3314257038667637,0.1008988914072274,0.0645528707492306,0.1445038019305699,0.1043959025527175,0.0303955078125,0.0152587890625,0.044097900390625,0.03006591796875,0.0,0.0,0.0,0.0,0.1149458197091834,0.020698846359426,0.3908033238403288,0.1719578295879728,0.4372611133044727,0.3132718607750032,0.5672352048374547,0.4365376733900621,0.0277282234251968,0.0218657726377952,0.0345226377952755,0.0280804010826771,0.577532417972404,0.4273757131749202,0.8454089785786743,0.6274097111238519,22.459563092049144,8.604841669702315,38.46520778967461,23.099996935928456,0.6874337837098774,0.5349400901592702,0.7760494793143271,0.6700511353995734,4.9109970432470575,3.220620506809149,6.236004146182365,4.827908213733978,1.2499938374559267,1.2496628331035973,1.2502551026324409,1.2609179663756631,-0.8051222173704133,-0.8736518378294175,0.4620789887566756,674.42203995299
latentB_K5_z64_n2000_s0,test_ood_terrain,10,latentB,64.0,5.0,2000.0,0.0,True,huber,False,1005361,0.0309505443579034,0.0251841385668559,0.0383464452795738,0.0312906638542947,0.0600598734231708,0.0515008872976593,0.0713788931982254,0.0604461597468512,0.3278494514524936,0.2726516887545586,0.4281390741467475,0.3432462590874638,0.0745039232831029,0.0655738677685005,0.0862299822557218,0.0754499599553823,0.5313445340950234,0.2920743898383508,0.809686394950639,0.5572011510264566,0.6624705697762421,0.4676997356188295,0.8614794735297521,0.6628388658361533,0.2104527742021105,0.1544927828125744,0.2715315272934141,0.2116904561956676,0.059906005859375,0.04180908203125,0.08216552734375,0.0606491088867187,0.0,0.0,0.0,0.0,0.091834875848804,0.0229609206125813,0.2556684139405732,0.1173420534219736,0.4106825832376412,0.3200095212744648,0.5074447391345956,0.4092895140226933,0.0368325541338582,0.032052780511811,0.043937623031496,0.0376110359251968,0.5903823743929697,0.438623208675255,0.843341356284532,0.6186756831484161,16.60726761151357,7.276350512230221,28.80214492323162,17.29171496703085,0.6450630186600681,0.5281139750425381,0.7427419442474056,0.641055279866239,4.856375238785194,3.465750720320496,6.333353809315309,4.8835286779594425,1.2499928831479346,1.2498389050561372,1.2537062721609535,1.2762167283491688,-0.8227095282721872,-0.8877011303716092,0.402591499476748,542.3622636531858
latentB_K5_z64_n2000_s0,test_ood_terrain,20,latentB,64.0,5.0,2000.0,0.0,True,huber,False,1005361,0.0560056308322927,0.0494801553185664,0.0672969904494485,0.0575419578983916,0.0887999763103483,0.0781834886458887,0.1052295339783797,0.0908226665217378,0.4261448234319687,0.3338340379297733,0.5743199037387967,0.4393122353302897,0.0878441011999833,0.0778501532478241,0.1017539687731357,0.0891598952677294,0.5178864913549505,0.344895721531719,0.7548387354096135,0.5481031954902131,1.3201770578932248,0.9556114348640552,1.606486725426483,1.3156660747429283,0.4154705140619219,0.3284551426967697,0.5230842969430728,0.4200349182872749,0.10577392578125,0.074176025390625,0.14068603515625,0.1082162475585937,0.0,0.0,0.0,0.0,0.0898050852120922,0.0373808203226434,0.1743836583019585,0.1006643883400521,0.4072148184663026,0.3207189403606024,0.4635706540771392,0.3981337033405402,0.0459830216535433,0.0403481791338582,0.0523529773622047,0.0461334276574803,0.6705673084869795,0.5211442320704339,0.8613566389670712,0.6798086335016476,12.819749386158849,5.891002115859133,26.08469660796329,14.291300614973528,0.5478619991615647,0.3834508099512455,0.6763418214077134,0.5368663453784397,5.367574144265692,3.3321955729256705,6.959453856863642,5.293669751513001,1.249993138916163,1.249706214872899,1.2504756109261208,1.2491341831539404,-0.7818714786541779,-0.8988435328030674,2.593422764718712,831.5098562306435
latentB_K5_z64_n2000_s0,test_ood_terrain,50,latentB,64.0,5.0,2000.0,0.0,True,huber,False,1005361,0.2168716673091257,0.1714270428738138,0.2703671998376943,0.220848031964109,0.4255474616174251,0.2916149323788746,0.5608415187603703,0.4299578167601429,2.7204402973875403,1.7414024122059346,4.187335363682359,2.855707987884525,0.2301419576545027,0.1816178897367926,0.2919011088393461,0.2339236524421478,1.1106199219223778,0.7697404549619683,1.5128171143085345,1.1230481336428273,5.626057843959735,4.470852986227617,6.83468014084266,5.6505624144637325,1.028206383151494,0.9048355777821644,1.182800914879725,1.0415476426453067,0.336944580078125,0.285845947265625,0.412200927734375,0.34232177734375,0.0,0.0,0.0,0.0,0.3099812056229071,0.1434819175590821,0.7894710078051098,0.3890466160377018,0.7858499481104865,0.6342173606280636,0.984911878412184,0.7952213633030426,0.0399698572834645,0.0343257874015748,0.0456077755905511,0.0400533649114173,1.8489425917087328,1.314180590229835,2.699773652540127,1.916564068897564,16.322721524888784,6.749060117458692,29.35474841623472,17.476176564281364,0.3351700404596165,0.270527416877582,0.4334005435275323,0.3459127022967021,2.871157471877435,2.445994326432153,3.347405188828515,2.896559953781193,1.249987555644296,1.2497624491187147,1.2514886379847314,1.2488011165940809,0.673969513131186,-0.1938418327744833,12.880393296818902,1913.7019787158667
latentB_K5_z64_n2000_s0,test_ood_soil,1,latentB,64.0,5.0,2000.0,0.0,True,huber,False,1005361,0.003372460379299,0.0018591260402626,0.0062669142112897,0.0037330964776499,0.0183696922787945,0.0117719613603117,0.0292981987652888,0.0196693565865568,0.2353870831429958,0.1561664700508117,0.3149449756310786,0.2360272070645624,0.0731883873019221,0.057375039553959,0.0957316053073553,0.0759638267137861,0.5986367690630715,0.2794223132052196,2.260964714817866,38.5595919191676,0.073206208919978,0.033194349637226,0.134148294827616,0.0775372394352863,0.0198493896744708,0.0055263089385144,0.0410738951928314,0.0216553876191861,0.0,0.0,0.0019653320312499,0.0006124877929687,0.0,0.0,0.0,0.0,0.4457369948393911,0.0081308578408038,0.9821652080338286,0.4404353679583216,0.3702385668755924,0.2274798506345159,0.9224136542332192,0.5328547519795012,0.014763779527559,0.0095964566929133,0.0290169783464566,0.0173591289370078,0.5588589307238928,0.3977665311726578,1.833509185509156,24.073631373666945,47.066373604516286,21.65199782826547,69.22464477277427,46.120710593362965,0.7821208879307872,0.6663029310296487,0.8305756070131343,0.7545360233192605,5.24323137151174,3.455843067939147,6.479487253986913,5.094050835272225,1.2500068707379837,1.2499098320602602,1.2502381302196606,1.2542128959029244,-0.791663864642613,-0.8532666221536817,-0.2955043741727665,6.859157570444775
latentB_K5_z64_n2000_s0,test_ood_soil,5,latentB,64.0,5.0,2000.0,0.0,True,huber,False,1005361,0.016813390540655,0.013470765979795,0.0223874135769156,0.0173414036694112,0.0455336412083837,0.0369628182382434,0.0556375831421532,0.045729941503879,0.3092454373836517,0.2588083861395717,0.3892427843995392,0.3184985556493666,0.0811886424231482,0.0710260372300674,0.0961041092016649,0.0825226824954894,0.6076910562743998,0.4156116502872048,0.9060866000192672,0.6437264859085804,0.3845031051179104,0.2630063383095783,0.5005826490689036,0.3821557048480433,0.1135280685909801,0.0705081338730141,0.1508085406441289,0.111965008699151,0.0028076171875,0.0,0.014166259765625,0.0052676391601562,0.0,0.0,0.0,0.0,0.1477030453452466,0.0103180391583849,0.5660444188090711,0.2346894817400063,0.2989714904823828,0.2396503707198355,0.7289770615877971,0.4212955539246327,0.0312807578740157,0.0261042076771653,0.0367894931102362,0.0311786417322834,0.5936492826923252,0.4621511825454365,0.7997994570915263,0.6169999977739207,18.715557921092447,6.96954974090686,36.56981101805796,20.677879570727274,0.7496296144938002,0.6322948586884087,0.8033740683551159,0.7310535852099624,5.200558017073584,3.7034862852636063,6.331608701107635,5.106452232046201,1.2500119817066329,1.249900029291368,1.2705537654966874,1.273914804572352,-0.8063749607151373,-0.8583001140938024,-0.3484856273372057,131.094098591375
latentB_K5_z64_n2000_s0,test_ood_soil,10,latentB,64.0,5.0,2000.0,0.0,True,huber,False,1005361,0.0314679605855913,0.0263234166155545,0.0379263489390812,0.0318949229936859,0.0643798143854942,0.0543019203988802,0.0752757235609117,0.0644137583091278,0.3515088632702827,0.2942165876273065,0.4621511608362197,0.3637358525788295,0.086159501807973,0.0758811433588535,0.1002978122545844,0.0872214482903291,0.6097010191974122,0.4298275057901921,0.7902848895179427,0.6202925631128566,0.7524036162575409,0.589149934306177,0.928894312211436,0.7566522436339125,0.2188457310724836,0.1671073262968172,0.2775545604413493,0.2214444997392265,0.0118408203125,0.0023193359375,0.0265869140624999,0.0132302856445312,0.0,0.0,0.0,0.0,0.1384446691433839,0.0115466195052552,0.3529457256958275,0.1509807866639321,0.2913427030661372,0.2492095593788108,0.6191128163584289,0.3807143511046479,0.0446296751968503,0.0381889763779527,0.051337967519685,0.044775467519685,0.6210810458617939,0.4966379411878532,0.7665294643820134,0.6251495040521146,13.976415625223254,5.600446974750518,25.438243512894072,15.114054496825188,0.7256158462476459,0.6124288815631137,0.7855124000010101,0.7111288706171041,5.117020591458084,3.55129725804246,6.45893419870274,5.075680759766691,1.2500014280337814,1.2498934549915592,1.250213759172956,1.251839727630936,-0.8047724556774875,-0.8747428824852025,-0.2227848211435342,94.507915493866
latentB_K5_z64_n2000_s0,test_ood_soil,20,latentB,64.0,5.0,2000.0,0.0,True,huber,False,1005361,0.0598689044263494,0.0505567997023801,0.0695125649929545,0.0601251648911723,0.0966741086471921,0.0836509269387253,0.1130648367379475,0.0980188969214639,0.4562882110476494,0.3722388908267021,0.5802692711353302,0.4737311692434741,0.1015712834573888,0.0890838896203243,0.1191397029950066,0.1031552278880627,0.5944923918943972,0.4632799754290971,0.7316080873337021,0.5969113755989244,1.4788017687609911,1.2344968149501694,1.775148573623703,1.4910715184289698,0.4430221046692528,0.3650225155418991,0.5202275061187442,0.4443904568975089,0.03057861328125,0.013623046875,0.0538940429687499,0.03310302734375,0.0,0.0,0.0,0.0,0.0979807873240894,0.0168158239654333,0.2197979516518917,0.1047874801703162,0.2952345909304193,0.2552235704966845,0.5204100718920995,0.3515974200153316,0.0545952263779527,0.0472102608267716,0.0608729084645669,0.0542591966043307,0.6681143974061443,0.5578893643448991,0.7722018863750625,0.6682454175891833,11.588739833411438,4.316174001986696,21.13972193507301,12.582478664940936,0.6378548817710614,0.4728255900826724,0.721421342821273,0.6178258344096751,5.194431909391771,3.4491807817628497,7.448333139206408,5.390838222858175,1.2500000054270444,1.2498715564563814,1.2502515769788742,1.2622456690983646,-0.7923580395267493,-0.8930753669284728,0.0529887684324204,229.9913071189459
latentB_K5_z64_n2000_s0,test_ood_soil,50,latentB,64.0,5.0,2000.0,0.0,True,huber,False,1005361,0.2019164021165352,0.1570243042313467,0.2995408229767152,0.213878718082439,0.356491219370005,0.2432081506997191,0.5891989504396755,0.3949559627792524,2.3522037267684937,1.3214735113084315,4.249471096694469,2.5832714812623454,0.2197022173987638,0.1749075015357594,0.3147257114771218,0.2337781433266831,0.9312542785377232,0.7079870096612998,1.4405671758595169,1.0022453873196973,5.24055039075578,4.331542366923275,7.293835682767418,5.516152817799398,1.110562001958804,0.9820759707270278,1.2292357936885374,1.1093453293969409,0.209442138671875,0.15897216796875,0.28526611328125,0.2143408203125,0.0,0.0,0.0,0.0,0.153333508390569,0.0525212566817966,0.4040852886808047,0.2033178293376835,0.4929977166067847,0.3769012260359095,0.7195351364785827,0.5236526586757406,0.0457062007874015,0.040132874015748,0.0521222933070866,0.0458490711122047,1.4228280498946753,1.0479831167004403,2.1813198314351694,1.518783552891187,12.079517776069732,5.569617712905975,23.56452585279932,13.434573662203638,0.3170313264452173,0.2523232125420573,0.4052014935659039,0.3231570269433281,2.83124244777886,2.451281646694348,3.4523911783834094,2.916571466759001,1.249992420272248,1.2498554879596488,1.2502758607369406,1.2525011748801482,0.3986499185383766,-0.3210334499622517,11.639549177287403,493.2176719635282
latentB_K5_z64_n2000_s0,test_ood_both,1,latentB,64.0,5.0,2000.0,0.0,True,huber,False,1005361,0.0034650151454245,0.0015039634633313,0.0068303957565013,0.0038779344052707,0.0197443920288184,0.0095409400717199,0.0321162185062087,0.0201106427000499,0.2411257531493902,0.1461315751075744,0.3375978762283921,0.2401017401897115,0.0781025524986053,0.0485253778504415,0.110669497213436,0.0789616771585523,0.4551253606671923,0.0893215813255289,3.877233020568636,201.03319771142984,0.0538887160054037,0.0238036649367659,0.1050140154679975,0.0604278798559951,0.0204644613948054,0.0018050370709681,0.0416533222468132,0.0205519567056456,0.0,0.0,0.0028930664062499,0.0009768676757812,0.0,0.0,0.0,0.0,0.3263019852055642,0.0134847709448112,0.9700809975685356,0.6069222549547404,0.5202740094479099,0.2036597954307198,0.7951104571055875,0.5563136705666734,0.0157941683070866,0.0100824311023622,0.0362327755905511,0.0197946911909448,0.4908289956681648,0.2674177153174989,2.9360236820485763,130.94496962241018,48.54024488911482,24.285795290453823,68.84319194266551,46.65213957550039,0.7683857818972619,0.6200148665035956,0.8225323725024867,0.7352110509707551,4.752880753515088,2.900066739132726,6.097379019647248,4.644872375107818,1.2500108724059755,1.2498757335534123,1.2505467971663515,1.2556109351503777,-0.8184874155793354,-0.8839258744440205,0.2922693678396006,55.20242116757715
latentB_K5_z64_n2000_s0,test_ood_both,5,latentB,64.0,5.0,2000.0,0.0,True,huber,False,1005361,0.0170300424410776,0.012851970315451,0.022535538793642,0.0174037110726721,0.0469097440932301,0.0372506658688318,0.0569195316887001,0.0470350687315007,0.3294695657677948,0.2768874553963542,0.4074914216995239,0.3367633809742983,0.0868481219732302,0.0752413959814986,0.1046483516427315,0.0889245849550243,0.4983826701531323,0.2890555226121727,0.94229553966033,0.5887944131612834,0.3018268912321946,0.1948637265740872,0.4355475117963879,0.3092180110865771,0.102175300249489,0.0620127580033893,0.1397973467990698,0.1004353728212894,0.003509521484375,0.0,0.0152160644531249,0.0056765747070312,0.0,0.0,0.0,0.0,0.0940855260507013,0.0127447828851933,0.4154192070831684,0.1628172778106313,0.343560930921858,0.2193318668527283,0.5021340519652701,0.3501861833596541,0.0292199803149606,0.0224840059055118,0.036291215551181,0.0291024852362204,0.5478264400894786,0.3686243189812754,0.7860560560621045,0.5953184557384311,24.027680496902533,8.860838164750193,41.972270655010895,24.99193756399809,0.6758959788285623,0.509498940236038,0.7758980225624134,0.6602441065991552,4.787194708519196,3.347948665317648,6.149395275477684,4.769764681238729,1.2499942679252896,1.249676633863711,1.2516613153160048,1.257739657386812,-0.7992386594214922,-0.877744953546083,6.343565911578631,811.3115954167832
latentB_K5_z64_n2000_s0,test_ood_both,10,latentB,64.0,5.0,2000.0,0.0,True,huber,False,1005361,0.0320470478973509,0.0266430809421043,0.0388892366289178,0.0324155184799877,0.065575171115957,0.0562062054288948,0.0772176523060445,0.0664343524759877,0.3715783227235079,0.3103028554469347,0.4656542286276817,0.3817808569734916,0.0915208307497642,0.0802102488553524,0.1081044869964982,0.0927554549611512,0.5409611978842488,0.2673580920148837,0.817576685322508,0.5490675100965923,0.6376049220764981,0.3927430071249655,0.8643543019011506,0.6309436040248273,0.2031365261881519,0.1463365636823937,0.253245817933636,0.202969351822928,0.009521484375,0.002294921875,0.0287353515624999,0.0130841064453125,0.0,0.0,0.0,0.0,0.0576590914873553,0.0151115799481964,0.2375867391581384,0.0988308375381088,0.3184991991158417,0.2181361762331442,0.4077930933259197,0.3135219678037725,0.0414769931102362,0.0337690698818897,0.0484744094488188,0.0411887918307086,0.5756065456328523,0.382797355492721,0.7881936517965288,0.5907602468010272,15.616370854769125,6.269282946606857,29.288648942060057,16.99721220838977,0.6478728845936872,0.4989307558837121,0.761715007085056,0.6323157607744619,4.890872836060634,3.255508926710512,6.214077086531368,4.789674962439861,1.2499928367875677,1.24972794484327,1.2502285086119476,1.2697885564936484,-0.8100750624206959,-0.8921698756875406,2.981507249846268,670.9916461278096
latentB_K5_z64_n2000_s0,test_ood_both,20,latentB,64.0,5.0,2000.0,0.0,True,huber,False,1005361,0.0621475103651513,0.0528518794276342,0.0724972234094628,0.0628231245656701,0.1009133879237664,0.0879421650431218,0.1174405187100197,0.102949879550543,0.4785987362265587,0.3979827386792749,0.6545227363705635,0.5104819462791784,0.107444796446623,0.0951120369069635,0.1240719885794856,0.1092437562372303,0.528822030902291,0.3221322965978224,0.7233397485777487,0.5332922685160328,1.3068144887383646,0.9135938550501352,1.62218912169923,1.290049111195373,0.420311699092146,0.3348320735125613,0.5081415400319403,0.4173470080982215,0.03143310546875,0.01334228515625,0.05767822265625,0.033919677734375,0.0,0.0,0.0,0.0,0.0577424609601724,0.0238249887569647,0.1641308546575726,0.0762483310737713,0.297267591393874,0.2280681062179688,0.3572370511205127,0.2959601897706356,0.04955093503937,0.0427380659448818,0.0583876722440944,0.0501230314960629,0.6074741379166371,0.4783325902959062,0.7828948677747697,0.6265531459856964,13.036706681884706,4.133073872942111,23.056353267427426,13.585915764667714,0.5266999767366137,0.3209286689460922,0.6812429798813212,0.5220190438161444,5.162579273644598,2.6210749615304265,7.534383551339093,5.2648283804124185,1.249990378814301,1.249807678730002,1.2505803679732432,1.2555312286182514,-0.7876751293350338,-0.9025888757392836,2.1365960424334305,282.83012160789
latentB_K5_z64_n2000_s0,test_ood_both,50,latentB,64.0,5.0,2000.0,0.0,True,huber,False,1005361,0.2329600974439262,0.1704949308001357,0.2947193717076671,0.2329915477045544,0.4376064232994388,0.2754779530571679,0.5724185541670429,0.4349716216744066,2.8357606530189514,1.6275300413370133,3.807874751091003,2.802305795163265,0.2572980810498193,0.1880364232144638,0.3277756239463898,0.2554274022548265,1.122431631246088,0.7288400725096146,1.547433237207635,1.128230558969409,5.584450980112525,4.178268384079621,6.997628561170055,5.63949486433812,1.039879687861482,0.8673013813749686,1.177894512124868,1.0383263038896045,0.230926513671875,0.166815185546875,0.3027587890625,0.2345016479492187,0.0,0.0,0.0,0.0,0.178527577318048,0.1001341058643575,0.4296100512161604,0.2236278014441349,0.5646778081305275,0.4299772726368187,0.6898378898162101,0.5627822658435778,0.0430764025590551,0.036414247047244,0.0499323326771653,0.0430611774114173,1.6863930711134705,1.123728989207646,2.2694509570722863,1.7048855081023615,13.772027827750788,6.20789825719742,29.059246045800936,15.66996475401379,0.3262849832789428,0.2587069789588899,0.4081711375169559,0.3302665674995254,2.943678414594139,2.493123741684196,3.5236629885300665,2.976631876330257,1.2500093969271058,1.2498308210023774,1.2508207977989283,1.2573624860006452,0.6281814609131886,-0.2156632773931375,18.6486131679018,2498.7082600502586
latentB_K5_z64_n2000_s0,test_ood_policy,1,latentB,64.0,5.0,2000.0,0.0,True,huber,False,1005361,0.0034239876720308,0.0016555508931586,0.0063137274990389,0.0036982392763543,0.0171929891838052,0.009502400848274,0.0277323439016323,0.0182260800650173,0.2176612839102745,0.1355201253958512,0.2977017035460448,0.2179029939153952,0.060998608801607,0.0423548900467949,0.081428503696828,0.0621118763551587,0.5120425393932443,0.2091517494586348,1.000150675948204,4.955962193949777,0.0592904781047673,0.0278365093644685,0.1239697162018601,0.070022671448913,0.02110746592398,0.0064405436262123,0.0418943340042562,0.022968823242018,0.00531005859375,0.0,0.012396240234375,0.0057565307617187,0.0,0.0,0.0,0.0,0.4123627084318063,0.0069637848325447,0.9636944897619144,0.4298087318184233,0.4318302114365068,0.3070214978756029,0.9047406378610716,0.5504338178604885,0.0167937992125984,0.0106360728346456,0.0334030511811023,0.0195593934547244,0.4943239730354413,0.3373750376384286,0.8878980324195115,3.429272908217301,44.31353931837117,16.5698710049031,66.14974701110941,44.0996375286412,0.769478369071419,0.6972859606447278,0.8140800932603932,0.7578412970653804,5.079068080216205,3.329846687435209,6.484432062322884,4.985879022334742,1.250012142449013,1.2498967710844382,1.2501970030020315,1.2606055599040866,-0.8209931430388747,-0.8715152124338418,-0.5712110675136501,0.250101956779401
latentB_K5_z64_n2000_s0,test_ood_policy,5,latentB,64.0,5.0,2000.0,0.0,True,huber,False,1005361,0.015943901932467,0.0117156651188019,0.0209470926797553,0.0161391646399892,0.0407782640715324,0.0325520612247208,0.05052513393087,0.0410681862783317,0.2911164172692224,0.2354748418554663,0.343648923933506,0.2920099113216747,0.0666998353344511,0.055845084438927,0.0788012562845168,0.0669900585188505,0.4996049813150939,0.3016053818826404,0.7494466413259391,0.5167114646478091,0.3285487460675802,0.2024023513781168,0.4469423156112581,0.3249347136766312,0.1098967584389116,0.0719777747427219,0.1435255137305355,0.1085580779879448,0.0262451171875,0.012567138671875,0.03875732421875,0.026002197265625,0.0,0.0,0.0,0.0,0.1277131502000102,0.0174216222478632,0.4958773041405909,0.2133074693455106,0.3772759136692756,0.3153434537741853,0.6950058978194259,0.4529805235611422,0.0308040108267716,0.0253352608267716,0.0376230314960629,0.0312226254921259,0.5335496376567421,0.4181929681207781,0.7065071572530324,0.5546918783543934,21.122151622670263,7.704277598123587,36.97121583430394,22.0701139390742,0.7270609392843392,0.6011257827973626,0.7758002803995339,0.7032908827927784,4.706619194550379,2.970468680884219,6.166392381463093,4.630692878981346,1.249995634516766,1.2498060369190842,1.2502947076085342,1.2736967456720958,-0.8016600591567901,-0.8795128229517322,0.0178670114845055,3.2050655030554105
latentB_K5_z64_n2000_s0,test_ood_policy,10,latentB,64.0,5.0,2000.0,0.0,True,huber,False,1005361,0.0295693792706173,0.0233045318204904,0.0365118037481575,0.0298379252073332,0.0583620613341767,0.047973281604852,0.0679278473387524,0.0581020159176769,0.3164096132386476,0.2670792601536959,0.4006439868360757,0.3244303686390413,0.0715005383038288,0.060937664362052,0.0822639002532571,0.0716258300831921,0.4969719039786189,0.3415128291054704,0.6394599512459485,0.4960235710324088,0.644988976810978,0.4800832933887842,0.8133582399333855,0.6457442237122667,0.2181917027708172,0.1591508028371648,0.27435567471707,0.2187431154912909,0.050750732421875,0.033746337890625,0.0715087890625,0.0513644409179687,0.0,0.0,0.0,0.0,0.1028392685251868,0.0243769550622284,0.3129981349679821,0.1469245843221817,0.3733962431675654,0.3281768332212411,0.595943361171004,0.42307677009693,0.0407388041338582,0.0348825049212598,0.0460199311023622,0.0406657541830708,0.5675026095168978,0.4498494419281078,0.6971615603793941,0.5736049957365617,15.272047762546332,5.7111984010666825,27.216112761058685,15.842216457279596,0.6936246778682531,0.5864102178785453,0.7614255183547619,0.6803748375513838,4.914805793948558,3.3862802204365847,6.4102274723646016,4.883621998002426,1.2500016946062034,1.2498487993332512,1.2510752473806714,1.2681920626312682,-0.8268198524100495,-0.8913679110337455,-0.2560188461148037,83.63778045469148
latentB_K5_z64_n2000_s0,test_ood_policy,20,latentB,64.0,5.0,2000.0,0.0,True,huber,False,1005361,0.0536221654785405,0.0467184759940921,0.0643253823909563,0.0548553025432866,0.0848632441800893,0.0752477672713035,0.0999899304691638,0.086829203867219,0.4085279814898968,0.3291612171567976,0.5247912317514419,0.4209954313946946,0.0848146122107898,0.074802596970344,0.0991148187118154,0.0855408701889999,0.4836195147984098,0.3577788347425218,0.600344118532155,0.4834289904983514,1.290693927563184,1.0197840065724504,1.4902999848638154,1.2648299496623383,0.4315302132142306,0.3583595310337108,0.5163502766908299,0.4343786913727339,0.09490966796875,0.0681640625,0.11949462890625,0.0947067260742187,0.0,0.0,0.0,0.0,0.0934717052362323,0.0323077351500248,0.2021585632039345,0.1110406199238951,0.3780498419032806,0.3361222109390905,0.5212747381995916,0.4053881198991875,0.0484744094488188,0.0419783464566929,0.0543522391732283,0.0482692544291338,0.6394211218882767,0.5222195353330057,0.7456963792197808,0.6353922651829107,11.837224973436635,4.325236494778684,21.16979812641842,12.572977619091905,0.5835215735004249,0.4633000977918209,0.6749010638441189,0.5757689480659159,5.142419199977414,2.8824675130238906,7.1815666460208,5.24781094103106,1.24999799979807,1.249829169149674,1.2506027689563883,1.2690949419445725,-0.8043159536983462,-0.9085317837611884,0.0848432537088621,34.391448500238475
latentB_K5_z64_n2000_s0,test_ood_policy,50,latentB,64.0,5.0,2000.0,0.0,True,huber,False,1005361,0.214461329213051,0.1740318546660744,0.279394924240257,0.2206664702726336,0.4621290599464434,0.2941414117681594,0.6266261219991469,0.4658371899556743,3.430303029716015,2.04048388004303,4.587535151839257,3.319227213258128,0.2278778226334507,0.1854712687333077,0.2906466342436464,0.2347553009444957,0.917225001557124,0.705140564934228,1.317444369630878,0.9841040744390972,5.180880424667327,4.267621527086297,6.64815125678069,5.300334737819935,1.0826046159693217,0.9583313820157155,1.2103589532106651,1.084531504513676,0.297607421875,0.25152587890625,0.3592041015625,0.3029119873046875,0.0,0.0,0.0,0.0,0.4494473900086647,0.2347789002297703,0.7897207190538026,0.5021416264841405,0.7422861728463921,0.6204647107634113,0.9132058539731152,0.7534650167391884,0.0417691929133858,0.0365311269685039,0.0478069635826771,0.0416615403543307,1.7202796235930813,1.3219811106344028,2.3983856860887336,1.8078700790629707,12.23636463423628,4.940438764555934,23.421777439294804,13.36044416654965,0.3522066692027159,0.2721812560772272,0.4554934417546145,0.3575853088068652,2.612092618961925,2.288048916942611,3.1198386957928106,2.670856130997571,1.2499908703823503,1.249814260421415,1.2504652539549863,1.260234992512451,1.010020292428319,-0.1399502128328864,9.972425897805554,3233.319488106027
latentB_K5_z64_n2000_s0,dev,1,latentB,64.0,5.0,2000.0,0.0,True,huber,False,1005361,0.0033727933899839,0.0018151465577872,0.005955637186638,0.0036607313458043,0.0172704817441836,0.0102284799758323,0.0268935793022209,0.0179757145870672,0.2090947165997931,0.1294101506471633,0.2889322161674499,0.2085541684708573,0.0579161001546017,0.0427191415593342,0.0773496327586989,0.0591240034907715,0.5585052090565693,0.3117617463986052,1.166962569620729,1.1196521605928476,0.0717265737831617,0.0349044889697943,0.1329829730186768,0.0793044514533276,0.0218445640953321,0.0075959349102759,0.0421000150788292,0.0235896654740569,0.00567626953125,0.0003662109375,0.0130981445312499,0.0064553833007812,0.0,0.0,0.0,0.0,0.3816938640929315,0.0143712663378228,0.9676219078474296,0.4256373048519545,0.4543482180456036,0.325798891306451,0.8927070876389218,0.5646553383694437,0.0154250738188976,0.0100055364173228,0.0288139763779527,0.0177763594980314,0.5446485675636997,0.3899937780480654,1.2670676561825078,0.9399650514194968,44.148007841506406,16.97476699967519,66.5652930477898,43.50378580039501,0.7806598693962932,0.675503938112104,0.8181676838707204,0.7657835629242337,5.205998289580406,3.727195650600737,6.547517128879756,5.209639236958042,1.250005231145232,1.2498844773671345,1.2507609344334198,1.269469611652574,-0.8079082640237413,-0.8649657933483047,-0.4829705686849015,-0.6424496716186808
latentB_K5_z64_n2000_s0,dev,5,latentB,64.0,5.0,2000.0,0.0,True,huber,False,1005361,0.0165667080055636,0.0121996720774968,0.0210361167891965,0.0167326459467188,0.0418338202920026,0.0325431022345284,0.0506961339413983,0.0421989615147564,0.2894393278984353,0.2400172993540764,0.3729847624897957,0.2951706358809315,0.0661720132772953,0.0554381259871846,0.0786935601152695,0.0665952649000777,0.6006686890591477,0.4151925737791004,0.8870659393602227,0.6304532137675508,0.3933963382864659,0.2702800101913977,0.5140050743948446,0.3941197200856712,0.1132800734973976,0.0749802423885683,0.1566217634192744,0.1152673958083761,0.032501220703125,0.019744873046875,0.0454833984375,0.0323080444335937,0.0,0.0,0.0,0.0,0.1995997858153307,0.0274122943880935,0.500791883398836,0.215213483905155,0.3898105459560486,0.3381141725852384,0.7064328689168311,0.4700797837339495,0.0312192421259842,0.0264148622047244,0.0368356299212598,0.0315139025590551,0.5937833004697337,0.4693231530802697,0.7967054833309707,0.6157873719226047,18.958834087789885,8.276535455587515,34.74059097807903,20.98706510741603,0.735946747412297,0.6258612758922637,0.7894946718682126,0.7181055785921424,5.2124805730620185,3.3812540433905807,6.479423180648743,5.101842508302984,1.2499999976432157,1.2498831359292468,1.2540229853992797,1.270415951362274,-0.8096973387507992,-0.8699284228895047,-0.1882224954088447,-0.1655292757695365
latentB_K5_z64_n2000_s0,dev,10,latentB,64.0,5.0,2000.0,0.0,True,huber,False,1005361,0.0304037076203249,0.0247381384000244,0.0353889446522886,0.0301360968673761,0.0590733082702861,0.0501078110812807,0.0665624440987107,0.0587954587052317,0.3208630234003067,0.2744894125498831,0.4292888142168521,0.3387306600045849,0.0713864429844589,0.0618905855715584,0.0798124838991977,0.0709325408473121,0.6024705618106097,0.4445371205776453,0.770042380906977,0.6092862132068668,0.7595880689671687,0.5893814685617782,0.9296802765457304,0.7582509683852199,0.225190481683066,0.1678705975252251,0.2804151299988031,0.2246340534690086,0.0616455078125,0.0416748046875,0.079779052734375,0.06122802734375,0.0,0.0,0.0,0.0,0.1391125407490774,0.0312893002657732,0.298247487075709,0.1529017560734331,0.3885714571049064,0.3441203446614354,0.6148205363588689,0.4414614576254296,0.0414000984251968,0.0352946604330708,0.0471395177165354,0.0414036355807086,0.634151122222067,0.5051426085562057,0.7687713862401424,0.6403951920916221,14.92029840002974,5.892010238643628,26.847187984564044,15.789198728608556,0.709144127614772,0.6070395081803895,0.7737419769799443,0.6953868983920282,5.080290811892311,3.565680262631825,6.414825089398627,4.986874189742797,1.249994739270384,1.2497751955074996,1.2502018241196349,1.2562631908684805,-0.8116926345246676,-0.8802146198431677,-0.1047019157802737,76.62149070297248
latentB_K5_z64_n2000_s0,dev,20,latentB,64.0,5.0,2000.0,0.0,True,huber,False,1005361,0.054466182941104,0.0471598762930187,0.062948435829985,0.0549158412201281,0.0867098711573765,0.0753191128349667,0.0983928306883367,0.0870410233463506,0.4140685833990574,0.3374475359916687,0.5212876203469932,0.4221904770989931,0.0837613942911226,0.0748521550022352,0.0937269152010124,0.0842932158873766,0.5888406444148837,0.4621511056110122,0.716611151944166,0.5867864765886055,1.5010481498679953,1.213535838363888,1.7301281192814484,1.4844059088504091,0.4466115031552905,0.3662586300565452,0.5282391588728904,0.4466951176902816,0.112823486328125,0.08189697265625,0.136474609375,0.1114743041992187,0.0,0.0,0.0,0.0,0.1081952451112399,0.0371148537436834,0.2117573305949852,0.1164779134518152,0.4017886717369964,0.3530020796719437,0.5426090380095884,0.4270551643265681,0.0483975147637795,0.0430425688976377,0.0538355068897637,0.0483104699803149,0.7013939836034384,0.5922988247119843,0.8457063127273106,0.7063653891955375,11.816907625977253,5.0423647576740045,21.361655520305227,12.95444002525361,0.6368321352207977,0.5191284884418741,0.708409601352511,0.6191279147966605,5.1395882957603884,3.447512714960144,6.9876338414214265,5.327631396865738,1.2499960258597715,1.2497865353476474,1.2587517316862993,1.2476529358976864,-0.8066234330514349,-0.8923485001652468,-0.0437013946222706,478.0770153963557
latentB_K5_z64_n2000_s0,dev,50,latentB,64.0,5.0,2000.0,0.0,True,huber,False,1005361,0.1901061219425543,0.1503893807536767,0.27214085703236,0.2009684692486701,0.3389985108092783,0.2379843663243193,0.5861204214059139,0.3778030028802304,2.198008082807064,1.2740847116336227,4.015037188865244,2.5151083786100936,0.2022447741525209,0.1636387583233108,0.2899162244720533,0.2135624358112533,0.962519270783038,0.7128574750178152,1.418151900061848,1.0151517427298835,5.3376374453119855,4.37459958598195,6.782571257300497,5.467785360278181,1.1116152041942031,0.9547110988441592,1.2188865735595171,1.093524718750048,0.332733154296875,0.28800048828125,0.39122314453125,0.3373410034179687,0.0,0.0,0.0,0.0,0.2507110107519277,0.1125969093890105,0.6492578732374371,0.3398167135214793,0.6794632152894078,0.5478573346535123,0.9214463902206056,0.7109505657449239,0.0412001722440944,0.0356176181102362,0.0478315698818897,0.0415748031496062,1.6145670873066056,1.2528020694592898,2.320431423668548,1.689560290607644,13.021797163522166,5.121750346288743,23.211428353597167,13.713578986421714,0.3416093048417534,0.2677348673423196,0.4377855694505231,0.3487037551240098,2.873695643712688,2.4596814107874256,3.482528669227956,2.948793814772709,1.250005576894611,1.2498430082513188,1.253207871783056,1.2634849762490243,0.6985064020636526,-0.2906698163685112,17.062869164336043,2277.727776119004
latentA_K5_z64_n2000_s0,test_indist,1,latentA,64.0,5.0,2000.0,0.0,True,huber,False,1005361,0.0035239287103235,0.0020711279239723,0.0060700396562244,0.0037772659399318,0.0176614339416315,0.0111666170000806,0.0269715731512549,0.0185103506090687,0.2198832503054291,0.1425502302125096,0.2903798272018321,0.2141953580264862,0.0610253229097477,0.0480490403647296,0.0816661364700356,0.0634469474200995,0.6399169904989986,0.3768950331816911,2.416087094532433,1.3136603330828038,0.0825443954898105,0.0390704401870785,0.1377774428647784,0.0886158355883964,0.0225851723149266,0.0073836986326416,0.0428068144950721,0.0234379799722542,0.006683349609375,0.00096435546875,0.012158203125,0.0065261840820312,0.0,0.0,0.0,0.0,0.4181179972555539,0.007736422180606,0.9588337825684454,0.4385114041572109,0.4891425781372211,0.3100112515806125,0.9119943522634972,0.576332062130287,0.0182086614173228,0.0097287155511811,0.0379367618110236,0.0211558809055118,0.5763557572701484,0.4050327692246723,1.7481049095318255,1.062781488342891,45.53158011174824,23.12995148513189,70.77299467457584,45.302430615598986,0.7690982835813379,0.6714618047674208,0.8166044288223295,0.7545883587033427,5.862929763730573,4.587656531931104,7.098483051973718,5.847438946527919,1.2500006802695327,1.2498957639265935,1.2502986310399689,1.272544343722919,-0.8067311953726216,-0.8718580281594223,-0.3897855353824915,-0.614538606673003
latentA_K5_z64_n2000_s0,test_indist,5,latentA,64.0,5.0,2000.0,0.0,True,huber,False,1005361,0.0163910727802061,0.0121716074601489,0.0212444291650127,0.0166394128547746,0.0415524934788019,0.032847027953198,0.0516006091697505,0.0417885904052323,0.2852017879486084,0.2398473100038245,0.3389956802129745,0.2890730641852133,0.0657739525373281,0.0560844680587975,0.0769252937890599,0.0664343890786514,0.6792284643995841,0.4690802492568376,0.9644175095946724,0.7370313773493808,0.4219588020562629,0.3138920672988516,0.5445152239795289,0.4233099191369417,0.1161941484272974,0.0732166856678641,0.1498565380190817,0.1134662468135757,0.03192138671875,0.020721435546875,0.04278564453125,0.0318170166015625,0.0,0.0,0.0,0.0,0.1304505134342443,0.0144902864903824,0.4772338686104689,0.2116785912736142,0.3950406273280509,0.3333832599907039,0.7369608117821843,0.4763537882335478,0.0356176181102362,0.0282018946850393,0.0410433070866141,0.0352742064468503,0.6192437625210907,0.4604398167305522,0.8556270994213466,0.65407639981484,22.364587564955634,8.010279137664655,37.17346239712458,22.361043776151,0.7360070063370521,0.6208134276904278,0.7926046044189237,0.720885890020177,5.930252360766879,4.593763890288476,7.232355228152035,5.881387075574178,1.2500014525536995,1.2498814129537947,1.251048303104366,1.2580309278146518,-0.8155851199352795,-0.8764541392300789,-0.2369255474833385,254.4420799002893
latentA_K5_z64_n2000_s0,test_indist,10,latentA,64.0,5.0,2000.0,0.0,True,huber,False,1005361,0.0294173562155091,0.024707779978123,0.0361513189431577,0.0298828312208012,0.0587976923535913,0.0505499477244168,0.0683201269383509,0.0586851873168221,0.3201244287192821,0.2707787743653171,0.4132650236133486,0.3363610718269046,0.0702083219053581,0.0630574771484918,0.080901571863786,0.0709408713218452,0.671392524711465,0.526407324006792,0.883347797272934,0.6926747478491428,0.8303425270209075,0.6638149600069175,1.0049900828329263,0.8337589718973186,0.2249067511155231,0.1718731234301999,0.2844905387959079,0.2252573724484335,0.060333251953125,0.045941162109375,0.0783203125,0.0608203125,0.0,0.0,0.0,0.0,0.1227129827623106,0.0211943833063328,0.3026084323503558,0.1397026899775022,0.3907434568843744,0.3408689528056579,0.6274585242870305,0.444177602378233,0.0450910433070866,0.0390009842519685,0.0523099163385826,0.0453941621555118,0.6516242956029361,0.538862946615799,0.8375384110770075,0.6720301161050429,16.04692341340826,6.31436301396454,28.656971502870825,16.674284857522622,0.7072486833091173,0.6198788878360453,0.7700599725770612,0.7012181420905134,5.715770101786928,4.48956998356917,6.870991498955317,5.682313147880336,1.2499998137227917,1.249848071821822,1.25023922299819,1.2717684370192708,-0.8098626467282816,-0.8790683979550845,-0.1555213436000842,407.59233271763446
latentA_K5_z64_n2000_s0,test_indist,20,latentA,64.0,5.0,2000.0,0.0,True,huber,False,1005361,0.0506263808378536,0.0452335793234496,0.0574576020407745,0.0512225598212297,0.0821360862852797,0.0745111493871629,0.0912161558670344,0.0823167575642536,0.3891384303569793,0.3135474887676537,0.4952277973294258,0.3973803649844194,0.0791092558977152,0.0724354044840725,0.0873621607972961,0.0796255994188277,0.6650774604695614,0.5109095747250223,0.8140687442514768,0.6660105716835315,1.639874486627805,1.3315438424115658,1.8942602746401704,1.6283246705166263,0.447810302839404,0.3730616695120436,0.5285453760401604,0.4494446190270619,0.1209716796875,0.097314453125,0.14566650390625,0.1213836669921875,0.0,0.0,0.0,0.0,0.0917170692013286,0.0257167334371963,0.2047624979887857,0.1041885644697835,0.4012981277599085,0.358036304567525,0.5786817674509775,0.4347080965872741,0.0514579232283464,0.044718873031496,0.0580124261811023,0.0515592704232283,0.7545393545071839,0.6085304569169017,0.879744012824393,0.7481458502833865,12.007927025792508,5.285252247362467,22.06172626629274,13.192888177439151,0.6825954481415553,0.6126581424945738,0.7380248548882034,0.6771254226476384,5.63809572099207,4.6015637225290185,6.977811276147052,5.697710589399114,1.250008300164878,1.2498689725455503,1.2533043733875668,1.2816749446309046,-0.8084772811026648,-0.8850129316830643,0.1763993291022753,301.0961924134675
latentA_K5_z64_n2000_s0,test_indist,50,latentA,64.0,5.0,2000.0,0.0,True,huber,False,1005361,0.0958860234836668,0.0874913701357048,0.1039598981179125,0.0956266945864404,0.1320176243860052,0.1218041988550727,0.1445890573345423,0.1318935449820703,0.5248259231448174,0.4440250914543867,0.640432570129633,0.5338617294505821,0.1074732215581998,0.0993257342913118,0.1168304901686109,0.1074923677640183,0.6113542153080695,0.5253345810410597,0.7213219268973048,0.6214621558589485,3.809559754096351,3.3146635928184747,4.209105984130575,3.788008831970548,1.096040915431202,0.9808470715430008,1.2126753370836372,1.0914950593460804,0.280517578125,0.250390625,0.313311767578125,0.2810940551757812,0.0,0.0,0.0,0.0,0.0906700817073928,0.04213395601595,0.169854377323659,0.0990858525332842,0.4693804444243725,0.4267041989519597,0.57137914016682,0.4850234620399745,0.0502583661417322,0.0448449803149606,0.0555517962598425,0.0504007750984251,0.9766911974976966,0.8287044581619999,1.1475371276529995,0.9829234887489356,11.074827210750756,3.664882693553981,19.271336366316064,11.401710268120974,0.6163507976538367,0.5442966524705786,0.6781290759048803,0.6153952831516182,5.354833776954847,4.021200568915647,6.536241423259263,5.338323207783305,1.2499950333403935,1.249843831745201,1.2505173814562898,1.256321597896726,-0.8256657607435924,-0.8979366430033802,-0.0154954817565659,252.5893716603317
latentA_K5_z64_n2000_s0,test_ood_terrain,1,latentA,64.0,5.0,2000.0,0.0,True,huber,False,1005361,0.0034625202452838,0.0018876259811234,0.0058487370934225,0.0036780838747289,0.0174540153676989,0.0105703752284398,0.0265662833703997,0.0180697913414751,0.2092036623507738,0.1298706203699112,0.2864824518561363,0.2115047881331702,0.0649595714327114,0.043699278409937,0.0851579859224644,0.0650250170329412,0.5114996726488524,0.2076661698533814,3.909433275341041,7.933094398262468,0.0652417503925858,0.0364590254407958,0.1183270160979964,0.0718758304174543,0.0213673530244136,0.0026429307521714,0.0386437421842324,0.0208898627437778,0.006439208984375,0.00059814453125,0.01246337890625,0.00645751953125,0.0,0.0,0.0,0.0,0.3674586008459415,0.019894388689301,0.9633121715211976,0.4568765884587015,0.6197585575025637,0.296006666517323,0.8472553622575999,0.6039031487622649,0.023068405511811,0.0110082431102362,0.0429226131889763,0.0250655142716535,0.5451660395099958,0.3156426730829162,2.596206075582636,5.346097648582913,46.35822695966832,22.14878594245777,67.98188737870424,45.78827076426816,0.7595611357744532,0.6392550733680401,0.824932488297976,0.7369519651290473,5.524420356320373,4.364156386235784,6.553054667686332,5.495447167515066,1.2500230086402055,1.2498978511822905,1.2680155621238598,1.293921712549931,-0.8143024803567571,-0.8879869017208885,-0.0746967013311577,0.8860702639323333
latentA_K5_z64_n2000_s0,test_ood_terrain,5,latentA,64.0,5.0,2000.0,0.0,True,huber,False,1005361,0.0166793095107424,0.0127702897977203,0.0214578715640354,0.0167688978942616,0.042099556810579,0.0347604758278776,0.051508046713134,0.0422830489521493,0.2861691191792488,0.2366626851260662,0.3737235367298125,0.2954139976971783,0.0691001822758463,0.0589546546567845,0.0835453107146911,0.0702345113131949,0.6065606674899299,0.40710303525904,1.1076941856245353,0.7252854297632979,0.3692091995256579,0.2521652658497333,0.4718160380823866,0.3691945964665766,0.1008988914072274,0.0645528707492306,0.1445038019305699,0.1043959025527175,0.031829833984375,0.018829345703125,0.045794677734375,0.0323895263671875,0.0,0.0,0.0,0.0,0.1018177808095039,0.017922540292372,0.3863629556880716,0.167035341134286,0.436714212690921,0.3249876323944897,0.5686613259065584,0.4422716969014471,0.0330493356299212,0.0260796013779527,0.0410556102362204,0.0336069758858267,0.6070899352450008,0.4438978670876238,0.9452420852034774,0.6665074231740113,23.08985890434226,8.663883978959882,38.732094477549325,23.36310168676691,0.6904014013681037,0.5485415939344719,0.7711332582054649,0.6692556449806178,5.519578305457396,4.194541799014514,6.874394915291251,5.51639615307505,1.2499938374559267,1.2496628331035973,1.2502551026324409,1.2609179663756631,-0.8137722937227777,-0.8849655824453837,0.5531300100510966,593.9003739889926
latentA_K5_z64_n2000_s0,test_ood_terrain,10,latentA,64.0,5.0,2000.0,0.0,True,huber,False,1005361,0.0306125689789312,0.0251375087088428,0.0373874621478445,0.030708133961561,0.0592568610256746,0.0513316722712424,0.0692613324686543,0.059983481370762,0.3276280350983143,0.2739667575806379,0.4439973885193467,0.3452078060022904,0.0746451716831957,0.0643938669893127,0.0837469872730216,0.0742655586935754,0.5945392808704129,0.3949969571786988,0.8837845274848829,0.6322647665349191,0.7226577620891295,0.5432397506369904,0.8978810626781188,0.7219996974367332,0.2104527742021105,0.1544927828125744,0.2715315272934141,0.2116904561956676,0.063629150390625,0.042962646484375,0.0828857421875,0.0635101318359375,0.0,0.0,0.0,0.0,0.0754552135605641,0.0181071201366847,0.2458876470141346,0.1097735568538531,0.4064196588660368,0.3369706846827408,0.4963641663062509,0.4121770218422922,0.0429995078740157,0.0362296998031496,0.0504798228346456,0.0432975516732283,0.6138526327286967,0.4764863506789322,0.8232439390528307,0.6409508125794983,17.15997701895419,7.753071221452165,29.22718648093954,17.69011701876977,0.6558589307383502,0.5454259541407569,0.7469875559044383,0.6471223064046028,5.549649347883514,4.156075242371602,6.801056718242721,5.457199547344149,1.2499928831479346,1.2498389050561372,1.2537062721609535,1.2762167283491688,-0.8275103425084114,-0.894815853220271,0.3111688289258501,442.9743323565014
latentA_K5_z64_n2000_s0,test_ood_terrain,20,latentA,64.0,5.0,2000.0,0.0,True,huber,False,1005361,0.0512556564812711,0.0443739160236317,0.0587066479869311,0.0514562221110477,0.0823576544964761,0.0717403452713965,0.0913561482315602,0.0825524608365444,0.3913258835673332,0.3235720353201031,0.4784861024469137,0.396861039662399,0.081331819111991,0.0724605628231829,0.0893024419026298,0.0810148680632586,0.5892815966887164,0.4226449979041596,0.8104915921468163,0.6068474048785215,1.427519212633106,1.071791041666955,1.7000895951101067,1.4127569429359488,0.4154705140619219,0.3284551426967697,0.5230842969430728,0.4200349182872749,0.11993408203125,0.090435791015625,0.1542541503906249,0.1220037841796875,0.0,0.0,0.0,0.0,0.0709240901488477,0.0263257276842142,0.1539968334728727,0.0814034845918089,0.4086915439484243,0.3531741435055659,0.4680484853243593,0.4088401611677467,0.0504890501968503,0.0448019192913385,0.0584461122047244,0.0509885580708661,0.689450025065032,0.5387733507245206,0.8634094864873211,0.7001460896388089,12.907581813590614,5.842520079462625,25.13310616932453,14.153929932630891,0.6330207551691378,0.5265913885159539,0.7094797784139201,0.6261435371793548,5.45997116134209,4.263003001117792,6.726955183971175,5.423774149955744,1.249993138916163,1.249706214872899,1.2504756109261208,1.2491341831539404,-0.7929911336000339,-0.8971204976056653,1.6858767973030204,569.7858910175555
latentA_K5_z64_n2000_s0,test_ood_terrain,50,latentA,64.0,5.0,2000.0,0.0,True,huber,False,1005361,0.0943637206207508,0.083954240313598,0.1044547386551521,0.0940931602929671,0.1305402323334739,0.115951035703332,0.143619939249328,0.1296980395270865,0.5183507353067398,0.4247896078974008,0.6575553469359875,0.5332051812531426,0.1059742103996743,0.0953454579267402,0.1166894976081697,0.1060233212540771,0.5735309030799023,0.4184731580901639,0.6994995830439281,0.5699443045069478,3.4893418264141296,2.6285464545637303,3.964124909599095,3.403907383013289,1.028206383151494,0.9048355777821644,1.182800914879725,1.0415476426453067,0.27618408203125,0.225555419921875,0.32620849609375,0.277493896484375,0.0,0.0,0.0,0.0,0.073857809474127,0.0424617959119452,0.1306184422070759,0.0801309183178701,0.4652770755120551,0.4186597071145235,0.5093061941856423,0.4651973836818295,0.0504429133858267,0.0445343257874015,0.0569112942913385,0.0503892408956693,0.9193600498299732,0.7232463825483009,1.11855807512295,0.9230631390209662,11.889729108540571,4.148212893555395,22.550778113998817,13.086387689790548,0.5734003226187623,0.4850522339172237,0.659946422838349,0.5722442837464178,5.503125363901617,4.104975234374051,6.684836730447885,5.406709487400963,1.249987555644296,1.2497624491187147,1.2514886379847314,1.2488011165940809,-0.8383023002363239,-0.8976908370879908,0.2318949758693499,184.73753461602445
latentA_K5_z64_n2000_s0,test_ood_soil,1,latentA,64.0,5.0,2000.0,0.0,True,huber,False,1005361,0.0034330366926952,0.0019817111676791,0.0063937713407142,0.0037785287745379,0.018636955769829,0.0117934931960846,0.0294792474432321,0.0198979193615676,0.238040471507702,0.1552809566259384,0.3143399707973003,0.2371079747107069,0.0757176309683462,0.0576514159785128,0.0968444380527173,0.077115658419596,0.6593760839711864,0.3269165310038911,3.650282892822215,24.859622104083385,0.0798094134449829,0.0399957788354278,0.1364105356262719,0.0841589585727931,0.0198493896744708,0.0055263089385144,0.0410738951928314,0.0216553876191861,0.0,0.0,0.0031555175781249,0.0009793090820312,0.0,0.0,0.0,0.0,0.4437948655658206,0.0074707252554159,0.9820853528414776,0.4374191604366536,0.3661897222843088,0.2161107617857659,0.9276460222692616,0.529279679905543,0.0184854822834645,0.0110266978346456,0.0405388779527559,0.0226353346456692,0.5792410693872074,0.385244408163587,2.2758530138888298,16.42462625532992,48.37740474530952,22.354170212945224,68.29227644197448,46.45120804444765,0.7741715343969433,0.6424356992990725,0.8307671183032863,0.7468488235685597,5.822101828877884,4.522273471449441,7.123601863721096,5.821575733798738,1.2500068707379837,1.2499098320602602,1.2502381302196606,1.2542128959029244,-0.8023386692433846,-0.8740283798147277,-0.3713246997902568,5.032596083606626
latentA_K5_z64_n2000_s0,test_ood_soil,5,latentA,64.0,5.0,2000.0,0.0,True,huber,False,1005361,0.0172061165743658,0.0138021527533479,0.0220248274109497,0.0174515817770013,0.0456224713765005,0.0385684167845968,0.0549695115076815,0.0461371810714848,0.3090103408321738,0.2602358364732936,0.3846181400120258,0.3183453042696419,0.0825647820068155,0.0718525614678387,0.0957935080803604,0.083329270826181,0.6764002909998127,0.4262440792133178,0.9538191969776876,0.7118971672418805,0.4110705978143734,0.2855102770325867,0.528055680082407,0.4080978977033984,0.1135280685909801,0.0705081338730141,0.1508085406441289,0.111965008699151,0.0037841796875,0.0,0.0153442382812499,0.0061843872070312,0.0,0.0,0.0,0.0,0.1323168184497345,0.00768254375254,0.5658533232961142,0.2312338745902367,0.2886513137909166,0.2305488545460675,0.7320792576524604,0.4179839641175642,0.0352485236220472,0.0289124015748031,0.0421136811023622,0.0355667138287401,0.6013429908042739,0.4565408058822696,0.7953648947062021,0.6307899469864197,18.538530702964064,7.642371595555767,36.429308670979296,20.63971879646085,0.7487971693158326,0.6255584344160193,0.8012346497269827,0.7258116243745154,5.690203976554326,4.491542548811809,6.792864719051062,5.678730831315477,1.2500119817066329,1.249900029291368,1.2705537654966874,1.273914804572352,-0.812638228853529,-0.8761006217502755,-0.328153111965456,111.74663054274802
latentA_K5_z64_n2000_s0,test_ood_soil,10,latentA,64.0,5.0,2000.0,0.0,True,huber,False,1005361,0.0312790244746039,0.026416896203099,0.0372464011374371,0.0316083121937965,0.0642940556137866,0.0547322279010669,0.073353387472478,0.0643365600787461,0.3534747040830552,0.2970269529148936,0.4497417643666267,0.3624928279812593,0.0858169517812232,0.0757078822172795,0.0969921522702665,0.0867027464694069,0.6843934386425182,0.4779351165773426,0.9147173819340662,0.6837941293258396,0.8089712040737489,0.6232391458610692,0.9824924523838536,0.8093968442915062,0.2188457310724836,0.1671073262968172,0.2775545604413493,0.2214444997392265,0.012969970703125,0.00218505859375,0.029119873046875,0.0140176391601562,0.0,0.0,0.0,0.0,0.1092423313008459,0.0100340177331581,0.3479312679488592,0.1459180196538841,0.2837874666309937,0.2416925712088292,0.6241584715717127,0.3773814240153955,0.0494125246062992,0.0421905757874015,0.0560131643700787,0.0492239788385826,0.6323846301854856,0.4936293621080337,0.767892422449581,0.6379630780692956,14.340147037136322,5.343663195816801,26.046399648962,15.315430160201226,0.7221429979019454,0.6338816939589771,0.7811667485747601,0.7158811640734715,5.739929386624644,4.689739458887266,6.948814787838741,5.752322109533325,1.2500014280337814,1.2498934549915592,1.250213759172956,1.251839727630936,-0.8118444270719388,-0.8820286239100105,-0.2075942487446308,88.45708887880744
latentA_K5_z64_n2000_s0,test_ood_soil,20,latentA,64.0,5.0,2000.0,0.0,True,huber,False,1005361,0.0548617797703317,0.0481802167821467,0.0612893857350877,0.0547092276861521,0.0894656578461686,0.0817200445653658,0.1005040451979592,0.0904117824784684,0.4246011897921562,0.3608907178044319,0.5113023817539215,0.4334681900669238,0.0943966367416392,0.0858449595125199,0.1052080054728191,0.0951860678388224,0.6460277194506588,0.4841266346197877,0.8143812216713052,0.6529255502194614,1.5852538108199534,1.307032351515842,1.896771231668578,1.586915601608324,0.4430221046692528,0.3650225155418991,0.5202275061187442,0.4443904568975089,0.032257080078125,0.01268310546875,0.0545654296875,0.0327481079101562,0.0,0.0,0.0,0.0,0.0754288522428063,0.0136963640844555,0.201041760261501,0.096454040164043,0.2904868223506683,0.2561754188151843,0.5267320477892568,0.3529059824936464,0.0599624753937007,0.0525590551181102,0.0667876476377952,0.0599684731791338,0.6935707053635084,0.5646440130720746,0.8033118018220878,0.684986701645954,11.703818862767855,4.161579188292635,20.746108808936203,12.306741482881865,0.6978316571869904,0.6143690613097382,0.7565897518638278,0.6910795781857906,5.609022244753111,4.31434520734496,6.676006975312509,5.557774475985448,1.2500000054270444,1.2498715564563814,1.2502515769788742,1.2622456690983646,-0.8079209418624643,-0.8880139364045839,-0.2075091155586166,307.9436569788971
latentA_K5_z64_n2000_s0,test_ood_soil,50,latentA,64.0,5.0,2000.0,0.0,True,huber,False,1005361,0.101502589884392,0.094364600965512,0.110406226766127,0.1021777003328736,0.1417480438487489,0.1313932220299974,0.1534192321721378,0.142272494467255,0.5738135017454624,0.4882392376661301,0.7145671516656875,0.5896381813962944,0.119689950637944,0.1127130822388313,0.1288335370011709,0.1204044537646034,0.6000722904683167,0.4830903530034602,0.7080611563804897,0.6012763251313131,3.8292448413391895,3.255281481351909,4.219384141645494,3.760121602682745,1.110562001958804,0.9820759707270278,1.2292357936885374,1.1093453293969409,0.104461669921875,0.074639892578125,0.140093994140625,0.1061053466796875,0.0,0.0,0.0,0.0,0.0573408995797578,0.019877964529685,0.1358757148006839,0.0716197239698181,0.3270926085447114,0.2969276895799129,0.4640671928542231,0.3593917685766355,0.058470718503937,0.0526636318897637,0.063468873031496,0.0583001660925196,0.8634380525255142,0.7103162264235133,1.0062189467456262,0.8645368469168797,11.006253459663135,4.748694522060876,18.71861273525764,11.56007925475195,0.6321216886785901,0.5593371211759871,0.7017721273587009,0.6307875063848263,5.548661420674004,4.460848615360345,6.950243913461108,5.600613708991919,1.249992420272248,1.2498554879596488,1.2502758607369406,1.2525011748801482,-0.8399987071667196,-0.8995460346652859,0.2770200542703699,155.30985902538606
latentA_K5_z64_n2000_s0,test_ood_both,1,latentA,64.0,5.0,2000.0,0.0,True,huber,False,1005361,0.003565477442743,0.0017383557940926,0.0068307366441716,0.0039559105527933,0.019934905563232,0.0106968573685053,0.0317712469124171,0.0204998683967253,0.2418782487511634,0.1533285543322563,0.335051080584526,0.2427739280773676,0.0791177847927862,0.051018414905667,0.1097477511256537,0.0793528388359701,0.5560931813525606,0.2042742772841118,5.861471052664406,296.5416512003851,0.0701966493730015,0.033426638166653,0.1154439305771339,0.0705151859231428,0.0204644613948054,0.0018050370709681,0.0416533222468132,0.0205519567056456,0.0,0.0,0.0040527343749999,0.0013650512695312,0.0,0.0,0.0,0.0,0.3274459178875485,0.0118024316455316,0.9679660594620028,0.6142858379448056,0.5265549515604917,0.2151738953017517,0.7987113713952363,0.570154506629888,0.0216689222440944,0.0117710383858267,0.0448265255905511,0.0256886687992125,0.5307420775793352,0.301060671746608,3.973308356374337,161.28951959232106,46.87169220779092,23.56475963794793,69.55810467492756,46.90399657307728,0.7633735218189313,0.6011203559921161,0.8210520354072403,0.7288655875056245,5.503260758427546,4.301796299759881,6.602460476401703,5.443082568872146,1.2500108724059755,1.2498757335534123,1.2505467971663515,1.2556109351503777,-0.8162316724463794,-0.8970691139056906,0.4394096156088851,50.04215153153168
latentA_K5_z64_n2000_s0,test_ood_both,5,latentA,64.0,5.0,2000.0,0.0,True,huber,False,1005361,0.0173696839611648,0.0130415405846092,0.0220793092623988,0.0174634633874256,0.0470023716073229,0.0375353125844111,0.0565198333273793,0.0471064477783929,0.3317922092974186,0.2765488184988499,0.4228060983121395,0.339359508221969,0.0867765328655089,0.0738791317644702,0.1031538921293998,0.0879604845663837,0.6250636612464004,0.3597541300780287,1.0844487590400222,0.7204233327638033,0.351137154007796,0.2426067126568378,0.4854028631583743,0.3538079536144022,0.102175300249489,0.0620127580033893,0.1397973467990698,0.1004353728212894,0.004547119140625,0.000286865234375,0.019659423828125,0.0072134399414062,0.0,0.0,0.0,0.0,0.0888400999880194,0.0099082869018732,0.4173574701674611,0.1593331146410923,0.3420123715273744,0.2318374649424581,0.500267231205455,0.3569839974342343,0.0343257874015748,0.0263841043307086,0.0416861466535433,0.0344700418307086,0.5950998625410282,0.4186435981364736,0.8830447774331998,0.6452109418990674,24.54804758406716,8.604076231760448,42.635080511167,25.03168749721618,0.6740316028792859,0.5145179468487484,0.7764487782722846,0.6581287195492727,5.454679088967954,4.16617825809279,6.673352635912635,5.43296636999748,1.2499942679252896,1.249676633863711,1.2516613153160048,1.257739657386812,-0.8028606476850522,-0.8876121968161863,5.920082678447866,742.7932745179194
latentA_K5_z64_n2000_s0,test_ood_both,10,latentA,64.0,5.0,2000.0,0.0,True,huber,False,1005361,0.0314651894871116,0.0259730738206656,0.0372888556480084,0.0318915581305672,0.0652113773015242,0.0568351343847712,0.0753342343523203,0.0657373244005807,0.3695605546236038,0.3076188848353922,0.4740664601325988,0.3809117445501033,0.0891009129532393,0.0797700498910466,0.1040677569302614,0.0907229783916738,0.629109866381473,0.4097183977089855,0.9323820702729833,0.6540867764494993,0.7002489851001702,0.5114663019233195,0.9026897708114222,0.707056034749163,0.2031365261881519,0.1463365636823937,0.253245817933636,0.202969351822928,0.011474609375,0.002679443359375,0.032861328125,0.0154556274414062,0.0,0.0,0.0,0.0,0.0535189098125007,0.0122504412221203,0.2355583053200284,0.094551035103286,0.317383266655611,0.239932307678131,0.4092052531863641,0.320990357444429,0.0475209153543307,0.0389025590551181,0.0542199803149606,0.0470175627460629,0.6113701884942162,0.4417085859640754,0.8353625133754152,0.6299421527920751,15.99478825388112,5.688330482131412,29.70855590299182,17.129403755363395,0.6617315662134996,0.508814522222118,0.755871902258898,0.6430302801130452,5.429458352095466,4.349627060605483,6.604193948264268,5.454922324434832,1.2499928367875677,1.24972794484327,1.2502285086119476,1.2697885564936484,-0.8148812837918648,-0.8990512720816783,2.870882064907069,617.5787190566299
latentA_K5_z64_n2000_s0,test_ood_both,20,latentA,64.0,5.0,2000.0,0.0,True,huber,False,1005361,0.0547646373634571,0.0474148832202382,0.0635687647458649,0.0553126731518579,0.0906167200084183,0.0815681308329371,0.1035453458390019,0.091770952995481,0.4313554470427334,0.3583771377801895,0.5651198029518127,0.4472343139065197,0.0976480744889125,0.0879871060665751,0.1093688349827931,0.097905364412899,0.6079585421728424,0.3757826006553136,0.8224304376615794,0.6079645438648649,1.421946922019397,1.0585017974291333,1.73339704190002,1.408450652191315,0.420311699092146,0.3348320735125613,0.5081415400319403,0.4173470080982215,0.03192138671875,0.011859130859375,0.06263427734375,0.0352468872070312,0.0,0.0,0.0,0.0,0.0371249675916677,0.0144889415297703,0.1539494955596735,0.0635447857384703,0.301755930652158,0.2549843373709344,0.3610996977556721,0.3068053172334384,0.0562407726377952,0.0489234744094488,0.0643793061023622,0.0565275898129921,0.6510236162404759,0.4990784218775919,0.7939772305096267,0.6557604839648752,12.230828946626426,4.203737547382032,23.70561042489268,13.433562806233727,0.6432074050969206,0.5307602916436138,0.7296231239017661,0.6357339502267887,5.550656302533014,4.128526503834968,6.767219144826843,5.440531383723656,1.249990378814301,1.249807678730002,1.2505803679732432,1.2555312286182514,-0.8342188804002153,-0.901950323770252,1.757638827691423,226.80898610907096
latentA_K5_z64_n2000_s0,test_ood_both,50,latentA,64.0,5.0,2000.0,0.0,True,huber,False,1005361,0.1003961493255688,0.0912010079814462,0.1112284504935236,0.1006789229942814,0.1401103612499424,0.127419837659937,0.1539344272904387,0.1402059860809383,0.5663370601832867,0.4839679703116417,0.6755967453122139,0.5772605470765848,0.1191970475764223,0.1095740710511264,0.1304056406520098,0.1197212368967048,0.5855420526966285,0.3883219706580023,0.7002155664748211,0.5679426600088857,3.450686678507937,2.5904318934731605,3.956326910164648,3.3761549455048283,1.039879687861482,0.8673013813749686,1.177894512124868,1.0383263038896045,0.10601806640625,0.07518310546875,0.16251220703125,0.1116427612304687,0.0,0.0,0.0,0.0,0.0397916154090625,0.0206584495853893,0.0945204634388035,0.0509617455079351,0.3325173611827753,0.2946122278080582,0.3642269241814161,0.3305529480230694,0.0568559301181102,0.0505321112204724,0.0635826771653543,0.0571355191929133,0.8335830711357082,0.6286907626930113,0.9798698692440364,0.8158850796173549,10.44306739733888,4.21210298350778,21.47226327023552,11.856334056779042,0.6026591264967687,0.500733347949413,0.6751238450778584,0.5925549548066035,5.204352178809598,3.980024545045276,6.520386145362975,5.241882102098609,1.2500093969271058,1.2498308210023774,1.2508207977989283,1.2573624860006452,-0.848963029952517,-0.9084613688148028,0.7947136272923945,237.7008835396069
latentA_K5_z64_n2000_s0,test_ood_policy,1,latentA,64.0,5.0,2000.0,0.0,True,huber,False,1005361,0.0034504597148311,0.0018240919277617,0.0061999925748431,0.0037208843163006,0.0171536980184579,0.0106518830693368,0.027747081139741,0.0183351213973504,0.2173546254634857,0.1412785381951835,0.2982790775291505,0.2187164828676077,0.0612461455394456,0.0448818067134585,0.080903991483538,0.0620639795652525,0.5671351068419141,0.3523292866553147,1.42879432040024,5.455819362318958,0.0775593119455225,0.0376338724532782,0.134916680508684,0.0811695005574598,0.02110746592398,0.0064405436262123,0.0418943340042562,0.022968823242018,0.00616455078125,0.0,0.0115966796875,0.0059011840820312,0.0,0.0,0.0,0.0,0.3804086651920064,0.0065052031267784,0.9657321737239464,0.4259010653452923,0.4113179348181163,0.2992347416443327,0.9083647645733972,0.547076586290834,0.0201156496062992,0.0112327755905511,0.0435316190944881,0.0243168676181102,0.5140154084821079,0.3835435087273472,1.1152038540647071,3.5200594844262656,45.479608485970985,17.58906272470277,66.17511571530864,44.132067813938185,0.771302922210759,0.6843863564302931,0.8129695517377211,0.7553925828018107,5.780980997081135,4.717465789532719,7.245000560314524,5.823095719986898,1.250012142449013,1.2498967710844382,1.2501970030020315,1.2606055599040866,-0.826312997481633,-0.8815956400682091,-0.6009764424545769,0.1028833512047788
latentA_K5_z64_n2000_s0,test_ood_policy,5,latentA,64.0,5.0,2000.0,0.0,True,huber,False,1005361,0.0161382649974917,0.0121352726230182,0.0206889885924582,0.016197343015208,0.0409852948910886,0.0327946304080527,0.050590799384514,0.0413839560003906,0.2924312693648971,0.2422258846345357,0.3437960270792246,0.2939044305870448,0.0652836665903781,0.054445848909852,0.0775263622204059,0.0664595472622079,0.6455799817462893,0.4263013303005374,0.9435204640706422,0.6778876600255443,0.3913829792131543,0.2711003176550838,0.5128035429546833,0.388628816619346,0.1098967584389116,0.0719777747427219,0.1435255137305355,0.1085580779879448,0.02899169921875,0.015777587890625,0.041400146484375,0.0286932373046875,0.0,0.0,0.0,0.0,0.1154191855748369,0.0157085293564727,0.4962590558157568,0.2086732522667751,0.371226871222825,0.3120227784926592,0.6973044421007516,0.4548275088151164,0.0350639763779527,0.0285187007874015,0.0427565206692913,0.0358081631397637,0.6137498616045407,0.4471148345259642,0.7880978874764877,0.62533892809861,21.17939652984193,8.513994416344794,37.81664617223095,22.131339166832685,0.7230096312759493,0.5837413940393976,0.7768827019902579,0.6992223002480918,5.636293476284751,4.147631073751541,6.991011302214937,5.551957266347351,1.249995634516766,1.2498060369190842,1.2502947076085342,1.2736967456720958,-0.807076484932998,-0.8844822739926432,-0.0621437236136572,3.7938008495343216
latentA_K5_z64_n2000_s0,test_ood_policy,10,latentA,64.0,5.0,2000.0,0.0,True,huber,False,1005361,0.0294399558396827,0.0235576764058775,0.0357012406111015,0.0295602366091393,0.0584331529979593,0.0484296328354264,0.0673694393764877,0.0582223886831058,0.3215652942890301,0.2730818828102201,0.3935139559209347,0.327849686940608,0.0703843732841813,0.0616178800660359,0.0802555416554886,0.0705310365205095,0.6471030720849342,0.4606432718868164,0.8415415630584049,0.6501898704983589,0.7660522742846111,0.6151830427301954,0.9598903291694496,0.7731374151117865,0.2181917027708172,0.1591508028371648,0.27435567471707,0.2187431154912909,0.056915283203125,0.04071044921875,0.07451171875,0.0575753784179687,0.0,0.0,0.0,0.0,0.0913578176030002,0.0201526636254098,0.3123237905309512,0.1411011757383524,0.3720511054123167,0.3272846379616903,0.6039412359371269,0.4258583445581597,0.0459830216535433,0.0394900344488189,0.0526144192913385,0.0458955155019685,0.6464588644368503,0.5033558294758546,0.8038250168056774,0.645777294880646,15.475716266284255,6.251657862084765,26.9058262376416,16.138788400215606,0.6994347320750034,0.5977177815105572,0.766362851234488,0.6864764592528203,5.597868390160979,4.432521836746721,7.0217287298480375,5.680236584269583,1.2500016946062034,1.2498487993332512,1.2510752473806714,1.2681920626312682,-0.8214083606820957,-0.8877007715918931,-0.3261541875918732,96.12646687867796
latentA_K5_z64_n2000_s0,test_ood_policy,20,latentA,64.0,5.0,2000.0,0.0,True,huber,False,1005361,0.0498547001012297,0.0433360016231145,0.0579577323090221,0.0501623157312233,0.0806634473855554,0.071443935116091,0.0918190945194035,0.0810594294579812,0.3834563568234443,0.3186860673129558,0.4891208112239837,0.3975646453045192,0.0781658634540742,0.0707356669798758,0.0884132192899176,0.0788525865577288,0.6256800016886612,0.4734997113991477,0.7688896914034525,0.6292153290062781,1.5130706031252434,1.2330099325178456,1.7782585389674377,1.5134954130881646,0.4315302132142306,0.3583595310337108,0.5163502766908299,0.4343786913727339,0.112579345703125,0.088433837890625,0.138409423828125,0.1129171752929687,0.0,0.0,0.0,0.0,0.0774177958369504,0.0252473145279487,0.1963429875525594,0.1004259263865166,0.3878826870418647,0.345033324251333,0.5399607986251238,0.4180824969362545,0.052242249015748,0.0447127214566929,0.0590612696850393,0.0520166400098425,0.7304404519092551,0.581457948718815,0.8510552112327666,0.7221809387836043,11.066161488992607,5.022110881216618,21.35469386849209,12.57739408693294,0.6699213138870544,0.5907497725644997,0.730331965635084,0.6633591284339607,5.665043276051973,4.200405204458444,7.025245700829139,5.61873912249829,1.24999799979807,1.249829169149674,1.2506027689563883,1.2690949419445725,-0.8226993171913362,-0.8893271225186311,0.0686008310198596,10.06299221747484
latentA_K5_z64_n2000_s0,test_ood_policy,50,latentA,64.0,5.0,2000.0,0.0,True,huber,False,1005361,0.0932705285777192,0.0851389126511716,0.1018184737986356,0.0933630091090699,0.1286778019520462,0.1171442902689438,0.1384640372316441,0.1282706067928306,0.5013737492263317,0.440647829324007,0.5910752609372139,0.5143651835876517,0.1048977082510531,0.0957555384028214,0.1141856218191024,0.1051671320583874,0.5790724246414105,0.4682998943848644,0.6869126300844642,0.5762416004485021,3.5471563916303914,3.049978673908844,4.008188902467708,3.569572092449505,1.0826046159693217,0.9583313820157155,1.2103589532106651,1.084531504513676,0.263336181640625,0.233758544921875,0.296051025390625,0.26514892578125,0.0,0.0,0.0,0.0,0.0902478957950252,0.0371470029994435,0.1520423651882431,0.0923124230524414,0.4517410364550378,0.4133288575395805,0.5422362126081461,0.4662785227033763,0.0511195866141732,0.0462906003937007,0.0568836122047244,0.0514116326279527,0.929560023719516,0.7698737995467618,1.1038474975072703,0.9337081568339498,10.419454724131182,4.718067795574872,19.44326486955165,11.2815290088916,0.6224755887768272,0.5432426947429101,0.6810907246329647,0.61414921994399,5.289476896091033,3.747187073451647,6.53297374406219,5.209130100570235,1.2499908703823503,1.249814260421415,1.2504652539549863,1.260234992512451,-0.8271686421755803,-0.8951367748545086,0.1344333878649179,265.068220759281
latentA_K5_z64_n2000_s0,dev,1,latentA,64.0,5.0,2000.0,0.0,True,huber,False,1005361,0.0033406688468256,0.0019624612741232,0.0061158097357713,0.003711850442141,0.0173544252162915,0.0110188318714036,0.0270872219895954,0.0182078754929013,0.2061494931695051,0.1317000361392274,0.2885545223951339,0.2095282533563119,0.0571633308880967,0.0447061318834647,0.0795689827456165,0.0601728136354339,0.6314971799607613,0.309772084516111,1.7077148248700866,1.2736519956543488,0.0797748491593162,0.0413723578052162,0.1315922013955715,0.0852114341841401,0.0218445640953321,0.0075959349102759,0.0421000150788292,0.0235896654740569,0.00628662109375,0.00133056640625,0.01240234375,0.0066122436523437,0.0,0.0,0.0,0.0,0.3723193649202753,0.0127131817122802,0.9671262803334834,0.4225939726766738,0.4420951866112155,0.3203944298078786,0.8981871963965887,0.5615258526795567,0.0198849655511811,0.0120878444881889,0.0401943897637795,0.0230990095964566,0.5646940477851122,0.4014180389613598,1.5418486457837488,0.9814448530589438,46.00592974876424,18.27397086163823,65.91104115923444,43.71508869396615,0.779353842660998,0.6595507028440768,0.8180698556611116,0.7601580472516997,5.861619266563734,4.420144101651082,7.227083177570515,5.83645493905859,1.250005231145232,1.2498844773671345,1.2507609344334198,1.269469611652574,-0.8112904264327481,-0.8703506716125092,-0.4476065430504994,-0.6735523695638856
latentA_K5_z64_n2000_s0,dev,5,latentA,64.0,5.0,2000.0,0.0,True,huber,False,1005361,0.0165953488978085,0.0128631786274155,0.0213311558928757,0.0168650403027033,0.0423167240945612,0.033344380034932,0.050870102622102,0.042568447517321,0.2878111470490694,0.2400365859270095,0.3551652759313583,0.2945274200895801,0.0659437252338427,0.0575983349400522,0.0783640117063855,0.067197202282594,0.6589863782859007,0.4634437170762266,1.0257051861996294,0.7084788283845345,0.4302260713003262,0.3083748527328644,0.5274681267933148,0.4251434048602091,0.1132800734973976,0.0749802423885683,0.1566217634192744,0.1152673958083761,0.031494140625,0.020703125,0.0445556640625,0.0320361328125,0.0,0.0,0.0,0.0,0.1669310940706098,0.0195866818506406,0.5005141431763293,0.2084003475258778,0.3786660299154119,0.3254679050330004,0.7128715854838868,0.4655629299919938,0.0351716289370078,0.0293676181102362,0.0415877214566929,0.0354164616141732,0.6043569010734078,0.4739927665354517,0.831330605466345,0.6373912550944467,19.830077016572822,7.879884685664138,35.294253982657885,21.1036263744008,0.7335494111670675,0.6084721188307421,0.7888040023578742,0.7126634393879954,5.892277095872747,4.511908827119846,6.977088762070682,5.828249318679839,1.2499999976432157,1.2498831359292468,1.2540229853992797,1.270415951362274,-0.8150360228311926,-0.8804066112125625,-0.2121036545977224,-0.2246197127068926
latentA_K5_z64_n2000_s0,dev,10,latentA,64.0,5.0,2000.0,0.0,True,huber,False,1005361,0.0302303434035331,0.0249494423957253,0.0346489363408798,0.0299829415725943,0.0592667234999788,0.0509722020039203,0.0667220155902042,0.0588986834391793,0.3215262889279984,0.2726646509021521,0.4247553206980228,0.3367282562312902,0.0709041291956357,0.0624636118306823,0.0796987482494292,0.070776674438646,0.6647991716445025,0.4780006497541011,0.8696574723212426,0.6809588473961804,0.825443048820049,0.6421199882504725,0.9759780823126072,0.8181261030274143,0.225190481683066,0.1678705975252251,0.2804151299988031,0.2246340534690086,0.060333251953125,0.04530029296875,0.078125,0.0614999389648437,0.0,0.0,0.0,0.0,0.1144321752520743,0.0226923930007178,0.2946417345854655,0.144429908409175,0.3851791640852833,0.3361105343815428,0.6177641079132302,0.4379435511403819,0.046259842519685,0.0398191437007874,0.0527436023622047,0.0462224717027559,0.653898681989191,0.522259982264694,0.7954632677181408,0.660170027403869,14.919484251603684,5.493463048086477,27.22860643828443,15.91960935176799,0.7131115529444265,0.5956179446149764,0.7732357563695258,0.6972717424171256,5.657230989228462,4.444917902296051,6.961963423391108,5.616893598953367,1.249994739270384,1.2497751955074996,1.2502018241196349,1.2562631908684805,-0.8185438928613673,-0.8823987631373484,-0.0461930290539007,50.95755388568964
latentA_K5_z64_n2000_s0,dev,20,latentA,64.0,5.0,2000.0,0.0,True,huber,False,1005361,0.051090136006362,0.0450495166101562,0.0585605516906769,0.051563387930594,0.082800246969373,0.0735206589886607,0.0921286130606237,0.0827420800911725,0.3921301104128361,0.3192186563275754,0.4688302215188741,0.3978372133173979,0.0796913291213038,0.0714164556130691,0.0875241066147502,0.0798252352880918,0.6564520519096937,0.5246800906586269,0.7842631074052857,0.6555495004510771,1.612983694281277,1.3188113461447155,1.863844583180059,1.6054734725592068,0.4466115031552905,0.3662586300565452,0.5282391588728904,0.4466951176902816,0.12359619140625,0.10067138671875,0.14443359375,0.1222921752929687,0.0,0.0,0.0,0.0,0.0872210410756574,0.0283723344813442,0.19796522126753,0.1038713928497129,0.3971531641490601,0.3561193639285791,0.5517980555767303,0.4310728734306119,0.051627091535433,0.0459491879921259,0.0579047736220472,0.0518059485728346,0.7292551496706383,0.6104248873447197,0.8715379676359989,0.7348412305754326,12.573159582140931,4.495405157032738,22.860791141482327,13.116951409744456,0.6778334729101123,0.5885632475137595,0.7380135629419278,0.6700839113621467,5.67159598653889,4.219180147410033,6.897267039540898,5.582806994070606,1.2499960258597715,1.2497865353476474,1.2587517316862993,1.2476529358976864,-0.8119618408768909,-0.8866741195336622,0.1767899666205809,339.4786257746706
latentA_K5_z64_n2000_s0,dev,50,latentA,64.0,5.0,2000.0,0.0,True,huber,False,1005361,0.0958294769181369,0.0877635184714264,0.1047671690160133,0.0959007356144031,0.1321892275534481,0.1199476437623953,0.1450241426395756,0.1323317716258978,0.5306472429074347,0.4433161502704024,0.646355000231415,0.5414294045910356,0.108067515294864,0.0995562454192915,0.1176783895537879,0.1079757819417437,0.6202361823933182,0.511065790027671,0.724966105213821,0.6193197099494412,3.842854563065458,3.275404618528766,4.241649029829553,3.787472441897364,1.1116152041942031,0.9547110988441592,1.2188865735595171,1.093524718750048,0.28326416015625,0.245770263671875,0.3158935546875,0.2819229125976562,0.0,0.0,0.0,0.0,0.0920842889033993,0.0435151765169655,0.1619015831901705,0.0980976262373053,0.467003641520388,0.4244177043840731,0.5620520651593066,0.4795859187096145,0.0502737450787401,0.0445466289370078,0.0555948572834645,0.0502171505905511,0.9907543838845606,0.8122816877110869,1.1492180096099136,0.9887197936341192,11.55079200339692,3.813978667454046,21.64355533077132,12.141968939984483,0.6062479830303501,0.5348240970187824,0.6731666573674269,0.6062647311815194,5.4719335073161925,4.22024794032422,6.870174142229717,5.481733184231382,1.250005576894611,1.2498430082513188,1.253207871783056,1.2634849762490243,-0.8263106149702678,-0.899140685010434,0.8998158812522099,389.57047045234185
unet_K5_n2000_s0,test_indist,1,unet,64.0,5.0,2000.0,0.0,True,huber,False,1008558,0.0015379805734178,0.0009185963923143,0.0026910813456467,0.0016601539854814,0.0068825559444858,0.0040326879788224,0.0122534114638925,0.007572876763858,0.1041625733487308,0.0625498265027999,0.177207938581705,0.1130608367633249,0.0219307330007723,0.0147024187423032,0.0349503934823419,0.023360397798232,0.0874024485606242,-0.0709096446985318,0.3679336463817398,0.2880660029665023,0.0313941240628719,0.0091960669615956,0.0548226803518129,0.0318066093060499,0.0225851723149266,0.0073836986326416,0.0428068144950721,0.0234379799722542,0.00823974609375,0.0018310546875,0.020294189453125,0.0103515625,0.0,0.0,0.0,0.0,0.5368652855961222,0.023307274523383,0.9581188704665712,0.507881099634975,0.6532176443828347,0.4413742256005222,0.9235697890802198,0.673895574664432,0.0760180856299212,0.0426058070866141,0.1080062746062992,0.076214936023622,1.006709222019046,0.8584654572675114,1.398877372253378,1.2535887229697986,3.8240143224863226,1.2363938803319214,12.782588977307224,6.704304718156496,0.9649938440770298,0.8979563690965108,0.986112372870852,0.9476670563002526,1.3673520226067328,1.1460808383157512,1.6817985429371194,1.4087870758459922,1.2500006802695327,1.2498957639265935,1.2502986310399689,1.272544343722919,-0.0370275568935833,-0.2116287116606514,0.3936531074040276,0.1421437354677666
unet_K5_n2000_s0,test_indist,5,unet,64.0,5.0,2000.0,0.0,True,huber,False,1008558,0.0068820583357592,0.0052308553126761,0.0090014999261027,0.0070387067795773,0.0178130152118131,0.0133770708962781,0.0229365591321402,0.0179435418109133,0.1704225651919841,0.1218131398782134,0.226185112632811,0.173448073331383,0.0252246584315583,0.0204483246142446,0.0311177750228871,0.0255423988601751,0.0937301510750203,0.0253122951304812,0.1792234328622933,0.0974769557648953,0.1561816468329499,0.1014248312388772,0.2033347478815911,0.1548642346478413,0.1161941484272974,0.0732166856678641,0.1498565380190817,0.1134662468135757,0.041748046875,0.02420654296875,0.065106201171875,0.0427877807617187,0.0,0.0,0.0,0.0,0.2398779552024105,0.05543344035328,0.5370387135999961,0.2845027581898968,0.5477765998628774,0.4664238014534281,0.7592989093066597,0.5861101428812938,0.09642593503937,0.0734405757874015,0.1175012303149606,0.0956443774606299,0.9718382330418897,0.8810830966115666,1.0888743696890644,0.9815049171498332,3.0491996166757014,1.206317521580836,7.87908014472729,4.004881058178571,0.9535232161980068,0.9277559849988992,0.9727068362604512,0.9502956784963204,1.3496328731409344,1.1768226025094652,1.631853536312433,1.3929308659743855,1.2500014525536995,1.2498814129537947,1.251048303104366,1.2580309278146518,-0.0209092102470929,-0.2192601542014197,0.6473062957366303,332.82370188352144
unet_K5_n2000_s0,test_indist,10,unet,64.0,5.0,2000.0,0.0,True,huber,False,1008558,0.0122368283467906,0.0101206369120637,0.0147079918684048,0.0124181909269089,0.0244814610006469,0.0206637033956803,0.0292483093244903,0.0248489930126323,0.1854219539090991,0.1488021913915872,0.2373111202381551,0.1928620898144436,0.0270859373218929,0.022995672924329,0.0318604427975328,0.0272309720283773,0.0925650657070285,0.0403120545756032,0.1600092366696126,0.095874958147938,0.308728531509442,0.2346489660618854,0.3850377228811296,0.3089616609083073,0.2249067511155231,0.1718731234301999,0.2844905387959079,0.2252573724484335,0.073486328125,0.051263427734375,0.104327392578125,0.0762936401367187,0.0,0.0,0.0,0.0,0.2265668931641895,0.0774733440211103,0.4086684888935731,0.2331353307566521,0.5441330164028102,0.4874080481823047,0.6792302328192822,0.5653591160188925,0.1012549212598425,0.0819112942913385,0.1178364911417322,0.100886903297244,0.9694374780851942,0.8928452440578948,1.059890755587571,0.9736649957229128,3.018918810030303,1.1298659735711036,6.525032444546925,3.5125774510199803,0.951511359311343,0.9279262427568924,0.968700327635398,0.9485222855416828,1.363004421414244,1.0733179311348324,1.6802478910583336,1.3809276930520225,1.2499998137227917,1.249848071821822,1.25023922299819,1.2717684370192708,-0.0007291288620241,-0.271798903335378,1.389008655244171,1044.0938949219565
unet_K5_n2000_s0,test_indist,20,unet,64.0,5.0,2000.0,0.0,True,huber,False,1008558,0.0205400260384724,0.0182215663487522,0.0236907373347964,0.0207873085662035,0.0333479079708587,0.0294669862937261,0.0389010807566702,0.0341191889857058,0.2129199504852295,0.1714223518967628,0.2625043906271457,0.2161529834255634,0.0305181368486074,0.0268206374196862,0.0348118180837977,0.0306227867081048,0.0995030854140419,0.0571475707978334,0.1425051539171829,0.099772736642036,0.6208800569925553,0.5177312505853396,0.7456939243682756,0.6252122687170226,0.447810302839404,0.3730616695120436,0.5285453760401604,0.4494446190270619,0.12054443359375,0.09412841796875,0.156640625,0.1247454833984375,0.0,0.0,0.0,0.0,0.2197206436883306,0.1151899946753836,0.3696494486433092,0.2352795382178898,0.5495091441192881,0.506455086731968,0.629123510844475,0.5582596277997637,0.1016701525590551,0.0875922736220472,0.1131551427165354,0.1013152066929133,0.961012919912194,0.9093703195581256,1.0277131679654583,0.967481125021074,2.984751421116056,1.143619636079678,5.741165578734772,3.3315413182536604,0.9446645373055376,0.9244772582758566,0.9613509019652884,0.9437304702544176,1.3786194115124863,1.1894902269750085,1.836587502719852,1.4542069994824232,1.250008300164878,1.2498689725455503,1.2533043733875668,1.2816749446309046,-0.0065310184621036,-0.3394523366448539,1.7985473607983773,538.6426111160175
unet_K5_n2000_s0,test_indist,50,unet,64.0,5.0,2000.0,0.0,True,huber,False,1008558,0.0346167970824136,0.0307324364398903,0.0392860055118976,0.0349510325380164,0.0486642510131039,0.0426470747640313,0.0554048188852882,0.0488628933976124,0.2441565680783242,0.1955308757722377,0.3104770498350263,0.2498692848585778,0.0376862663127342,0.0336497917908035,0.0430526314389735,0.038193350806125,0.1015366231816204,0.0758921742925426,0.1355335745283292,0.104478164516217,1.5527662288804551,1.3712596170481404,1.70808770624397,1.5436724730855025,1.096040915431202,0.9808470715430008,1.2126753370836372,1.0914950593460804,0.211700439453125,0.17706298828125,0.248773193359375,0.2136087036132812,0.0,0.0,0.0,0.0,0.3164089107193875,0.2362590989591804,0.4803209969749587,0.3397721870422964,0.6138937018204784,0.5771502333011063,0.6693187961715297,0.6185150369029515,0.0864603838582677,0.0773345226377952,0.0955185777559055,0.0863960999015747,0.9761571197141464,0.9234475496265792,1.0205494945868303,0.9752128703005633,3.663576479432347,1.3729769307174189,7.140036893033825,4.04550881648882,0.9381406718905816,0.913741526800479,0.9577947732147878,0.936219241690127,1.3585350555351992,1.1722079638737333,1.6925947965749606,1.405143080099991,1.2499950333403935,1.249843831745201,1.2505173814562898,1.256321597896726,0.0072627783858854,-0.3123010223190566,1.9835771557774464,411.0870117014496
unet_K5_n2000_s0,test_ood_terrain,1,unet,64.0,5.0,2000.0,0.0,True,huber,False,1008558,0.0018445945387093,0.001124309076587,0.0031921687906104,0.0021269095247323,0.0084682255431519,0.004652834791262,0.0142273231322496,0.009358479841333,0.1185771524906158,0.0689007787033915,0.201393149793148,0.1322442810703069,0.0266367708481973,0.0167628074772613,0.0494203806397328,0.0303899664417657,0.0981458379472677,-0.1267350152806274,0.7617155441038502,0.3602796280615718,0.0307183197431004,0.0054933435739112,0.0580531811187938,0.0311819561209164,0.0213673530244136,0.0026429307521714,0.0386437421842324,0.0208898627437778,0.00860595703125,0.002008056640625,0.0220458984374999,0.0106341552734375,0.0,0.0,0.0,0.0,0.438998517524609,0.0540687809438818,0.9617575315960216,0.6390610168793687,0.7169070675321243,0.4864998425159931,0.9777007276124317,0.8008789837049182,0.0734651820866141,0.0481453001968503,0.1047582431102362,0.0750456754429133,1.038245578498216,0.8129134550877177,2.593396701326004,5.28433818039531,4.120486402752425,1.2491847016670454,18.269728598526864,7.436285228847383,0.945749793853028,0.7593728104917563,0.9813404880338878,0.9032699562256492,1.3930835245503108,1.100538945163081,1.7919516523018613,1.4301741110846835,1.2500230086402055,1.2498978511822905,1.2680155621238598,1.293921712549931,-0.0056188465816658,-0.2877126241456885,1.6219461540939846,4.650512753498908
unet_K5_n2000_s0,test_ood_terrain,5,unet,64.0,5.0,2000.0,0.0,True,huber,False,1008558,0.0083484860247088,0.0059657608491094,0.0132130845878051,0.0090992503160492,0.0207945789579425,0.0153492742576319,0.0320605340505863,0.0219592699979671,0.1904743164777755,0.1279730968177318,0.2910452842712401,0.2063559491944033,0.029182445891624,0.0227181099838366,0.0450849323247217,0.0320710816809974,0.105396816012432,0.0223388015396005,0.3085581299376094,0.1419535330390732,0.1558349401765213,0.0977249094400613,0.2179348147363417,0.1550234240077384,0.1008988914072274,0.0645528707492306,0.1445038019305699,0.1043959025527175,0.046295166015625,0.026220703125,0.0753662109375,0.04850341796875,0.0,0.0,0.0,0.0,0.2250432013073225,0.070702254919554,0.4755223196556825,0.250447469442955,0.6119253383347218,0.5232044069001142,0.773232198605882,0.6357623440514983,0.0836921751968503,0.0606545275590551,0.1079970472440944,0.0842453555610236,1.0298947315035027,0.8853053581555876,1.3763051789022114,1.0917203222465068,4.634310597103631,1.524306695753627,16.368347554910414,7.05481340492197,0.937091972803319,0.8032511228542413,0.9680545886477544,0.9054593045348064,1.3497966776413917,1.120649971820869,1.7048243906200582,1.4295688604727013,1.2499938374559267,1.2496628331035973,1.2502551026324409,1.2609179663756631,0.0996183913746724,-0.218713689172943,3.1181612545037334,1719.048863239482
unet_K5_n2000_s0,test_ood_terrain,10,unet,64.0,5.0,2000.0,0.0,True,huber,False,1008558,0.0148852916795855,0.0110121376181406,0.0221641616859268,0.0160578359382985,0.0287909828822546,0.0217851011606573,0.0421133258855686,0.0308688509072257,0.2136462405323982,0.1584080327302217,0.3797394007444382,0.2431649044813821,0.0323611691535119,0.0249102987474076,0.0442821970294481,0.0336939600765804,0.1122452052670244,0.0424724413322011,0.2364469004593102,0.1250803044796063,0.3153772617994855,0.2301909861871245,0.3976243339033772,0.3105622003587652,0.2104527742021105,0.1544927828125744,0.2715315272934141,0.2116904561956676,0.086029052734375,0.05875244140625,0.125616455078125,0.0905337524414062,0.0,0.0,0.0,0.0,0.1912555968322347,0.0802768741889166,0.3308863337308017,0.2041477996931324,0.5760336482500173,0.5177040211660534,0.7387821248969271,0.6101921421818414,0.0903666338582677,0.0678949311023622,0.1145084891732283,0.0902889702263779,0.995194087387938,0.9005477151625126,1.1932906933018037,1.0292898179221266,4.627259265193786,1.6589334618377043,11.290167955421914,5.66974522318926,0.92345380920306,0.8224596785947063,0.9618935364253354,0.90561196609257,1.389995622261349,1.1561989179635366,1.8674620761130127,1.4618146543798902,1.2499928831479346,1.2498389050561372,1.2537062721609535,1.2762167283491688,-0.0256352554565619,-0.3424992061036832,2.6879037019708534,947.4067401600882
unet_K5_n2000_s0,test_ood_terrain,20,unet,64.0,5.0,2000.0,0.0,True,huber,False,1008558,0.0245531702211572,0.0189804031607217,0.0357269511795967,0.0258272755641068,0.039333391482882,0.030867982238041,0.0563605149534933,0.0413786862622068,0.2380086490884423,0.1851129978895187,0.4340192377567291,0.2846458568767411,0.0356642563176441,0.0275043801087632,0.0482437299279422,0.0366171243646969,0.1025442758886464,0.0561472714741033,0.2146446400833851,0.1191647860764773,0.6107425262074822,0.4718089968191326,0.7455785735278606,0.6109518283300032,0.4154705140619219,0.3284551426967697,0.5230842969430728,0.4200349182872749,0.14215087890625,0.107659912109375,0.20751953125,0.15009033203125,0.0,0.0,0.0,0.0,0.1925184138504956,0.1237524214759075,0.3063753391703261,0.2071811419750576,0.5759503670313462,0.5333198778098549,0.7268606679074313,0.6133485401534906,0.089597687007874,0.0699157234251968,0.1073172982283464,0.0894732714074803,0.9909207033494932,0.9125177988813444,1.1129423588312712,1.007720494991503,3.657865104332768,1.5130143192669003,9.510364394742568,4.642759963670805,0.9226450765240508,0.8136126978134115,0.957779246117958,0.9019131966868956,1.388441636108214,1.0934728355817702,1.7819259550368622,1.4495718402921385,1.249993138916163,1.249706214872899,1.2504756109261208,1.2491341831539404,0.1298279816140065,-0.2886336947746769,6.292881959403249,1335.495507303283
unet_K5_n2000_s0,test_ood_terrain,50,unet,64.0,5.0,2000.0,0.0,True,huber,False,1008558,0.0393976931232099,0.0324340887352026,0.0524270525494755,0.0413408351222003,0.0549030901676941,0.0454210942174831,0.0725609499846984,0.0572658835124723,0.2957533542066812,0.2108057697303593,0.531803148984909,0.3406981481009279,0.0430689034341556,0.0357226831935665,0.0546574592754266,0.0444128184603641,0.1138021460705708,0.066508565420167,0.1941929691224521,0.1201832502582634,1.543272533420068,1.2892094978324495,1.787071939773907,1.5344454294231866,1.028206383151494,0.9048355777821644,1.182800914879725,1.0415476426453067,0.2352294921875,0.19171142578125,0.331524658203125,0.2496261596679687,0.0,0.0,0.0,0.0,0.2987728556095893,0.2273397835328343,0.4052603798262729,0.3082828133656878,0.6418470926100278,0.5915483092235299,0.850099783975263,0.6896695098007595,0.0799089566929133,0.0659079724409448,0.0910433070866141,0.079234436515748,1.010691752022137,0.9454030036276988,1.0993160838607905,1.015818046437378,4.36648553818196,1.5015111411417574,9.44336024705076,4.979360390567307,0.9177672239198126,0.8327987589583344,0.9513440882302086,0.9042388854390884,1.361382873105229,1.0747478113038025,1.807564422680161,1.4560785143919737,1.249987555644296,1.2497624491187147,1.2514886379847314,1.2488011165940809,0.0263923718820951,-0.3823383653163694,2.830079199262543,791.4159072879866
unet_K5_n2000_s0,test_ood_soil,1,unet,64.0,5.0,2000.0,0.0,True,huber,False,1008558,0.0020995682671414,0.0011992408714012,0.0034256721400176,0.0022420305021921,0.0102158560288335,0.0053648812280897,0.016066551438241,0.0103741144919848,0.1429350227117538,0.0896402806043625,0.2059251144528389,0.1469811695459066,0.0359184471592295,0.0254567073999786,0.0554152698678255,0.0378592577514684,0.0857802563273703,-0.0828533595345312,0.3816058860968001,-7.962954526128747,0.0282589836115262,0.004923529487898,0.0548133491233638,0.030153845643638,0.0198493896744708,0.0055263089385144,0.0410738951928314,0.0216553876191861,0.0,0.0,0.001953125,0.0005319213867187,0.0,0.0,0.0,0.0,0.4663051882060871,0.0184867825597743,0.9618038023014152,0.4654845908419443,0.5117231975210249,0.3156224264323816,0.9231189489473276,0.5969388582453132,0.0792322834645669,0.0464474655511811,0.1121801181102362,0.080183624507874,1.0400437703474168,0.8377422323430918,1.5805399848585824,10.081267197887325,4.235195821082463,1.2690809380475043,12.612910879604184,7.218469337234308,0.9447111938214554,0.8221341967106855,0.9763319970236792,0.9098234186811696,1.3578293880833134,1.1421524713040363,1.678821429608642,1.383234705845805,1.2500068707379837,1.2499098320602602,1.2502381302196606,1.2542128959029244,-0.0137189639064976,-0.2257837820697928,0.6107415984074143,14.15557533281078
unet_K5_n2000_s0,test_ood_soil,5,unet,64.0,5.0,2000.0,0.0,True,huber,False,1008558,0.0098764352379619,0.0074491931459205,0.0128964210989182,0.0100170905695697,0.0248712219323501,0.0194958145225591,0.0311049136392728,0.0249189839851073,0.2066668225452304,0.1610127598047256,0.2417065367102623,0.2033815460122423,0.0412409234004685,0.0347098807592811,0.0515198039699204,0.042101454199436,0.0886242694439405,0.0286930002749942,0.1797476981960842,0.1019221731507334,0.1556006555484237,0.1029765120161778,0.1969536845295417,0.1543015335455065,0.1135280685909801,0.0705081338730141,0.1508085406441289,0.111965008699151,0.00146484375,0.0,0.006170654296875,0.0024435424804687,0.0,0.0,0.0,0.0,0.1918195500139359,0.0291775380256352,0.5715102067782485,0.2546811514453185,0.4020594523629192,0.3312260176629777,0.720864287891037,0.4847064690939743,0.0983483021653543,0.068054872047244,0.1173412893700787,0.0952303764763779,0.9435413967763158,0.8503043260104013,1.0828508048445826,0.9630027665568256,3.945614172561728,1.3635667113607284,8.272883296825759,4.443024921126479,0.935588659673934,0.875186889820602,0.9597712433504164,0.9235686954032104,1.371468605466548,1.210529259241991,1.73348763195571,1.4625830082495932,1.2500119817066329,1.249900029291368,1.2705537654966874,1.273914804572352,-0.0434509085485541,-0.3048396832092963,0.5578614672686838,286.0776274497648
unet_K5_n2000_s0,test_ood_soil,10,unet,64.0,5.0,2000.0,0.0,True,huber,False,1008558,0.0178518138230282,0.0141333352107133,0.0217631787092696,0.017997121228794,0.034757811657299,0.0287595763650071,0.0406861767733032,0.0348540833135922,0.223257370875217,0.1876796509837731,0.2704636093229055,0.2278023934806697,0.0435849673338845,0.0375946040052629,0.0514970561649273,0.0442498443975262,0.0940959495829176,0.0404959100627503,0.1607516308573227,0.0989862452094055,0.3055507268710778,0.2277705545860354,0.3779943886963461,0.3056621735563808,0.2188457310724836,0.1671073262968172,0.2775545604413493,0.2214444997392265,0.00372314453125,0.00047607421875,0.0097900390624999,0.0046340942382812,0.0,0.0,0.0,0.0,0.15767236550597,0.0381155939492914,0.3634405690575238,0.1799090513815959,0.3958912956574694,0.3381035946858007,0.6095042962495986,0.4453128923540402,0.1001476377952756,0.081662155511811,0.116326279527559,0.0990320497047244,0.9280012784912026,0.8577274956858899,1.0295381244925053,0.9409593941679424,3.322907806160276,1.3036615230126765,7.35792874602221,3.871733978198768,0.9295470001763836,0.8836503557611902,0.9522987517783392,0.9214864530417078,1.3745704418456968,1.1293863476157495,1.6982170724964123,1.4191635807728171,1.2500014280337814,1.2498934549915592,1.250213759172956,1.251839727630936,-0.0193102361064212,-0.2882235511709093,1.2008940709699063,138.59335247481275
unet_K5_n2000_s0,test_ood_soil,20,unet,64.0,5.0,2000.0,0.0,True,huber,False,1008558,0.0299656537742665,0.0255680575776985,0.0351742248231083,0.0303698071312131,0.0476203449366384,0.0419673753682162,0.0542933930671826,0.0480003778301653,0.2431427845731377,0.2172310860827565,0.3075571291148662,0.2541916930328443,0.0483043810562249,0.0426647295188495,0.0549326197981269,0.0485557591630001,0.0980480406077883,0.050460494083584,0.1387534388542868,0.0972925257033359,0.6173230553718027,0.5038203598980786,0.7253563976305732,0.6134284668931128,0.4430221046692528,0.3650225155418991,0.5202275061187442,0.4443904568975089,0.007293701171875,0.00225830078125,0.0148620605468749,0.0081594848632812,0.0,0.0,0.0,0.0,0.1346284606311947,0.0588491585691823,0.2574315609069222,0.1492414163312531,0.396269091214338,0.3595810388887496,0.524307704322675,0.423759045247559,0.0997170275590551,0.0873123769685039,0.1111743356299212,0.0995035679133858,0.9037425375582736,0.8422037919750252,1.0083842893361477,0.915030659366765,3.2373322708675825,1.4291455519544076,6.721686472239044,3.905025080334588,0.921714907377902,0.8830331515283211,0.9424789365064452,0.9171782586551176,1.3869299309145342,1.170026341618051,1.810171520985388,1.434918988878976,1.2500000054270444,1.2498715564563814,1.2502515769788742,1.2622456690983646,-0.025728389317372,-0.3159698479286026,1.3123527902449326,798.0219691988846
unet_K5_n2000_s0,test_ood_soil,50,unet,64.0,5.0,2000.0,0.0,True,huber,False,1008558,0.0524712615612721,0.0468242624563369,0.0581114094797956,0.0525826056493876,0.0703686413223937,0.0630500361624112,0.0783002463598832,0.0707787925892724,0.3055309578776359,0.2514135979115963,0.3839640706777573,0.3135432930156821,0.0592198730538934,0.0535697469074931,0.0659052774010958,0.0594904103422648,0.1006262582707678,0.068664327452365,0.1312781674894424,0.1010750076644218,1.5584441882561944,1.372999044284082,1.7394811439431754,1.5535082555677564,1.110562001958804,0.9820759707270278,1.2292357936885374,1.1093453293969409,0.016357421875,0.009027099609375,0.02650146484375,0.0168423461914062,0.0,0.0,0.0,0.0,0.1628669451871827,0.1114506563115891,0.2475686969186496,0.1718276767742499,0.4230821486731503,0.3997810010922851,0.4842682516840347,0.4344274257075406,0.0862758366141732,0.0787063238188976,0.0941129429133858,0.08644546628937,0.883682485173062,0.8061215624197174,0.962777881958837,0.8843337460258027,4.350797374888738,1.7307998823357786,8.357372135138007,4.822554149373115,0.9048998200076952,0.8680435594997833,0.931718619226252,0.9013442130681448,1.3561464755545187,1.176359954141338,1.7517671847842409,1.4281736372032972,1.249992420272248,1.2498554879596488,1.2502758607369406,1.2525011748801482,0.0334900366111873,-0.2549799939473143,2.7727346301869704,240.51065796624243
unet_K5_n2000_s0,test_ood_both,1,unet,64.0,5.0,2000.0,0.0,True,huber,False,1008558,0.0027119602770719,0.0014677077068738,0.0065506025232288,0.0033671505005731,0.0125443147685586,0.0070190368450413,0.0263174225520509,0.0146101693979455,0.1835459601134061,0.1130856439471244,0.3321155846118926,0.2078276037005707,0.0427080198058438,0.0275337331849337,0.0810426893325506,0.0490285026796244,0.1262035845584446,-0.0736442154333683,1.837276861104736,234.81251517686448,0.0336893071120653,0.0088247754833773,0.0606633273320468,0.0353563383509046,0.0204644613948054,0.0018050370709681,0.0416533222468132,0.0205519567056456,0.0008544921875,0.0,0.0081604003906249,0.0032559204101562,0.0,0.0,0.0,0.0,0.386224894529619,0.0296492782248638,0.9670855867556936,1.0804937004187232,0.6874206317106839,0.4087973474830827,0.9975121614926836,0.8557841872064392,0.0670829232283464,0.0397268700787401,0.1007320374015748,0.0684776390255905,1.0147218236313218,0.7627649065318766,3.973208536715352,128.60645421503878,5.439704706117355,1.537743215146065,29.07087046518772,10.253134926827355,0.9028596100876604,0.5515526601464367,0.9659591599003312,0.818822162892166,1.4323610002745313,1.126991441831198,2.122382207024622,1.5895676410286694,1.2500108724059755,1.2498757335534123,1.2505467971663515,1.2556109351503777,-0.0354060785303215,-0.3349876409082229,2.5843464626420274,40.75116247352462
unet_K5_n2000_s0,test_ood_both,5,unet,64.0,5.0,2000.0,0.0,True,huber,False,1008558,0.0116312988240081,0.0081867718143594,0.0238945273893561,0.0139930076303028,0.0287699082451219,0.0209854690867098,0.0574349845670499,0.0345643641646088,0.2460715528577566,0.1800302585586905,0.6813148498535155,0.3382559381332248,0.0471408506275985,0.0365265413338412,0.0814922387679507,0.0534482408377872,0.1339697547517574,0.0139734626220614,0.4738619002374003,0.1859711271101097,0.1563864259787079,0.0978997447271267,0.2173357975490253,0.1581503878200308,0.102175300249489,0.0620127580033893,0.1397973467990698,0.1004353728212894,0.00543212890625,0.00048828125,0.0369567871093749,0.0121871948242187,0.0,0.0,0.0,0.0,0.1658116210495318,0.039837878179545,0.4463896595422212,0.2118816537815327,0.5204578974164055,0.4246826563415877,0.8509070718838875,0.5833663171974185,0.0777866633858267,0.046751968503937,0.1065268208661417,0.078484405757874,0.9973837364344916,0.8510509607033165,1.556357661394417,1.12289481062832,7.125948413601286,2.493636197310315,23.08009829255631,10.308517057800508,0.8950391257353998,0.4685242014225089,0.9552737417262048,0.8008048766088913,1.3609735993044985,1.0640691038387051,1.9536586730397163,1.4812859382678694,1.2499942679252896,1.249676633863711,1.2516613153160048,1.257739657386812,0.0230009755579856,-0.3144385297101829,24.53368863390381,2053.615508215742
unet_K5_n2000_s0,test_ood_both,10,unet,64.0,5.0,2000.0,0.0,True,huber,False,1008558,0.0212319458929596,0.0157087231552953,0.0389963545366482,0.0243113050531289,0.0394351887130576,0.031831506892665,0.0771218351360922,0.0472288545251859,0.2697955444455147,0.2016859911382198,0.7687727987766265,0.3929583346145227,0.0494866045235017,0.0395569400908813,0.0778067762748217,0.0549836683966135,0.1184070738310229,0.0290678163785977,0.3141175507009536,0.1560468086349413,0.3035663853581992,0.2188690611432176,0.4117876841262514,0.3131672435583434,0.2031365261881519,0.1463365636823937,0.253245817933636,0.202969351822928,0.0096435546875,0.001885986328125,0.057269287109375,0.020208740234375,0.0,0.0,0.0,0.0,0.1176225067115743,0.0509802001618017,0.2560674188575783,0.143230216760848,0.4659293059108494,0.397652286930041,0.7897317989696795,0.5404398209590601,0.0827079232283464,0.0549673966535433,0.1105284202755905,0.0827894315944881,0.9860435384983964,0.8527010558902647,1.3740210510628652,1.053438798463374,5.674524183215726,2.0611820638272147,21.289971578971496,9.130206380776082,0.8876595858854086,0.5241872617409181,0.9428868581338996,0.8052952799420174,1.380577380182548,1.0379133052144176,1.9930270079970065,1.4716461465507598,1.2499928367875677,1.24972794484327,1.2502285086119476,1.2697885564936484,0.0248443787213749,-0.3755521434827929,15.870502668274554,2304.30638446727
unet_K5_n2000_s0,test_ood_both,20,unet,64.0,5.0,2000.0,0.0,True,huber,False,1008558,0.034449610268695,0.0278360963935939,0.0637381906259044,0.0404744136562535,0.0541098476509518,0.0440206755420506,0.1025592514798202,0.0647519213261299,0.294244397431612,0.2288897776976227,0.9337544351816176,0.4632568487979006,0.0535197461318581,0.044500896874814,0.0846317815572679,0.0599746167578207,0.1127940090590207,0.0511790684181047,0.2238362728771224,0.130666443082743,0.625335637260896,0.4496273289916281,0.7737960832236359,0.6238550850175638,0.420311699092146,0.3348320735125613,0.5081415400319403,0.4173470080982215,0.015045166015625,0.004888916015625,0.08524169921875,0.0331655883789062,0.0,0.0,0.0,0.0,0.1133543388488816,0.0667350298001348,0.2052761866216685,0.1253456707906037,0.4404657124680091,0.3915670524288481,0.7543284575810092,0.5228489410962476,0.0868909940944882,0.0574126476377952,0.1072926919291338,0.0833841350885826,0.9500892610806206,0.8587647308539188,1.217563863526097,0.9921585787040568,5.395978911334524,1.8301949773093475,19.149018031716004,8.260511445622072,0.8919818469323815,0.5417084657079726,0.9366615365838228,0.8077931524350797,1.362531197836062,1.0646007391083694,1.8864456114067207,1.4526406076578189,1.249990378814301,1.249807678730002,1.2505803679732432,1.2555312286182514,0.0242136322495394,-0.3571615739285391,6.045881330591282,628.9185039579015
unet_K5_n2000_s0,test_ood_both,50,unet,64.0,5.0,2000.0,0.0,True,huber,False,1008558,0.0576037261603088,0.0481344313243404,0.1037972929886914,0.0671782382883863,0.0779145840328714,0.0645231479254732,0.1503632250829833,0.0925921563494705,0.3830560334026813,0.2649668969213962,1.1644708693027492,0.571402849527658,0.0652344459832572,0.0548091563897467,0.1042144666527673,0.0726932400931899,0.11204843149537,0.0614156080186805,0.1981589348774803,0.1173453968746771,1.5470799015277068,1.24819476886687,1.7525964567111467,1.5154662668569672,1.039879687861482,0.8673013813749686,1.177894512124868,1.0383263038896045,0.0335693359375,0.012066650390625,0.125537109375,0.0560699462890625,0.0,0.0,0.0,0.0,0.149711986314232,0.1158409469864345,0.2041907699909965,0.1548264535096226,0.4636620106953518,0.4122204134158192,0.8434639944998559,0.5596756697388878,0.0791246309055118,0.0554872047244094,0.0919168307086614,0.0759588767224409,0.9095971061318602,0.8256799726015992,1.171196383010825,0.9567396616727308,6.623821632573318,1.9775029232824453,21.826117594348567,10.150422164175284,0.8707231798126229,0.5900873766967467,0.9273456794337696,0.8077011582860314,1.3688600910527162,1.099364274461315,1.8822571851270653,1.4750594038082,1.2500093969271058,1.2498308210023774,1.2508207977989283,1.2573624860006452,-0.0338585790435173,-0.4273752324754523,5.436238802765877,560.6276762580679
unet_K5_n2000_s0,test_ood_policy,1,unet,64.0,5.0,2000.0,0.0,True,huber,False,1008558,0.0018182708924157,0.0010360613879428,0.0031155902251851,0.0019940772604078,0.0085659096567268,0.0047792553100014,0.0146318003689425,0.0092500130772093,0.1262198009062558,0.0700411979109048,0.1935918726027011,0.130635015102971,0.0288212608430117,0.0186911543061982,0.0423036660617304,0.0302997390277941,0.0603692458377106,-0.1041980716644137,0.2508463791962146,-0.2358153336822491,0.0255822903181872,0.0082411467859125,0.0549652603894756,0.0287163747418619,0.02110746592398,0.0064405436262123,0.0418943340042562,0.022968823242018,0.005950927734375,0.0006103515625,0.0152770996093749,0.0074993896484375,0.0,0.0,0.0,0.0,0.4682852597679584,0.023907605451507,0.955859495941308,0.4661799266288129,0.5550874505871124,0.3975369863752063,0.9157193273492708,0.6363430375347034,0.0833384596456693,0.0468288631889763,0.1185439222440944,0.082927842027559,0.9022378021232688,0.7076272949053379,1.2625388449824662,2.1841296457872867,5.245401487925018,1.484818291905326,14.885430295059251,7.333579289551279,0.95109188027911,0.8612996283067232,0.9827562417732536,0.9322698261333152,1.3660144074242475,1.1512820936193136,1.6578812424573173,1.39923578409487,1.250012142449013,1.2498967710844382,1.2501970030020315,1.2606055599040866,-0.1382541025620385,-0.3551074463551465,0.2486987372593837,1.4543854207245268
unet_K5_n2000_s0,test_ood_policy,5,unet,64.0,5.0,2000.0,0.0,True,huber,False,1008558,0.0075749317028764,0.0057995333505034,0.0102272734058927,0.0078781846570608,0.0194973377009097,0.0146742062246302,0.0256101889751714,0.0199551919684562,0.1771434624679386,0.1318531937897205,0.2419969036243855,0.1795144368858928,0.0303781173983647,0.0240164722228516,0.0382502403044246,0.0308232896933951,0.0649601155223068,-0.0195442072465169,0.1504442220485547,0.0672481568130951,0.1416176195589833,0.0821455453170838,0.1852701744148345,0.1364671518667953,0.1098967584389116,0.0719777747427219,0.1435255137305355,0.1085580779879448,0.03265380859375,0.017694091796875,0.0546020507812499,0.0343179321289062,0.0,0.0,0.0,0.0,0.2264160580097809,0.046850356750528,0.5354278273643922,0.2737765758720569,0.5197690974907814,0.4412808458389725,0.726860833080782,0.558037713284394,0.0985789862204724,0.075144562007874,0.1195250984251968,0.0975973486712598,0.891513135002358,0.7998757655590832,1.0001424575055702,0.8946255068752451,4.399947941311167,1.4076363383366404,8.594966292167248,4.84444608374027,0.9423272557344744,0.9029305297509568,0.9649543286228136,0.9348036690145162,1.3571318206516083,1.1294201711174705,1.7040721061622104,1.4257047767120037,1.249995634516766,1.2498060369190842,1.2502947076085342,1.2736967456720958,-0.0884219537609282,-0.3440648722729853,1.1944784003623747,6.201960060679928
unet_K5_n2000_s0,test_ood_policy,10,unet,64.0,5.0,2000.0,0.0,True,huber,False,1008558,0.0139420347280832,0.0111679629175048,0.0175804420963046,0.0141798514955775,0.0272962872431612,0.0223253824576522,0.0340456782379354,0.0279738149374527,0.1923668810632079,0.1566392772831022,0.2492910325527191,0.2023277515156951,0.0319633959387908,0.026653733279314,0.0385738695306426,0.032490343194271,0.0646688222252045,0.0099483958946829,0.1308744165032973,0.0676856732798133,0.2756008518550684,0.1966533105808714,0.3522636886483712,0.2751596712519153,0.2181917027708172,0.1591508028371648,0.27435567471707,0.2187431154912909,0.06060791015625,0.039483642578125,0.0947387695312499,0.0642523193359375,0.0,0.0,0.0,0.0,0.20897723929442,0.0801805743321008,0.4016581193492173,0.2222509487606909,0.5088267090829572,0.4578108619975329,0.6489619341644348,0.5373497275576073,0.1017470472440944,0.0832830954724409,0.1166892224409448,0.101267685777559,0.8824490163928753,0.8122973298194855,0.9769964006918004,0.8909225057397908,3.607835804287492,1.2596483886468786,7.026507670064529,3.997268622489119,0.9373493275073596,0.8981988700137885,0.958673644160552,0.9323703868087312,1.3651536699904665,1.1641862125361784,1.7493375597516454,1.443548881804901,1.2500016946062034,1.2498487993332512,1.2510752473806714,1.2681920626312682,-0.1189149670540928,-0.3834216717797112,0.5326796132862525,371.1312198377441
unet_K5_n2000_s0,test_ood_policy,20,unet,64.0,5.0,2000.0,0.0,True,huber,False,1008558,0.0227536605043775,0.0195825952040248,0.0268341853330649,0.023103806652241,0.0375972530702665,0.031980402937611,0.04385129880327,0.0375935893332302,0.2264187156688422,0.1773375529795885,0.2970920560881495,0.2321010395787743,0.0347196648881079,0.0301348092458595,0.0406145230455133,0.0351341107388098,0.072042975193544,0.0243540646214619,0.1187966982775278,0.0726649312815982,0.5626860798700819,0.4538983356684994,0.6717616792323655,0.5571418312927097,0.4315302132142306,0.3583595310337108,0.5163502766908299,0.4343786913727339,0.106903076171875,0.0792236328125,0.154180908203125,0.1110134887695312,0.0,0.0,0.0,0.0,0.2142245245993787,0.1185556290974492,0.3455945256936032,0.2253957192593038,0.5280237362337699,0.4835741321236018,0.6029079966577761,0.5388542169993311,0.0997016486220472,0.0867648868110236,0.1117587352362204,0.099834061269685,0.8954133062155274,0.8347379158569413,0.9661446688187346,0.8977309905094526,3.254754742584154,1.1459113489778856,6.623769829931255,3.6233017717530975,0.930536329172622,0.902769416230688,0.9503068218251052,0.9278034376529612,1.372112084779123,1.1467658895744266,2.0093581573353267,1.4991397450255717,1.24999799979807,1.249829169149674,1.2506027689563883,1.2690949419445725,-0.097500979748044,-0.4323025269899354,1.2272350227232152,10.32658287283848
unet_K5_n2000_s0,test_ood_policy,50,unet,64.0,5.0,2000.0,0.0,True,huber,False,1008558,0.0376368637235443,0.0325054510308746,0.0420899557635887,0.0374513107048856,0.0517782006314664,0.0454860047678392,0.0580271182461995,0.0517601449408846,0.2516435431316495,0.2099154051044024,0.3180817920714617,0.2607066840305924,0.0414829367649142,0.0362541945867774,0.0463214794390186,0.0413402014339792,0.0737347366375871,0.0384362573741647,0.1085291386161994,0.0731918071134313,1.3957004480821165,1.233438129416022,1.578511751264556,1.398519005190964,1.0826046159693217,0.9583313820157155,1.2103589532106651,1.084531504513676,0.199371337890625,0.1675537109375,0.2401733398437499,0.1997494506835937,0.0,0.0,0.0,0.0,0.3027859966421072,0.2083798899452278,0.4397748471046804,0.317573042948987,0.5981068748107714,0.5646281330958326,0.6566194087554849,0.6046670109463017,0.0851685531496063,0.0752921998031496,0.0947127214566929,0.0851753198818897,0.9195833303020308,0.8582174143511193,0.9731899489809288,0.919603745565066,3.817363659433644,1.7262886519037302,7.335427908474048,4.275784128393837,0.9282017764484978,0.9017189662666076,0.947964841282776,0.9255448772533568,1.374025686277805,1.127091281365948,1.91950187841772,1.4576115071655646,1.2499908703823503,1.249814260421415,1.2504652539549863,1.260234992512451,-0.0419501972381701,-0.3704121946110987,2.333150976717521,296.0252334489181
unet_K5_n2000_s0,dev,1,unet,64.0,5.0,2000.0,0.0,True,huber,False,1008558,0.0015938359359977,0.000991887511106,0.0025899254568575,0.0017107508147999,0.0074908470981132,0.0041177683141551,0.0121826312801695,0.0080444140729232,0.1150344014167785,0.0667385321110487,0.1868963335175067,0.1213673589759855,0.0234049361110602,0.0152725422044624,0.0334308952664151,0.0241927480570964,0.0927962324913732,-0.0288606343276787,0.281267324939767,0.1575783735812572,0.0329394188666157,0.0099719604181912,0.0550749841333464,0.0327985660402514,0.0218445640953321,0.0075959349102759,0.0421000150788292,0.0235896654740569,0.006591796875,0.00177001953125,0.0188964843749999,0.00893310546875,0.0,0.0,0.0,0.0,0.4547590670304001,0.0342615827376968,0.9520851260285786,0.4623804417875514,0.5910035076337579,0.4388905021787665,0.90686034902617,0.6522537224332734,0.080677903543307,0.0456108513779527,0.1173935777559055,0.0807165046751968,0.97323360072819,0.8316126756260956,1.4539780005953136,1.1783772398101755,4.153376638523539,1.2641956281228115,10.572991659734098,6.231465728691346,0.9573110272100576,0.8944041899587455,0.9847291029633506,0.9438467918931348,1.3773570698306763,1.2093126793668236,1.670289918263807,1.4184378618995923,1.250005231145232,1.2498844773671345,1.2507609344334198,1.269469611652574,-0.0747009393980492,-0.2519574907990449,0.3622651926714915,0.1218706236544281
unet_K5_n2000_s0,dev,5,unet,64.0,5.0,2000.0,0.0,True,huber,False,1008558,0.006922410534386,0.0052449525801928,0.0089199799123721,0.0070961993884685,0.0178640408519737,0.0134969099802691,0.0226723285338414,0.0181108421710422,0.1746272901073098,0.1247179000871256,0.2291113989427685,0.1767405385232996,0.0248382410360901,0.0201415393765488,0.0314373035240441,0.0255518969908818,0.0919802302938103,0.0166637004789932,0.1713050622231434,0.0984470762767404,0.160192358280824,0.1026733829880575,0.2121605781965881,0.1587785980227744,0.1132800734973976,0.0749802423885683,0.1566217634192744,0.1152673958083761,0.039764404296875,0.0243408203125,0.06400146484375,0.0423406982421875,0.0,0.0,0.0,0.0,0.247949473090046,0.0654345566255026,0.5521643678288398,0.2698821509839271,0.5372085741091561,0.4582925313205042,0.7463214999559945,0.5764760024863207,0.0939653051181102,0.0718380905511811,0.1153051181102362,0.0940329724409448,0.968031159693959,0.8867950241773761,1.0828122405159064,0.9790047743812522,3.22783112241418,1.316107363758382,8.07452433505729,4.136706759372824,0.9545285356849836,0.9256800828864048,0.9747997525401296,0.9505381262363828,1.369834280288709,1.159464987749215,1.6301667726790758,1.4067658728584969,1.2499999976432157,1.2498831359292468,1.2540229853992797,1.270415951362274,-0.0409294751896007,-0.2367037550033634,0.6105134194755304,1.0266006128029244
unet_K5_n2000_s0,dev,10,unet,64.0,5.0,2000.0,0.0,True,huber,False,1008558,0.0125926628769001,0.0101157097078702,0.0149076666322416,0.0126311117885397,0.0252913989128962,0.0206139940097027,0.0295571770526501,0.0252494117394562,0.1925507765263319,0.1502014841884374,0.250177931971848,0.1975407766504213,0.0272743466443491,0.0231069093448409,0.0323438830456563,0.0275872278933065,0.0923369297574946,0.0418618301964367,0.1547006889439041,0.0973399060373286,0.3120868313839663,0.234642667199324,0.3859322088725851,0.3094103366955119,0.225190481683066,0.1678705975252251,0.2804151299988031,0.2246340534690086,0.07342529296875,0.05498046875,0.104010009765625,0.0760540771484375,0.0,0.0,0.0,0.0,0.2157663006530742,0.0807665320285582,0.4139189788547813,0.2286064780875985,0.5330065795829729,0.4738526815005095,0.6771447030364434,0.5575254209169309,0.1036694143700787,0.0799366387795275,0.116673843503937,0.1012567667322834,0.968015752472132,0.8936177028452532,1.0468666829803832,0.968302781166574,3.0636659627249028,1.0179132840629783,6.70128450352517,3.663254342282177,0.9506257666175446,0.9226309237530606,0.966736581054288,0.9463048974494324,1.3598919749422709,1.1745469418469845,1.6889495558356586,1.398017582546369,1.249994739270384,1.2497751955074996,1.2502018241196349,1.2562631908684805,-0.0444191390473523,-0.2913352319442604,1.2223104218528216,132.103041351024
unet_K5_n2000_s0,dev,20,unet,64.0,5.0,2000.0,0.0,True,huber,False,1008558,0.0209828449044388,0.0177002614572799,0.0248013267429798,0.0211952287099523,0.0341853849120532,0.0290895472215491,0.039999528799914,0.0346021837783094,0.2122386246919632,0.1766170725459233,0.2711361862719059,0.2184124458159749,0.0307440894111548,0.0268713049009509,0.0360603049143119,0.0311164643170332,0.1038175534005912,0.0590566910647993,0.1411732246331693,0.1009337311795403,0.6285444470886001,0.5114345831359698,0.7390966883793307,0.6248678153613823,0.4466115031552905,0.3662586300565452,0.5282391588728904,0.4466951176902816,0.124542236328125,0.094268798828125,0.1600280761718749,0.1271832275390625,0.0,0.0,0.0,0.0,0.216119273840552,0.1212523686306115,0.3405359439409955,0.2309583658684865,0.5447689881451321,0.5017754542705564,0.6303533464186204,0.5571430602609935,0.0998708169291338,0.0869986466535433,0.1141547736220472,0.1002440637303149,0.959044748611764,0.9027379234374924,1.0230868765046373,0.9621072748475747,2.8589791315478137,1.0144408514578036,5.772204091152391,3.214785664010218,0.9434386087143158,0.920630646566976,0.9599539540757672,0.9417359845655237,1.3652626533037966,1.169161027554934,1.7705545968293144,1.4166693522468876,1.2499960258597715,1.2497865353476474,1.2587517316862993,1.2476529358976864,0.0348638260250016,-0.2554597257059177,2.2298084529797007,483.6944803770655
unet_K5_n2000_s0,dev,50,unet,64.0,5.0,2000.0,0.0,True,huber,False,1008558,0.0343827224523095,0.030375435394528,0.0397366353203631,0.0346610354627948,0.0478299967787502,0.0423042451944411,0.0555918860727205,0.0484300959600692,0.2464811401441693,0.201586502790451,0.3070322152227163,0.2504941839975072,0.0377339849587788,0.0332148090796947,0.0434129874224977,0.037939295562388,0.1048559058262284,0.0769358728938648,0.1353787086219871,0.1055100158656115,1.5562774219324522,1.3630768397838209,1.709331462345708,1.551325282430501,1.1116152041942031,0.9547110988441592,1.2188865735595171,1.093524718750048,0.213348388671875,0.176141357421875,0.2481933593749999,0.2134408569335937,0.0,0.0,0.0,0.0,0.3272251727793234,0.2333155176358802,0.4606119169641747,0.3392441310935933,0.6073947258971826,0.5745180944575825,0.6645351657884945,0.614207436888502,0.0869986466535433,0.0773160679133858,0.0968073326771653,0.0871805794783464,0.9779378039566192,0.9326122557981912,1.0302122905439268,0.9796271558962673,3.5463185534281703,1.3975181705299575,8.100956772086015,4.080387864752157,0.9402373778865672,0.908277998404662,0.9592462326944552,0.9355892205748872,1.3901499914346451,1.176486140219846,1.7953592841946906,1.4647229544886249,1.250005576894611,1.2498430082513188,1.253207871783056,1.2634849762490243,-0.0085196155576732,-0.3046063776341263,3.6041250981462087,662.6922163885259
unet_K1_n2000_s0,test_indist,1,unet,64.0,1.0,2000.0,0.0,True,huber,False,1008558,0.0034980557036425,0.0019163803766312,0.005568997409746,0.0035730622540235,0.0178448212420205,0.0111054200039438,0.0260046657081336,0.0182983760345336,0.2185314334928989,0.1400051869008166,0.2900931865442544,0.2146062610096487,0.0595509838306056,0.0448225126505194,0.0797754912965917,0.0616429775175294,0.7641023882069371,0.5434609403554049,2.8929739998528903,1.7698174085685154,0.0967974114611115,0.0510622189358832,0.1671841459028623,0.1043994241649421,0.0225851723149266,0.0073836986326416,0.0428068144950721,0.0234379799722542,0.005859375,0.001947021484375,0.0107421875,0.00623291015625,0.0,0.0,0.0,0.0,0.4142005723250357,0.0063833995937756,0.9573984531490156,0.4213219559939362,0.4995129303089327,0.3390841153162461,0.915606730695331,0.5895951941718829,0.0293737696850393,0.0206692913385826,0.039742249015748,0.0300464443897637,0.5803117416979647,0.4473660508141279,1.99051574205904,1.240140659232868,29.25994330058084,12.101340867147616,46.27484147161457,29.035871406940824,0.7761641197507855,0.6920174652166678,0.8217034823113912,0.764298181807016,8.62798840845877,6.069503599552772,11.475714177797387,8.793822253101908,1.2500006802695327,1.2498957639265935,1.2502986310399689,1.272544343722919,-0.8641390077303692,-0.9107800318983648,-0.4612668213020249,-0.6499035615734496
unet_K1_n2000_s0,test_indist,5,unet,64.0,1.0,2000.0,0.0,True,huber,False,1008558,0.0155970279167345,0.0116461778169683,0.0198832153376945,0.0157276176206746,0.041101390725953,0.0327918371825421,0.0503635956413209,0.0413207448315886,0.2859818116994574,0.2383442994439974,0.3420816794037818,0.289997482158833,0.0630008082674291,0.0543847063845949,0.0736807030200071,0.0637626053688518,0.8175261278686137,0.6535514100033442,1.2767799906031685,0.9304132521525984,0.5001839817033625,0.3822089618368628,0.6228403710914574,0.5018711565200991,0.1161941484272974,0.0732166856678641,0.1498565380190817,0.1134662468135757,0.02581787109375,0.0159912109375,0.034393310546875,0.0259552001953125,0.0,0.0,0.0,0.0,0.0980202824637487,0.0050466180221528,0.4655128733983729,0.1943616136658512,0.4210280456285363,0.3485067581280232,0.7275042897863896,0.4922876844918737,0.0490126722440944,0.0410063976377952,0.0582953986220472,0.0491516978346456,0.6472244910783236,0.509259409461406,0.9353728834883918,0.7001794231789384,15.890596606448554,5.799245583722422,29.05728738098579,17.24566921386737,0.7504126718156868,0.6496439370697038,0.8027388917541389,0.7361077985828649,8.856102780652746,6.3064596099985,11.75207113717657,8.953001217086605,1.2500014525536995,1.2498814129537947,1.251048303104366,1.2580309278146518,-0.8597453150598179,-0.9119276899015648,-0.4495646974086356,199.903796992026
unet_K1_n2000_s0,test_indist,10,unet,64.0,1.0,2000.0,0.0,True,huber,False,1008558,0.0283433734493623,0.0240037869061077,0.033907661778851,0.0285693339916351,0.0582649576197089,0.050286571848512,0.0670993550545406,0.0583160384535107,0.3273424110375345,0.2739062920212746,0.4160950598772615,0.3399770077232096,0.0681732126386101,0.0600591038865742,0.0767821479371788,0.06829179117949,0.8583573872203334,0.7053754008467823,1.1192297334122694,0.887682009270774,1.0040523337750489,0.8343326824389988,1.1610351473685434,1.0028411387059757,0.2249067511155231,0.1718731234301999,0.2844905387959079,0.2252573724484335,0.043182373046875,0.031793212890625,0.0555175781249999,0.0434140014648437,0.0,0.0,0.0,0.0,0.1094249311229005,0.008104118862952,0.2888309368643918,0.1241309782092803,0.4088119297441653,0.3691749082818815,0.6246879064532312,0.4619385729690522,0.0571481299212598,0.048582062007874,0.0652528297244094,0.0573483636811023,0.7175407751761302,0.5984513628889309,0.8967908911812288,0.7348172507498041,14.645585201113176,5.832605199616656,25.591709995367584,15.409901963271338,0.731196250004016,0.6500668395538044,0.7861537207349233,0.7229230384518661,8.869858929867647,5.855269668356301,11.480631950203358,8.87354285695871,1.2499998137227917,1.249848071821822,1.25023922299819,1.2717684370192708,-0.8563526256710934,-0.9151513859874422,-0.2594590378287905,285.9566187880688
unet_K1_n2000_s0,test_indist,20,unet,64.0,1.0,2000.0,0.0,True,huber,False,1008558,0.0504186529469348,0.044873383977645,0.0561842351320981,0.0503378957752715,0.0829077097099321,0.0748399748912596,0.0917133193173199,0.0829380414075545,0.3945980668067932,0.3182888910640031,0.4862319365143775,0.4001077245260239,0.0781807019283621,0.0711722082925121,0.0848498450400766,0.0782207267147328,0.8586113628929464,0.7354787934505652,1.0514165245754796,0.8807525247049499,2.014136290294772,1.775344952152708,2.2354443611292414,2.005837867050837,0.447810302839404,0.3730616695120436,0.5285453760401604,0.4494446190270619,0.064605712890625,0.053509521484375,0.079443359375,0.0655838012695312,0.0,0.0,0.0,0.0,0.0929283971601916,0.0129905858169292,0.1981182506162969,0.0932042971271737,0.4146629132011847,0.3823857515948497,0.5667239462142833,0.4475772392133713,0.0584553395669291,0.0511872539370078,0.0653451033464567,0.0583350762795275,0.8476213395370322,0.7247172723848518,0.9827640506883056,0.8497930860509527,14.592411228636465,5.568249406952998,24.046873028786955,14.89540148781666,0.709345550509298,0.6508215490700531,0.7680502454869298,0.7094654083844465,8.825669294421854,6.586738643204311,11.44834284240195,8.846587251581465,1.250008300164878,1.2498689725455503,1.2533043733875668,1.2816749446309046,-0.8473512417203213,-0.9161422296814696,-0.0700442369798971,266.67533312434904
unet_K1_n2000_s0,test_indist,50,unet,64.0,1.0,2000.0,0.0,True,huber,False,1008558,0.1035170741799295,0.0972098785922765,0.1111369359358723,0.1039410327347037,0.1391755529264854,0.1285255052366966,0.1518465933003731,0.1397258334449374,0.4883904645685106,0.4203965306282043,0.5817513704299927,0.4987737294926774,0.1160871258258454,0.1084992365214175,0.1242959413478509,0.1161982622507716,0.8832455774319543,0.7875282516248825,0.9843979333416668,0.8859591148405851,4.926998405372948,4.588056640779997,5.311008197169555,4.935082714257145,1.096040915431202,0.9808470715430008,1.2126753370836372,1.0914950593460804,0.108917236328125,0.086822509765625,0.13953857421875,0.11099609375,0.0,0.0,0.0,0.0,0.0952995189674119,0.0365779642514218,0.1695153796875619,0.0981167551913818,0.4570622715664704,0.4220450110197079,0.524291160967469,0.4652217642769852,0.0377552903543307,0.0319851131889763,0.0443528543307086,0.0379398375984251,1.209014198069732,1.0580437004474337,1.382581095258543,1.2123318392484006,22.384140158515905,11.674098150776102,34.2481693307448,22.392316501828528,0.687922710273241,0.5897763662785043,0.7590838402607377,0.6792658929725022,8.703171365997033,5.494202372159487,11.879236288081971,8.82463628432759,1.2499950333403935,1.249843831745201,1.2505173814562898,1.256321597896726,-0.8607212636577389,-0.91910584921257,-0.0896911100841245,278.4878906212932
unet_K1_n2000_s0,test_ood_terrain,1,unet,64.0,1.0,2000.0,0.0,True,huber,False,1008558,0.0035348238111513,0.0020399915660418,0.0054500348756401,0.0037289698035492,0.0182286052212144,0.0112819865808627,0.0255321314802799,0.0183719165584883,0.2282180767506361,0.1357169523835182,0.3165597915649414,0.2281369111301319,0.0606166242799493,0.0434093492062926,0.0865004176943788,0.0625477355495889,0.7149425577759592,0.3854310257000597,4.713211683022998,10.571599414294608,0.0867531287855308,0.0536630082338124,0.1364051530626857,0.0905432488017102,0.0213673530244136,0.0026429307521714,0.0386437421842324,0.0208898627437778,0.0054931640625,0.001995849609375,0.01275634765625,0.0065496826171875,0.0,0.0,0.0,0.0,0.3567805293410355,0.0104950262517468,0.9603942425471608,0.4103818101283971,0.6794386938210285,0.3432433601071165,0.9430103396021112,0.7356126946994442,0.0281280757874015,0.0194635826771653,0.0395361712598425,0.0285869832677165,0.5891637034747367,0.4089569231455743,2.938766525350598,6.401845788076312,31.51285104395718,14.21575401952039,54.99404336469645,33.66308581118373,0.7651490649298203,0.5790510204137354,0.8280146990642359,0.7317570879758567,7.035384769398897,4.514777657108544,9.9124226449717,7.127435217679274,1.2500230086402055,1.2498978511822905,1.2680155621238598,1.293921712549931,-0.8250522090628084,-0.8941199199120872,-0.0547170278899149,0.73611901053724
unet_K1_n2000_s0,test_ood_terrain,5,unet,64.0,1.0,2000.0,0.0,True,huber,False,1008558,0.0167221960837279,0.0129256756773513,0.0223064413034638,0.0170463764700441,0.0420023617220259,0.0352050910244759,0.0547508512519148,0.0437218581441094,0.3073937892913818,0.2399776149541139,0.5012308180332183,0.3477755154225451,0.0652593294693321,0.0560455540038673,0.0812863229864503,0.0677203653597282,0.8514716043910373,0.6199812233484836,1.4690477263947497,0.984480489594718,0.4690047426476304,0.3552517332973748,0.5859655993626984,0.4685491644572143,0.1008988914072274,0.0645528707492306,0.1445038019305699,0.1043959025527175,0.0274658203125,0.0159912109375,0.043780517578125,0.0286160278320312,0.0,0.0,0.0,0.0,0.0623889994883591,0.0058606078195518,0.3766339953383578,0.1468160127357113,0.5345462329984672,0.416866821357767,0.7340538145059414,0.5586898174293762,0.0456754429133858,0.0335906742125984,0.0551580954724409,0.0449887733759842,0.7200033727957971,0.5421500371848197,1.072813271264249,0.7946925445787403,18.8551718112247,8.8165408050803,35.9832047111497,20.70336055010337,0.6833997309862849,0.4380897560480015,0.7896832326559532,0.6511423683314487,6.991433507266086,4.445019953671802,10.28619855381118,7.184931208972542,1.2499938374559267,1.2496628331035973,1.2502551026324409,1.2609179663756631,-0.8187504822557699,-0.8944347062564919,0.7522632966714008,729.0108636991016
unet_K1_n2000_s0,test_ood_terrain,10,unet,64.0,1.0,2000.0,0.0,True,huber,False,1008558,0.0304642155215273,0.0251184974240338,0.0396157166760779,0.0316470088452399,0.0615216784632214,0.0523438279653379,0.0744425621203662,0.0625555311329522,0.3652800917625427,0.2858596354722976,0.6558038085699082,0.4223905019715312,0.0720627040654872,0.0627433601639219,0.0848217366137127,0.0727646399259016,0.8346159441372809,0.6214895394903536,1.1917092694980571,0.8868775032751728,0.9194914912288664,0.7580838405698197,1.110100467920982,0.9304700313517826,0.2104527742021105,0.1544927828125744,0.2715315272934141,0.2116904561956676,0.047821044921875,0.03267822265625,0.0772827148437499,0.0517727661132812,0.0,0.0,0.0,0.0,0.04624663810993,0.0061169680303838,0.2314866486436709,0.0921075487756666,0.4813030608658408,0.413924372124257,0.6891870117663602,0.518978488290726,0.0527497539370078,0.041673843503937,0.0638902559055118,0.0531668307086614,0.7414999821789731,0.5989260907821873,0.9884532679460024,0.7788830933995442,16.78353299879059,6.619144109488971,29.095647238011168,17.7217748804953,0.6620819091737841,0.4547162078111648,0.7647603975539154,0.6337608503286521,6.997092745971994,4.35490006502937,9.93388342206029,7.216165654971103,1.2499928831479346,1.2498389050561372,1.2537062721609535,1.2762167283491688,-0.8322503181753798,-0.8940518353651701,0.3693109472338935,464.07976094800046
unet_K1_n2000_s0,test_ood_terrain,20,unet,64.0,1.0,2000.0,0.0,True,huber,False,1008558,0.0527562516126076,0.0464407616763101,0.0632217605968618,0.0534987177835966,0.0856995994444357,0.076570880609832,0.0982224579599071,0.0864715359427439,0.4391522342339158,0.335798841714859,0.7816036641597747,0.4977079588218476,0.0803432520978112,0.071569733941014,0.0891615383616256,0.0805253258374533,0.8535902204042307,0.674396165523079,1.093643064660528,0.8733612239093657,1.8283021360555447,1.5590917479124111,2.1676860762655044,1.8525909773234768,0.4154705140619219,0.3284551426967697,0.5230842969430728,0.4200349182872749,0.075592041015625,0.0556884765625,0.1438171386718749,0.0884222412109375,0.0,0.0,0.0,0.0,0.0387502765400695,0.0084191496227437,0.1518252875367313,0.0649150306014641,0.4645009899378056,0.4142875912812768,0.6244353043769705,0.4948783789583179,0.0564406988188976,0.0468842273622047,0.0649360236220472,0.0564100947342519,0.8433678228257993,0.7108764572349202,1.0439913124951743,0.8693916212403738,15.460436093103336,7.080794991475805,29.84820239652781,17.2753053164918,0.6650394718258505,0.466325035184802,0.75066725748196,0.6312793620475389,6.893487398811368,4.443328964444115,10.408156174078655,7.158251972495787,1.249993138916163,1.249706214872899,1.2504756109261208,1.2491341831539404,-0.7869708366260069,-0.898632779360714,1.7813896603558026,767.3419570493244
unet_K1_n2000_s0,test_ood_terrain,50,unet,64.0,1.0,2000.0,0.0,True,huber,False,1008558,0.1035509275533742,0.0932277234423221,0.1120347543845204,0.1034812768219253,0.1399843910150531,0.1265440831125271,0.1530126329784436,0.1395812179869041,0.5420303270220757,0.4483528017997741,0.8774716064333915,0.6064839090319584,0.1144353844978583,0.1026722218368444,0.1248447630148694,0.1142357431716158,0.8617199498754018,0.7192975566128735,0.9910831486032732,0.8557574239103115,4.601144686490162,3.9098818442569327,5.231380905481031,4.589746886864585,1.028206383151494,0.9048355777821644,1.182800914879725,1.0415476426453067,0.14422607421875,0.103271484375,0.253070068359375,0.1649209594726562,0.0,0.0,0.0,0.0,0.0593851556672896,0.0220155694744706,0.1362085341867213,0.0676473956225438,0.4893791626059152,0.4458607002901804,0.6705325363572903,0.5244977968144643,0.0409694881889763,0.033615280511811,0.0493325541338582,0.041109436515748,1.1777710013851252,1.0288500915887884,1.3845839784824845,1.1910976606617074,20.07560666838946,8.701801768841854,32.4222801257806,20.69872986447368,0.6472421105408694,0.5243324628228411,0.7237795023407427,0.6272911511888659,7.132870045630391,4.565629993650751,10.472762276838155,7.24954025579266,1.249987555644296,1.2497624491187147,1.2514886379847314,1.2488011165940809,-0.8190787729597732,-0.9072183242566736,0.4891006021811697,216.63191522520523
unet_K1_n2000_s0,test_ood_soil,1,unet,64.0,1.0,2000.0,0.0,True,huber,False,1008558,0.003392469011461,0.0018644976252403,0.0059379601613867,0.003677585898201,0.019193800864557,0.0119068987459265,0.0286651412670452,0.0197280621305548,0.2310851439833641,0.1521288245916366,0.3139956995844841,0.2338569644726158,0.0755268707007046,0.0559040789693875,0.0956242839806378,0.075379807694735,0.7661258615242301,0.5471172829213603,4.175270653160937,44.56104810883876,0.0917162824862451,0.0490868075584167,0.1639079818073165,0.0991100441626093,0.0198493896744708,0.0055263089385144,0.0410738951928314,0.0216553876191861,0.0,0.0,0.0,0.0001358032226562,0.0,0.0,0.0,0.0,0.4132117409133926,0.0051402501400037,0.9793750404394332,0.4261497181917545,0.4044308075188899,0.2400912723896524,0.9197226459423796,0.5443829185560104,0.0304656742125984,0.0214566929133858,0.0413508858267716,0.0314213213582677,0.5716681993158194,0.4630172460229971,2.483631023756716,25.86338841905794,30.12484151429156,12.956675097837604,46.8974372642414,30.17402198698318,0.7811283847425858,0.6166360206316812,0.8342578346315767,0.7502120416943292,8.640263281349364,5.793673508478565,11.83046762711105,8.719904363554594,1.2500068707379837,1.2499098320602602,1.2502381302196606,1.2542128959029244,-0.8557290951887934,-0.907461459723342,-0.4047944647307122,5.89659306370408
unet_K1_n2000_s0,test_ood_soil,5,unet,64.0,1.0,2000.0,0.0,True,huber,False,1008558,0.0166312861226381,0.0134643520255515,0.0213123333738191,0.0169997476799997,0.0456513312465805,0.0379288392500412,0.0536559155848118,0.045737535889701,0.3095485963858664,0.2571173779666424,0.3887766922358423,0.3175461002043084,0.0801322269737643,0.0705130155102925,0.091596775671178,0.0809493077241603,0.8265989038167032,0.6576627951984857,1.2463231544865676,0.9202265356732928,0.484132859571414,0.3763850390225184,0.6179993056140101,0.4936127531626435,0.1135280685909801,0.0705081338730141,0.1508085406441289,0.111965008699151,6.103515625e-05,0.0,0.002685546875,0.0008303833007812,0.0,0.0,0.0,0.0,0.113651339101132,0.0029402093483692,0.5623093479046941,0.2236416658674417,0.3112755628976076,0.2512895514275626,0.7210298252836658,0.4285201798793636,0.0510580708661417,0.0412463090551181,0.0588767224409448,0.0508046259842519,0.6337899079519789,0.5197293356059329,0.8984489102370411,0.6858289890208187,15.544781638524585,7.34270021385454,29.341279349768865,17.37351867837367,0.7514437022483236,0.6431475687572304,0.8053274686995426,0.7307962164014543,8.647251226334845,6.1752755941643525,11.61028721109968,8.826117922571246,1.2500119817066329,1.249900029291368,1.2705537654966874,1.273914804572352,-0.8607907605228549,-0.9122640872095812,-0.4336850111649822,102.63029410715517
unet_K1_n2000_s0,test_ood_soil,10,unet,64.0,1.0,2000.0,0.0,True,huber,False,1008558,0.0305651044830992,0.0259875817277001,0.03670804005276,0.0311975777403219,0.0640833674376781,0.0553433999153256,0.0727964133844459,0.064199245200026,0.35362384095788,0.2977376597176772,0.4536026713903993,0.3639506374356097,0.0838185772019493,0.0754711924853503,0.0951851375512684,0.0848177251682209,0.864899066615746,0.694308132260233,1.1149515822591256,0.8902938165814109,0.974426177186697,0.8190695160333255,1.1601469211479087,0.9866631202028048,0.2188457310724836,0.1671073262968172,0.2775545604413493,0.2214444997392265,0.0009765625,0.0,0.00372314453125,0.0014581298828125,0.0,0.0,0.0,0.0,0.0876416419898376,0.0038342879235755,0.3384676780261662,0.138409515514431,0.3023607556536805,0.2550947924185587,0.6132983619879329,0.3855056255521289,0.0613773375984252,0.0526943897637795,0.0687315452755905,0.0614071727362204,0.688318144156194,0.5776298642866612,0.8501162620133279,0.7051784252861313,12.444052609906336,5.547306570823531,22.410028455091005,13.8032474888009,0.7309929511183924,0.6437341086217224,0.7940794237900632,0.7256775134820497,9.039649315269802,6.074479902338589,11.525004299170002,8.858333104600666,1.2500014280337814,1.2498934549915592,1.250213759172956,1.251839727630936,-0.8589532868878104,-0.9119844852674864,-0.3308499697100753,73.46189310932641
unet_K1_n2000_s0,test_ood_soil,20,unet,64.0,1.0,2000.0,0.0,True,huber,False,1008558,0.0556353607752745,0.0487395230809575,0.0615224467605646,0.0552468011484466,0.0916826013246161,0.0816634604967796,0.1000245060409046,0.0915353503428768,0.4301257580518722,0.3660263985395431,0.5335754208266735,0.4403722258988091,0.0940738625740706,0.08629192967845,0.1035014793603798,0.0945755496805212,0.8642477288602707,0.7371289521736117,1.0312626544886423,0.874103337482524,1.9583997600561,1.749129733385537,2.247020390206267,1.974255267598072,0.4430221046692528,0.3650225155418991,0.5202275061187442,0.4443904568975089,0.00274658203125,0.0006103515625,0.006170654296875,0.0031436157226562,0.0,0.0,0.0,0.0,0.0619181824417106,0.0071812522080473,0.1981448696111056,0.0910738240553355,0.3039685441513226,0.2698370566310485,0.5083776685456474,0.356941229957858,0.0662370816929133,0.0589505413385826,0.0736927903543307,0.0661278912401574,0.7761987184433856,0.6900625771034566,0.8874318665718778,0.7849092528918886,13.505158895853544,5.992265562837744,23.350224390092222,13.929277689288442,0.7124267477974394,0.6324559937928941,0.7774931202853128,0.7091049945483678,8.776977381964905,5.894758605992985,11.78051909058966,8.752659544107042,1.2500000054270444,1.2498715564563814,1.2502515769788742,1.2622456690983646,-0.8421642757825649,-0.9171165996896506,-0.2107588923939704,272.9883407091588
unet_K1_n2000_s0,test_ood_soil,50,unet,64.0,1.0,2000.0,0.0,True,huber,False,1008558,0.1109887771960032,0.1037022987752422,0.1200772737785975,0.1114556603315511,0.1519927988539786,0.1396935777029995,0.1611396345437715,0.1512583495334219,0.5567328464239836,0.4844537395983934,0.6604943305253982,0.5655491681001149,0.1292178199343653,0.1201732949924346,0.1374834728569846,0.1293917651084102,0.8629405525461784,0.7610901020799207,0.9689750443839018,0.8631617847419215,4.910217641658569,4.553289828366802,5.338373205161838,4.915893860486307,1.110562001958804,0.9820759707270278,1.2292357936885374,1.1093453293969409,0.00970458984375,0.0048828125,0.015814208984375,0.0100949096679687,0.0,0.0,0.0,0.0,0.0641892955563241,0.0176544021382154,0.1347085981551876,0.0708859062500304,0.3172222004630283,0.2934268388301229,0.4231510062870811,0.3408643088538612,0.0494740403543307,0.0430210383858267,0.0551242618110236,0.0493679256889763,1.0678767593035028,0.938498889546093,1.2019092860467546,1.0690988556482468,19.216479217056225,8.543794518408019,33.300142188442294,20.426183244222287,0.6806662255720909,0.5786885771684546,0.7508523710524919,0.6718332678062421,9.150153112768065,6.07247001033001,12.240328639520849,9.224879833912672,1.249992420272248,1.2498554879596488,1.2502758607369406,1.2525011748801482,-0.8666234157462983,-0.926305343078006,0.2166292167265288,100.71225614447754
unet_K1_n2000_s0,test_ood_both,1,unet,64.0,1.0,2000.0,0.0,True,huber,False,1008558,0.0039847430003787,0.002089577470564,0.007720830088758,0.0045423958208311,0.0215255537395723,0.0127066019979363,0.0344958439571018,0.0226123848994767,0.2723096860572696,0.1679527992717339,0.3825277388095855,0.2771742480931425,0.0784604312389315,0.0521911335832353,0.1147506874039309,0.0815154799397822,0.7436699549273325,0.3021152492000293,7.32028716552986,396.94252723406186,0.0822134772772824,0.045036204346803,0.1363198095493561,0.0870571662704962,0.0204644613948054,0.0018050370709681,0.0416533222468132,0.0205519567056456,0.0,0.0,0.008428955078125,0.0025454711914062,0.0,0.0,0.0,0.0,0.3028787959635128,0.0054203024103447,0.959148720242952,0.4185940196351099,0.6338876839028967,0.2915150183124553,0.8729312408017095,0.7963368608098321,0.0278512549212598,0.0188822588582677,0.0402128444881889,0.0289308562992126,0.5807634388071548,0.3739060479415335,4.750967696785675,218.2042233319113,35.4125642685337,11.077352621033077,56.55198526737595,34.03222098356207,0.7485642103450798,0.5027877063765159,0.8239092857960392,0.6930519657798243,6.225414616235328,3.555936559636746,10.238152327836476,6.734806950118634,1.2500108724059755,1.2498757335534123,1.2505467971663515,1.2556109351503777,-0.8257256129978027,-0.8965923769849005,0.708524808100588,69.62740144497273
unet_K1_n2000_s0,test_ood_both,5,unet,64.0,1.0,2000.0,0.0,True,huber,False,1008558,0.019019921760172,0.0139814963151296,0.0273139411168343,0.0198314266320275,0.0496897066974717,0.039970296788161,0.0695418656988184,0.0523237953017363,0.378414124250412,0.2810766315786168,0.7704418897628784,0.4463882003503386,0.0867012451094089,0.0724500808469304,0.1153026526072439,0.0908525499759563,0.852693889414762,0.5419951751194704,1.3246804739414342,0.9502734166033484,0.4313412628556308,0.3198413989195142,0.570192681123147,0.4415695072804213,0.102175300249489,0.0620127580033893,0.1397973467990698,0.1004353728212894,0.00238037109375,0.0,0.029302978515625,0.0097848510742187,0.0,0.0,0.0,0.0,0.0697971290036582,0.0028472301172302,0.4054768149448706,0.145733415060071,0.4692315171218808,0.3763282691425549,0.7033640485302386,0.503737952149416,0.0443528543307086,0.0285340797244094,0.057443405511811,0.0433310777559055,0.6954444351395742,0.5200930582710439,1.1184737907902915,0.783099105005617,19.560439254145287,8.263107599353242,39.80936494830302,21.945193178006875,0.6519076658127874,0.3377749109222162,0.7895211460467066,0.6009258203587706,6.454858582321043,3.688822098132669,10.127697576953992,6.749969665799966,1.2499942679252896,1.249676633863711,1.2516613153160048,1.257739657386812,-0.8034751637952114,-0.8991498902809473,8.735282798627587,913.860861808464
unet_K1_n2000_s0,test_ood_both,10,unet,64.0,1.0,2000.0,0.0,True,huber,False,1008558,0.0341702441297359,0.02788397094369,0.0485484234101439,0.0365053769215358,0.0699193873973016,0.0594796465007936,0.0950783930847703,0.0739293429322145,0.4538216441869735,0.3172635681927204,0.971946120262146,0.5523151162231806,0.0903980351857403,0.0778466675067183,0.1167654308330635,0.094238398490809,0.8294342496556877,0.6205764292842019,1.1679903511268173,0.8836867832967792,0.8925317804807038,0.6626206685422767,1.1405731871679343,0.8893604020267063,0.2031365261881519,0.1463365636823937,0.253245817933636,0.202969351822928,0.00543212890625,0.0,0.0450622558593749,0.0164895629882812,0.0,0.0,0.0,0.0,0.0338234862735996,0.0024108105863371,0.2235528960066817,0.0841725985937846,0.4137658005417859,0.3317987718999954,0.628435760320988,0.4516457283980034,0.0546567421259842,0.0356145423228346,0.0681010088582677,0.0532531065452755,0.7470674507446319,0.5812911994389816,1.0101740681353153,0.7762443120257561,16.737876144003813,6.293656215421052,30.57128899585373,17.394108086450764,0.6260983079934836,0.304621429084474,0.7674921192682288,0.5770994210183321,6.637613320836771,3.62114623714726,10.432014098498138,6.952986107330853,1.2499928367875677,1.24972794484327,1.2502285086119476,1.2697885564936484,-0.780674624256227,-0.9031462840792688,3.784547809180242,996.2523067416888
unet_K1_n2000_s0,test_ood_both,20,unet,64.0,1.0,2000.0,0.0,True,huber,False,1008558,0.0602204459955171,0.0515012019849864,0.0814333373813937,0.063653397879934,0.0985301019370273,0.0860601552999544,0.1292810716821348,0.1042012747150893,0.5364209935069084,0.3918836064636707,1.2069520503282547,0.6814766365056858,0.1002627634676948,0.0888647452469489,0.1215759230368444,0.1031339353521431,0.8223938752834945,0.6329923294817551,1.0709786268303283,0.8404981461295964,1.7749965069931934,1.4166180044086008,2.1856511297146906,1.792800451856133,0.420311699092146,0.3348320735125613,0.5081415400319403,0.4173470080982215,0.01019287109375,0.0010986328125,0.069000244140625,0.0274957275390625,0.0,0.0,0.0,0.0,0.0180510387255923,0.0038441235334262,0.1528267479612365,0.05445358474312,0.3699634625519037,0.3171067960912445,0.5905890745367461,0.4172944733894022,0.0614080954724409,0.0440975639763779,0.0725701279527559,0.0593656188484252,0.7879862512273408,0.6590438856981546,0.995349711675828,0.8178037088320669,15.752756600311717,6.598619099843235,27.00807124566098,16.149671401136967,0.6324474994739522,0.2942941509555794,0.756324779186063,0.5684475258322361,6.415969930054934,3.924904901103442,10.523712044906697,6.8183337913142905,1.249990378814301,1.249807678730002,1.2505803679732432,1.2555312286182514,-0.8021192288847357,-0.9053318463342388,1.6327834411662558,336.93688612211685
unet_K1_n2000_s0,test_ood_both,50,unet,64.0,1.0,2000.0,0.0,True,huber,False,1008558,0.1146224024906821,0.1039764011165242,0.1355583054048392,0.1176746463140311,0.1554848270233668,0.1405322828836655,0.190286324375511,0.1613837302723089,0.6625142619013786,0.5080999121069908,1.475764724239707,0.830083428324433,0.1307988758084039,0.1205691889493014,0.1474883992816285,0.1324733891196535,0.829675095723651,0.6632676055986675,0.9754619332865406,0.822528743910257,4.442238656174618,3.637428270309095,5.247739361013787,4.440222136767406,1.039879687861482,0.8673013813749686,1.177894512124868,1.0383263038896045,0.025299072265625,0.006524658203125,0.11116943359375,0.0487445068359375,0.0,0.0,0.0,0.0,0.0323655315821746,0.0093688944418584,0.1012406486220127,0.0446172610871713,0.3597666560247572,0.3200485863369349,0.5697306306990925,0.4080447495582159,0.0504736712598425,0.0445035679133858,0.056025467519685,0.0503514087106299,1.045823269741249,0.9231702559892888,1.2001102740229574,1.052104548373186,18.49069429505901,8.23860251140491,31.528490936716565,19.63698430279157,0.6207308214617429,0.3618138954218218,0.7342487832130392,0.5733389539128092,6.423849439990921,3.825427097558681,10.309808305356716,6.723500795332779,1.2500093969271058,1.2498308210023774,1.2508207977989283,1.2573624860006452,-0.8241961229163803,-0.9107054941191344,1.7497177378041937,326.09183436142285
unet_K1_n2000_s0,test_ood_policy,1,unet,64.0,1.0,2000.0,0.0,True,huber,False,1008558,0.0033248561752798,0.001852449055626,0.0059674658085553,0.0035935299692748,0.0172762232129125,0.0109063929927644,0.0274897897347969,0.018193705849289,0.217131108045578,0.1487594738602638,0.2974219101452036,0.2197358768823278,0.0587492061673855,0.0445479996980965,0.0802191681904288,0.0610618612579532,0.6993102182882978,0.489772633716111,1.6239517866067752,7.666315126519336,0.0860344359821719,0.045258546172941,0.1572629786318775,0.0940662801979593,0.02110746592398,0.0064405436262123,0.0418943340042562,0.022968823242018,0.005462646484375,0.00181884765625,0.0098815917968749,0.0056866455078125,0.0,0.0,0.0,0.0,0.3613884695141871,0.0049864664171818,0.960363129771052,0.4098596000467617,0.4567259928920859,0.324895275360105,0.9091231514057176,0.5666340954494036,0.0306502214566929,0.0237942913385826,0.0413416584645669,0.0316455462598425,0.5381229525219657,0.4193165333340916,1.110999559216732,4.536968067926129,30.65849348441904,13.46730806336569,46.805465756477616,30.838041372525307,0.7745372861076485,0.7188604379278262,0.8185251115391798,0.7668306983222523,8.638035830233214,5.991322813410104,11.72155772887894,8.677338874285953,1.250012142449013,1.2498967710844382,1.2501970030020315,1.2606055599040866,-0.8726777574000872,-0.9137070795604272,-0.670139708156233,0.1385176631099038
unet_K1_n2000_s0,test_ood_policy,5,unet,64.0,1.0,2000.0,0.0,True,huber,False,1008558,0.015532463121668,0.0111966038104699,0.0197539984358901,0.0155064933123466,0.0409728483596031,0.0322080778386268,0.049926600103361,0.0410689657188124,0.2939748759381473,0.238067802041769,0.3451673068106174,0.2953259425940268,0.064465775974696,0.0535490255529139,0.074374492120172,0.0644853595854989,0.77582107148756,0.6017838164110162,1.1758937099831832,0.8498980558574084,0.4582148988325961,0.3288808033811329,0.5687671888667915,0.4578677014749752,0.1098967584389116,0.0719777747427219,0.1435255137305355,0.1085580779879448,0.023895263671875,0.015594482421875,0.031134033203125,0.0237985229492187,0.0,0.0,0.0,0.0,0.076220497706982,0.0052257586463549,0.4690190820421532,0.1904576490212635,0.4050696566099104,0.3458481386265459,0.6955493731880459,0.4751459767163273,0.0469980314960629,0.0395484744094488,0.0570773868110236,0.0476434854822834,0.6249919467814318,0.5082189210201585,0.8497709282554503,0.6626317146893306,18.47003681490109,6.939878394172439,35.4741816945259,20.3746346445828,0.7331345129719681,0.6157565332800045,0.7843879862907829,0.7157257635724027,8.631268432919292,5.147731527863144,11.497992872445495,8.511596847069113,1.249995634516766,1.2498060369190842,1.2502947076085342,1.2736967456720958,-0.8645575748482905,-0.9136279025583602,-0.1972842132382952,2.821751558166136
unet_K1_n2000_s0,test_ood_policy,10,unet,64.0,1.0,2000.0,0.0,True,huber,False,1008558,0.0287302444596055,0.0236026388298431,0.0341885308373126,0.0285852034544755,0.0577560317080235,0.049555975419543,0.0670066977632673,0.0580820788113694,0.3271626849309541,0.2713698662817478,0.4115286618471145,0.3352778001647766,0.0677078127760467,0.060644931982437,0.0776454451856592,0.0686508687362066,0.7872270224238798,0.6421604230153889,1.0533667701382865,0.8186849579474779,0.9203476635472853,0.748357380082957,1.0754117313013722,0.9155926280583012,0.2181917027708172,0.1591508028371648,0.27435567471707,0.2187431154912909,0.03814697265625,0.029046630859375,0.047674560546875,0.038798828125,0.0,0.0,0.0,0.0,0.0764823234839725,0.0073900103436143,0.2925722571072948,0.1244282801694184,0.395318499102531,0.3527163098532671,0.6072321072374494,0.4432065296537729,0.0561792568897637,0.0492218257874015,0.0645023375984251,0.0563871801181102,0.6744854551509947,0.5616882121402095,0.8573427154845741,0.6947961174279055,18.5457405887442,8.5660925572711,31.317014167381483,19.02622040091744,0.7098937110951076,0.6209181119253252,0.7793262335196888,0.7047888537850864,8.641682900746812,6.313669031773196,11.1219049430294,8.63680230852788,1.2500016946062034,1.2498487993332512,1.2510752473806714,1.2681920626312682,-0.8715750106565219,-0.9193232140199068,-0.5316497130361476,96.49609289353027
unet_K1_n2000_s0,test_ood_policy,20,unet,64.0,1.0,2000.0,0.0,True,huber,False,1008558,0.0489880512911891,0.0433152942363324,0.0559575727083157,0.0494771219629918,0.0807079107730026,0.0723027178274105,0.0916692228982558,0.0813584663326344,0.3843768304213881,0.3201902508735657,0.4777840122580528,0.3940178100118646,0.0772308149354157,0.0700263043440492,0.0858943203735469,0.0776061343201442,0.8015137935336565,0.6858943981900256,0.9560645281156842,0.8180866000885954,1.840391942850246,1.5745491225480226,2.092795228984544,1.8351779197690008,0.4315302132142306,0.3583595310337108,0.5163502766908299,0.4343786913727339,0.057861328125,0.045465087890625,0.072491455078125,0.0589459228515625,0.0,0.0,0.0,0.0,0.0631357407556439,0.0136697157026121,0.1793111951280924,0.088090702079636,0.408886819575098,0.3681756971031344,0.5398625239404777,0.4318573033268543,0.0581631397637795,0.0511103592519685,0.0646007627952755,0.0580071973425196,0.8062382537746966,0.6857141301794121,0.9291471580260872,0.8082763442387855,18.772028872207525,9.683839704349946,31.0946411154368,19.90502984844045,0.6950976183424663,0.6226301991600557,0.7530585357514696,0.6926191712980707,8.643994816695194,4.957119671471084,11.544074903085267,8.549715963239253,1.24999799979807,1.249829169149674,1.2506027689563883,1.2690949419445725,-0.859957495571366,-0.9145628151809646,-0.0012663975761716,9.23256261583172
unet_K1_n2000_s0,test_ood_policy,50,unet,64.0,1.0,2000.0,0.0,True,huber,False,1008558,0.0982550305829227,0.0901619230920509,0.1063060014822574,0.0984593706049378,0.1330128408177237,0.1216773988577921,0.1443103881577433,0.1333348386513611,0.4902193397283554,0.421215158700943,0.5828988254070282,0.4942156843282282,0.1105355778500677,0.100794677430402,0.1187069780187341,0.1101482209802137,0.8083099942599044,0.7120938395072905,0.9175191403118153,0.8105819194887739,4.55211980324318,4.212308594694478,4.983371193926531,4.577579817152074,1.0826046159693217,0.9583313820157155,1.2103589532106651,1.084531504513676,0.1019287109375,0.0763427734375,0.130810546875,0.1025033569335937,0.0,0.0,0.0,0.0,0.0818157939561478,0.0342151105972479,0.1552529126453065,0.089717672584779,0.436611327181311,0.4063638154783586,0.5128582552683332,0.4486365310807264,0.040277436023622,0.0336767962598425,0.0464443897637795,0.0401847010334645,1.1352247661838708,0.9904633912850516,1.29306975083718,1.1365356051353186,24.84644482352429,12.902649455136572,40.55336943123066,25.822806310345783,0.6832282764104295,0.5924542457297929,0.7516837794208465,0.6770234357506802,8.133764003270453,4.99893328701282,11.96170579734155,8.288280479633586,1.2499908703823503,1.249814260421415,1.2504652539549863,1.260234992512451,-0.8545193290994548,-0.9242043603851864,-0.1092562250870939,364.2600814421136
unet_K1_n2000_s0,dev,1,unet,64.0,1.0,2000.0,0.0,True,huber,False,1008558,0.0031928040777912,0.0018574527776845,0.0054199833082567,0.0034496765040114,0.017507052072247,0.0108481363031739,0.0252982604205825,0.017756867088732,0.2066629079927224,0.1289669908583164,0.2883877426385879,0.2084287164093439,0.0546402701485791,0.0422036785518698,0.0747028329874189,0.0575780127620822,0.7498147648821702,0.5317512579145836,1.81303266319924,1.5291071907582416,0.0947106762703674,0.0520561697649836,0.1558803890275292,0.1007440799531396,0.0218445640953321,0.0075959349102759,0.0421000150788292,0.0235896654740569,0.005859375,0.00247802734375,0.0108642578125,0.0062826538085937,0.0,0.0,0.0,0.0,0.3564425271692045,0.0064762484706483,0.9648810517967084,0.404787052664598,0.4707698441869847,0.3363425034679456,0.8961463987635903,0.5771166525739099,0.0306963582677165,0.0228777066929133,0.0426304133858267,0.0317527374507874,0.5740414243193536,0.4675270923158553,1.3785960075460937,1.0354611416793895,27.342311817967964,10.179456956150831,44.35945053994815,27.683805832445863,0.7815947898293801,0.7127441212347428,0.8207763524392723,0.7719648583287533,8.86744328740663,6.317624768274944,11.456205288313315,8.873322107978058,1.250005231145232,1.2498844773671345,1.2507609344334198,1.269469611652574,-0.866474127114403,-0.9057578713170438,-0.6001195336120921,-0.7465529467481262
unet_K1_n2000_s0,dev,5,unet,64.0,1.0,2000.0,0.0,True,huber,False,1008558,0.0156836032178006,0.012104675855609,0.0193122622933368,0.0158110803534711,0.0419730265506068,0.0336845972357915,0.0497965865359926,0.0420322265431559,0.2916094902902841,0.2416608214378356,0.3729640908539295,0.2973633253552452,0.0628308227355502,0.055030672664407,0.0737490627858011,0.0639201776906541,0.8269891590416198,0.6623204669190836,1.2622321141441637,0.8955607744526952,0.5113555319165111,0.3870069605652285,0.6174968587988896,0.5070725579833603,0.1132800734973976,0.0749802423885683,0.1566217634192744,0.1152673958083761,0.026580810546875,0.016461181640625,0.035699462890625,0.026229248046875,0.0,0.0,0.0,0.0,0.1015482756701713,0.0066105226382169,0.4845288572855978,0.1907513317055877,0.4051633973490758,0.3526977809015163,0.7139466397726192,0.4842268316872639,0.0497354822834645,0.041550812007874,0.0586275836614173,0.0496118356299212,0.6474898043784508,0.5304639375733514,0.8728738692091813,0.6825387946192757,15.667648992491564,6.622027114803951,30.32308156369802,16.681535512619377,0.7449636334522953,0.6329158039590365,0.7994451431123735,0.7278502618964725,8.613365708340783,6.476603378024484,11.428168599893702,8.838593260885991,1.2499999976432157,1.2498831359292468,1.2540229853992797,1.270415951362274,-0.8632496123986778,-0.9065321961704632,-0.3456307120131819,-0.2264155619506741
unet_K1_n2000_s0,dev,10,unet,64.0,1.0,2000.0,0.0,True,huber,False,1008558,0.0286855768265978,0.0245088101534279,0.0331364202648744,0.0286131439214009,0.0583312127172021,0.0507747890699185,0.0658743429894903,0.0585370935162768,0.3274726616364205,0.2779879755806178,0.4301419481635093,0.3426633431324717,0.0680589703516018,0.0605416688474466,0.0753592878977538,0.0679087111463748,0.8470313571260802,0.6808956412390751,1.110139763798235,0.8766656842511753,0.9832185237026227,0.8429478405404863,1.1386890827607754,0.9866712411829344,0.225190481683066,0.1678705975252251,0.2804151299988031,0.2246340534690086,0.04327392578125,0.03258056640625,0.053961181640625,0.044085693359375,0.0,0.0,0.0,0.0,0.0830158077818504,0.0082889335300508,0.2876670749250993,0.1278564762873555,0.40160791605832,0.3607900064376048,0.6197069295141009,0.4550668226886434,0.05859375,0.0499784694881889,0.0656588336614173,0.0583792138287401,0.703705131217705,0.5972582440424513,0.8844995015654273,0.7243248998567984,13.451846900107068,4.883221165192073,25.808811024946326,14.540815580597275,0.7283971522083734,0.6295201583399863,0.7880515259271367,0.7173200362335116,8.769747372879547,6.25996888335151,11.322400623407388,8.843305627324316,1.249994739270384,1.2497751955074996,1.2502018241196349,1.2562631908684805,-0.868279049640189,-0.9161316531379852,-0.141719916454168,50.79940698807766
unet_K1_n2000_s0,dev,20,unet,64.0,1.0,2000.0,0.0,True,huber,False,1008558,0.0500804463934738,0.044725826454942,0.0578350205021158,0.050648665498974,0.0832773774971915,0.0746279720925206,0.0924625499609296,0.0835105671560592,0.4061241447925567,0.3260422313585877,0.4805219482630491,0.4056937779739019,0.0780096579529336,0.0703692269187516,0.0855655719199041,0.0783570228048833,0.8472779910067908,0.7417136055731315,1.0149080119805771,0.8677792616280721,1.9695557702845403,1.7490934252541104,2.2374527224782987,1.9769705066840024,0.4466115031552905,0.3662586300565452,0.5282391588728904,0.4466951176902816,0.06329345703125,0.051318359375,0.0789123535156249,0.0643966674804687,0.0,0.0,0.0,0.0,0.0878456808249426,0.0135882897983454,0.1844597018929097,0.0918340706923279,0.4194878906237851,0.3764796467363589,0.5498175761493908,0.4435321075304195,0.0587167814960629,0.0524390994094488,0.0669168307086614,0.0591037155511811,0.8222286021105383,0.7319941927920878,0.9534042141395958,0.833656345050223,14.032710226571806,6.055653807747831,24.717223209062954,14.994404755161808,0.7039340338526527,0.6286083759500609,0.7689785376369994,0.6992441198333019,8.917878336509899,5.633013675982886,11.478836216148377,8.717003911092409,1.2499960258597715,1.2497865353476474,1.2587517316862993,1.2476529358976864,-0.8569967362712578,-0.9195588001901688,-0.1253366752000291,294.7827715600453
unet_K1_n2000_s0,dev,50,unet,64.0,1.0,2000.0,0.0,True,huber,False,1008558,0.1036771213362771,0.0961109595494132,0.1120043920684984,0.1038994963275333,0.1401612497276647,0.1292957101329382,0.1507038315204687,0.1399539526691829,0.5085421353578568,0.4318626907654107,0.5936407521367073,0.5115491199470125,0.1165673569911109,0.1071487962161596,0.1253756780854688,0.116340461936335,0.8691565140661157,0.7815164699836689,0.9927985822872534,0.8797404586110994,4.900439338367479,4.52841605726456,5.299905785954164,4.9140712758970935,1.1116152041942031,0.9547110988441592,1.2188865735595171,1.093524718750048,0.107666015625,0.08590087890625,0.1327697753906249,0.10973876953125,0.0,0.0,0.0,0.0,0.0935133162316091,0.0403665652886225,0.1627925519985932,0.0974106182394612,0.4501067202587792,0.4222728457216716,0.5176837588802851,0.4608608525520817,0.0382627952755905,0.0321665846456692,0.0450326033464566,0.0385163939468503,1.2105885964046248,1.0548367661677611,1.371254975968392,1.215367170868386,22.027182205938782,11.75021379564254,35.34594034420679,22.57295005242229,0.6706009255998857,0.5910554683880735,0.7465343875282265,0.6691796378498465,8.906564017578237,6.01475673717514,11.88933787620081,8.825630321561777,1.250005576894611,1.2498430082513188,1.253207871783056,1.2634849762490243,-0.852932365077914,-0.9225314720846198,0.9049472953223792,368.3327619016756
latentB_K1_z64_n2000_s0,test_indist,1,latentB,64.0,1.0,2000.0,0.0,True,huber,False,1005361,0.0035417156149973,0.0019978944064488,0.0058395107938213,0.0036675343819973,0.0178449885713351,0.011199929391455,0.026048216126112,0.0183640799116162,0.2202707142569124,0.1425996595993638,0.2903324243612587,0.2145790731369925,0.0593152329759843,0.0466241593622492,0.0803791205691399,0.0620236882387336,0.7318171363276008,0.4436410544907754,2.5883784935078653,1.5190073932057755,0.0925707156741862,0.0455952637612754,0.1501776337919884,0.097100241532845,0.0225851723149266,0.0073836986326416,0.0428068144950721,0.0234379799722542,0.00897216796875,0.002947998046875,0.014654541015625,0.0089990234375,0.0,0.0,0.0,0.0,0.4127813436996649,0.0074039944227356,0.9580296961758168,0.4297473916089275,0.4959634766627961,0.3391831383538735,0.9109380596531356,0.5893149190485747,0.0187776820866141,0.011740280511811,0.0305148868110236,0.0214253198818897,0.6021649662575216,0.4384119178876516,1.8879739971376053,1.185267469343986,44.13518489565328,22.723516525005863,68.68925218496872,44.9650204489754,0.7698150290393291,0.6817542540774123,0.8180552107088469,0.7574958190665357,6.247899430452049,4.878357379668152,7.413259129169467,6.157907546114687,1.2500006802695327,1.2498957639265935,1.2502986310399689,1.272544343722919,-0.8053112901120707,-0.8676559063064271,-0.3997723834086473,-0.5812307075669398
latentB_K1_z64_n2000_s0,test_indist,5,latentB,64.0,1.0,2000.0,0.0,True,huber,False,1005361,0.0388957169150917,0.0215774202081672,0.0545345152769458,0.038876910951844,0.077092972115353,0.0535756793696244,0.1073965938498771,0.0787431997350903,0.4080108683556318,0.3269657450029626,0.6066179201006889,0.444299234853529,0.1015182668437294,0.0815730509138264,0.1260675599380633,0.1026840652640789,1.053281917478389,0.2453564048638133,2.6165210965644543,1.2448541214050213,0.6331683009297627,0.2356193270956683,1.0805260696907957,0.6312298611210843,0.1161941484272974,0.0732166856678641,0.1498565380190817,0.1134662468135757,0.02886962890625,0.00762939453125,0.062091064453125,0.0333340454101562,0.0,0.0,0.0,0.0,0.1778208422865567,0.0091154104693783,0.4690543012476843,0.2053965491915804,0.3955669764847459,0.2528076300023054,0.723214935861925,0.4495679391123538,0.0295275590551181,0.0208753690944881,0.0628783218503937,0.0344148314468504,0.9573276815260184,0.3822001048301952,2.0574726625876107,1.1153346952612566,25.7336051473316,9.344229935609656,43.532733204621,26.026355560370504,0.374460292170012,0.2870376278458864,0.5015143009400533,0.3872158241710623,3.6766682200914738,1.2077187270069063,7.4486459979577395,4.478613156175353,1.2500014525536995,1.2498814129537947,1.251048303104366,1.2580309278146518,-0.5390701343115626,-0.8973166659458316,2.05145380846112,420.06028466414585
latentB_K1_z64_n2000_s0,test_indist,10,latentB,64.0,1.0,2000.0,0.0,True,huber,False,1005361,0.0779105156342883,0.0565992241301708,0.100507387488899,0.0777528486532537,0.1279157658497688,0.098045010565185,0.1773404373536813,0.132550078256069,0.629262724367436,0.4321082602196839,1.1185277491807937,0.7096834801933437,0.1204698903386469,0.1003170759430704,0.1492196654383715,0.1238591567945957,1.3784553039197185,0.6598559499787158,2.2774357995015864,1.4577619036852,1.4935074867088431,0.8549629891357932,2.091757875685172,1.4788504930461963,0.2249067511155231,0.1718731234301999,0.2844905387959079,0.2252573724484335,0.090087890625,0.040081787109375,0.1329528808593749,0.0867864990234375,0.0,0.0,0.0,0.0,0.1266901420772301,0.014575831672128,0.2976273573647862,0.1360471028653457,0.4379981540727483,0.3001513385575488,0.6467669315198262,0.4550788324506731,0.0320035679133858,0.0251507135826771,0.0405111958661417,0.0330181163877952,1.283598847115181,0.710772806993515,2.078133512046729,1.3537507594570457,21.43200628431696,7.455084144383363,37.18188794210551,22.249782085884544,0.3344124650361459,0.2711930080289134,0.4444358911232089,0.3485028285089693,3.5515866037960766,3.0482572375233508,6.9027649315267,4.4709475703073895,1.2499998137227917,1.249848071821822,1.25023922299819,1.2717684370192708,-0.0782465741000378,-0.8211556708659711,3.931437422011143,2936.22970406114
latentB_K1_z64_n2000_s0,test_indist,20,latentB,64.0,1.0,2000.0,0.0,True,huber,False,1005361,0.1587535336413362,0.1357763578223036,0.1913334204134874,0.1610375418823665,0.2452860552001345,0.2039590216767946,0.3000139584441144,0.2510586177341569,1.1587181624781806,0.8619574493321125,1.6704106667544691,1.2279728077113397,0.1783643920764073,0.1481752034638026,0.2224106252374932,0.1824184308555533,1.983052629522968,1.3443058556095469,2.569182422540321,2.0113977584260265,4.016880678302597,3.1708046520401743,4.757798606003293,3.965242905255993,0.447810302839404,0.3730616695120436,0.5285453760401604,0.4494446190270619,0.22283935546875,0.162518310546875,0.2936767578125,0.2271539306640625,0.0,0.0,0.0,0.0,0.1042218822273553,0.0195747283367706,0.214218682472572,0.1058655689240986,0.4719443569630933,0.3329075430554084,0.6624162953917195,0.4833424218870806,0.0328801673228346,0.0275836614173228,0.0380044291338582,0.0328532541830708,2.024465565949386,1.5458515443213887,2.70748582759667,2.083865987040367,19.672363684899352,9.10844112406977,35.87580735949836,20.844019815795136,0.3310844200514391,0.2566510774565993,0.4263208702049557,0.339106313823399,3.987621904045726,3.5415146390652383,4.537038015798672,3.99678745168579,1.250008300164878,1.2498689725455503,1.2533043733875668,1.2816749446309046,0.1665781821655468,-0.4181878553808503,5.766305477157779,2425.925826283129
latentB_K1_z64_n2000_s0,test_indist,50,latentB,64.0,1.0,2000.0,0.0,True,huber,False,1005361,0.4523953971202,0.4113492681859911,0.4951156620450465,0.4545823904834514,0.7008551078826806,0.6274585049279149,0.7986044374400143,0.7068147963879242,2.819852966815233,2.233925048261881,3.5357608675956724,2.858987892420264,0.4735217885516064,0.4249917319372474,0.5214408085094889,0.4736804852814191,2.88188180405927,2.457620827881322,3.4038200958421934,2.926754260935009,13.795839644645966,12.674448122538712,14.767696345983916,13.75339026366318,1.096040915431202,0.9808470715430008,1.2126753370836372,1.0914950593460804,0.5797119140625,0.50963134765625,0.635235595703125,0.5743814086914063,0.0,0.0,0.0,0.0,0.2980469262767524,0.145467137238546,0.6322137813720178,0.3379801331278368,0.7019920747391983,0.5560530210452775,0.9229134479774428,0.7340683066890125,0.0264210137795275,0.0228838582677165,0.030880905511811,0.0265432763287401,4.196455420755912,3.6568684712069626,4.8792007940576765,4.263705209068993,22.436635433623923,10.577737678520531,34.02160062534741,22.31512213391704,0.3578762221186619,0.2705515037388544,0.4565711983567586,0.3602146178331377,5.605977852495418,4.629027092042056,6.671897121914643,5.598879173025332,1.2499950333403935,1.249843831745201,1.2505173814562898,1.256321597896726,-0.0418494394980556,-0.5106851546411426,4.846218587727199,1928.9514211474348
latentB_K1_z64_n2000_s0,test_ood_terrain,1,latentB,64.0,1.0,2000.0,0.0,True,huber,False,1005361,0.0034206995012264,0.0017781465183202,0.0055703589767711,0.0035799845793004,0.0173557032788246,0.0104063913704938,0.0258313943079664,0.0178217470657631,0.2097085230052471,0.1318228151649236,0.2876942381262779,0.2128213478135876,0.0634110386405761,0.0442139400995239,0.0835132865108312,0.0635217965568929,0.5824689324366854,0.2584954281719838,4.139390037176107,8.434204826868152,0.0723497108996162,0.0421509329919481,0.1274384084565135,0.0783912351540741,0.0213673530244136,0.0026429307521714,0.0386437421842324,0.0208898627437778,0.0078125,0.00194091796875,0.013433837890625,0.0077886962890625,0.0,0.0,0.0,0.0,0.3798957516696452,0.0163509807038906,0.9640890940368476,0.4364236449268276,0.6286883012437607,0.3082310153791313,0.8496083434303578,0.6176425724019127,0.0203924704724409,0.0116941437007874,0.0406957431102362,0.0240338951771653,0.5562299645283431,0.3535891129563547,2.873372543080232,5.594164551032172,47.63927363222994,21.9901307845251,68.83994029707569,46.30591000627584,0.760251701687383,0.6420171983424323,0.8207945471745206,0.7380511778982011,5.915787667189743,4.515572900685343,7.106990495463059,5.90141243340926,1.2500230086402055,1.2498978511822905,1.2680155621238598,1.293921712549931,-0.8098440245243866,-0.8831751419245419,-0.0065011609405535,0.9094637049888388
latentB_K1_z64_n2000_s0,test_ood_terrain,5,latentB,64.0,1.0,2000.0,0.0,True,huber,False,1005361,0.0363307132751908,0.023156099598594,0.0570509840963731,0.0379177426911045,0.0754614390697462,0.0546570472873399,0.1077370691812704,0.0774942316867498,0.4110300801694393,0.3288865990936756,0.6385780682787299,0.4501494795014514,0.1008072630050981,0.079542433795164,0.1270168889424689,0.103053812536342,1.2253481301073363,0.3559198230125044,2.812257471092926,1.5049524453325196,0.593055303633446,0.2531725211169106,1.081991252992928,0.6275209688069304,0.1008988914072274,0.0645528707492306,0.1445038019305699,0.1043959025527175,0.03271484375,0.00848388671875,0.06334228515625,0.0352023315429687,0.0,0.0,0.0,0.0,0.1217467760757764,0.0149958957729904,0.3900784685751577,0.1663799750347571,0.4203835770527213,0.2618439287886249,0.5696316542482358,0.418058774582517,0.0268362450787401,0.0201125738188976,0.0554133858267716,0.0332020484744094,1.1331314516219757,0.4642376112827693,2.360964796569416,1.3395216851912672,25.379649205733305,10.58299543360308,41.610720267220415,26.251443971426607,0.4013915553877428,0.2961854071516606,0.5486337511676993,0.4099640484095741,3.69037796633866,1.1798346535409767,8.728202204426559,7.105657437239804,1.2499938374559267,1.2496628331035973,1.2502551026324409,1.2609179663756631,-0.2600325814283276,-0.8831263947361694,7.051656208341017,2989.961157368528
latentB_K1_z64_n2000_s0,test_ood_terrain,10,latentB,64.0,1.0,2000.0,0.0,True,huber,False,1005361,0.0753598484557018,0.0535172155710312,0.1011631777227832,0.0764426291888065,0.1281007583497133,0.0942703335543293,0.172052083549795,0.131585192160176,0.6438217191025615,0.4336818315088749,0.998825119808316,0.6968395666207653,0.1198463765895995,0.0974146686950604,0.1504110578873713,0.1223707534281846,1.481476453528587,0.6776974333736494,2.649345277651377,1.5687641296756083,1.441344181297482,0.8283941993112359,2.1118531364622872,1.457298612380968,0.2104527742021105,0.1544927828125744,0.2715315272934141,0.2116904561956676,0.08563232421875,0.042535400390625,0.13251953125,0.0882086181640625,0.0,0.0,0.0,0.0,0.0874564139334441,0.0195496127824753,0.2782761292014754,0.1158470967859538,0.4177414201143251,0.2968874485687629,0.56803464387334,0.4254474865454209,0.0311731053149606,0.0255659448818897,0.0412924458661417,0.0326642470472441,1.319978026271094,0.7338140710714413,2.28881125499797,1.4504637626777317,20.974149649232537,10.1760102503469,37.5411399719904,22.27120390093336,0.3476555754738634,0.2627666540207738,0.45462388751223,0.3531901685085766,3.647585881656572,3.0875949905812754,7.332356953420135,4.822813746513187,1.2499928831479346,1.2498389050561372,1.2537062721609535,1.2762167283491688,-0.158036539211077,-0.8662700868446048,5.333359282929892,2382.8795511731646
latentB_K1_z64_n2000_s0,test_ood_terrain,20,latentB,64.0,1.0,2000.0,0.0,True,huber,False,1005361,0.160557301696905,0.133332252727606,0.194254874855545,0.1626256217514484,0.2541855043178783,0.2089030671247888,0.3087503376789406,0.2601961946035586,1.195286170579493,0.9016282320022584,1.7028109937906266,1.273965599212097,0.1812113151196281,0.1469677967794894,0.2249334420204553,0.1838066429287787,2.0935606962600017,1.473292306312863,2.9808604331715003,2.1732966224653727,3.910848174175445,3.130048750866627,4.692198387773107,3.942410030882038,0.4154705140619219,0.3284551426967697,0.5230842969430728,0.4200349182872749,0.22119140625,0.164056396484375,0.277911376953125,0.2219235229492187,0.0,0.0,0.0,0.0,0.0736686173631933,0.0263911830101845,0.1942217504969063,0.0936441154547301,0.4443347871356133,0.341673414297168,0.6077289232394669,0.4614149393438492,0.0307886318897637,0.02611343503937,0.0368602362204724,0.0312839874507874,2.1786979425695057,1.6389846729505166,2.9915195482143804,2.2521028261826648,22.15781415673231,8.673317064256292,36.41565839944015,22.97265852730033,0.3375478043267436,0.2649637549315572,0.4391280650990135,0.3478632329002501,3.968332300552025,3.4638281154735986,4.478358049302448,3.991967737905747,1.249993138916163,1.249706214872899,1.2504756109261208,1.2491341831539404,0.3738496629956228,-0.4089885860854098,15.601058827708702,3391.1601207416666
latentB_K1_z64_n2000_s0,test_ood_terrain,50,latentB,64.0,1.0,2000.0,0.0,True,huber,False,1005361,0.459471507947264,0.4131038426271629,0.5186629043712455,0.4629031245463697,0.7239012059031161,0.63476988722582,0.8308026005673491,0.7305189274993268,2.9491638392210007,2.228032884001732,4.015967580676079,3.060701893165242,0.4782251682768553,0.4270177043122405,0.5382122414977782,0.4805949236990542,3.0201169849312555,2.55857090870452,3.6925889644773457,3.086514430796316,13.723684501733098,12.653825534755008,14.801984439813047,13.750728125290712,1.028206383151494,0.9048355777821644,1.182800914879725,1.0415476426453067,0.569549560546875,0.4902099609375,0.635205078125,0.5676766967773438,0.0,0.0,0.0,0.0,0.2967967316424021,0.1323789513130586,0.6275623563802492,0.3537203543744717,0.6987035994073397,0.5473783781329531,1.0530169427941118,0.7589301549213456,0.0256982037401574,0.0200787401574803,0.0300073818897637,0.025380936269685,4.409980920416277,3.6683999157461504,5.372628799708797,4.480033581791981,24.17849738242317,10.655608291065262,38.5165574982873,24.84468466608412,0.3591438860914362,0.2767883792973071,0.4703505973897574,0.3680149391646063,5.626211258468192,4.716271272470339,6.504545848747206,5.6190038243580425,1.249987555644296,1.2497624491187147,1.2514886379847314,1.2488011165940809,-0.0813751221357201,-0.5553974867650783,5.297719204824047,1047.203238628252
latentB_K1_z64_n2000_s0,test_ood_soil,1,latentB,64.0,1.0,2000.0,0.0,True,huber,False,1005361,0.003480304054093,0.0019044610190259,0.0060064888319942,0.0037213039015619,0.0189325921862893,0.0118121173672737,0.0283809993157238,0.0197197250575764,0.2374048021956696,0.1540212999098003,0.3151397804467706,0.2367172278149155,0.0735050227090861,0.0577895972378317,0.0959701404476068,0.0753249852431272,0.7453561553105781,0.436643699032217,4.097789237862571,33.23490498834922,0.0856563402865239,0.046443916047735,0.1495761412609162,0.0913962232397795,0.0198493896744708,0.0055263089385144,0.0410738951928314,0.0216553876191861,0.0,0.0,0.0028137207031249,0.0007296752929687,0.0,0.0,0.0,0.0,0.4414614811039066,0.0070683411329715,0.981206381762028,0.4324105742825563,0.3917581945209971,0.2302479400771963,0.923964740245788,0.5398037439968424,0.0183778297244094,0.0111589566929133,0.0343873031496063,0.0214096333661417,0.6165275099481036,0.433545248898971,2.4818017315134586,21.347597695073546,47.922915363984586,20.46820651546058,68.75056036814583,45.98362967374264,0.7756934192495735,0.6469882096433718,0.8319361360444989,0.7479524047073732,6.067090039458,4.733177856647006,7.462775968993839,6.093011618347425,1.2500068707379837,1.2499098320602602,1.2502381302196606,1.2542128959029244,-0.8036390655355907,-0.8668106932506421,-0.3364369795592357,6.4242869060130765
latentB_K1_z64_n2000_s0,test_ood_soil,5,latentB,64.0,1.0,2000.0,0.0,True,huber,False,1005361,0.0367542452661079,0.021687260775337,0.0540889854774699,0.0372873414537846,0.0783437601152503,0.0579010822804158,0.1024194272988036,0.0796016962141854,0.4904477993841283,0.4007288888096809,0.6071957177016883,0.5030344024374063,0.1225569217287649,0.099687153436951,0.1464758838339695,0.1230951230038378,0.8265860860194849,0.1828878968807888,2.367657655993253,1.1036998838158223,0.5209535232935424,0.1746045502945505,0.9830409201557624,0.5697955576936554,0.1135280685909801,0.0705081338730141,0.1508085406441289,0.111965008699151,0.0042724609375,0.0,0.0255126953124999,0.0092291259765625,0.0,0.0,0.0,0.0,0.1517734004805526,0.0075708042041021,0.5734592450785259,0.2304751813616864,0.2871714749253047,0.1724573630981538,0.7227895687636307,0.399206615739586,0.0304656742125984,0.0217119832677165,0.0754183070866141,0.0387736835629921,0.800430335670225,0.3438462304156295,1.9394950032904767,0.9860064659842928,21.83689582983732,9.368019237571536,40.53513384307676,23.518097692030995,0.3719940577880372,0.2896027404068531,0.4727515197382496,0.3794283975374511,3.732493580546936,1.0334120514235918,9.860381490434266,5.441264817235594,1.2500119817066329,1.249900029291368,1.2705537654966874,1.273914804572352,-0.5332359862116588,-0.906934066685715,1.2966033783404374,114.0271667625455
latentB_K1_z64_n2000_s0,test_ood_soil,10,latentB,64.0,1.0,2000.0,0.0,True,huber,False,1005361,0.078923012680564,0.0536545239080861,0.1011084272354246,0.0786166949407069,0.1336190678162895,0.1007560267636572,0.1788848842068485,0.1361321994170107,0.6330357603728771,0.4874725718051195,1.0411155738402156,0.7071233839022534,0.1424880303464771,0.1168017995567176,0.1741690896246869,0.1440813581995953,1.3008493488009931,0.5931908825575944,2.403838738147988,1.4256074373645389,1.3778899070518855,0.738564633805636,2.0478816901533494,1.4266746261651009,0.2188457310724836,0.1671073262968172,0.2775545604413493,0.2214444997392265,0.03778076171875,0.00384521484375,0.0697753906249999,0.0373837280273437,0.0,0.0,0.0,0.0,0.1065061668080096,0.0086980283734502,0.3510294124637821,0.1459537017002632,0.3263270393306156,0.1943754233983409,0.6292199086783309,0.3765897624803871,0.0327417568897637,0.0268793061023622,0.0449464812992125,0.0346490526574803,1.1877958413219272,0.6182809695183172,1.9927003141527853,1.272400839285072,20.12237482963647,8.805055851876853,34.281646249599646,20.904723093951688,0.329133688629011,0.2596159094025665,0.4148173861594718,0.3322154855030203,3.629601925775416,2.970489220802712,7.368866604620719,4.93500765335368,1.2500014280337814,1.2498934549915592,1.250213759172956,1.251839727630936,-0.203010430777033,-0.8452783649843701,2.445915920185757,519.995916194301
latentB_K1_z64_n2000_s0,test_ood_soil,20,latentB,64.0,1.0,2000.0,0.0,True,huber,False,1005361,0.1651044029364246,0.139374031104903,0.2005524566704385,0.1688886419361482,0.2547132863032711,0.210053356033904,0.3247987426682533,0.2640979346186736,1.2170327454805374,0.8391491119284182,1.792794954776764,1.2830353387790092,0.2002665759463284,0.1696674798619546,0.2513963232337804,0.2045829427465916,1.9619103998511496,1.4342893885556534,2.637777052176548,2.001412670599673,3.885751591796735,3.155628091459378,4.750565553390381,3.920470721659052,0.4430221046692528,0.3650225155418991,0.5202275061187442,0.4443904568975089,0.122802734375,0.07257080078125,0.175445556640625,0.1239236450195312,0.0,0.0,0.0,0.0,0.0907599516717009,0.0100491483702076,0.2181307201991942,0.099793273470186,0.3546253765230134,0.2368058125445668,0.5533736456461523,0.3832507953519017,0.0339566929133858,0.0283218503937007,0.0409110482283464,0.0344208292322834,1.8541394348343767,1.4891168896638622,2.513362389988949,1.95429925795708,20.994084667150386,7.947081674518826,36.23580129563675,20.997441929638125,0.3085652504426528,0.2430111079559297,0.4130451168906395,0.3204971013463825,4.061829949034216,3.5207870920699835,4.527997181636237,4.04274312529768,1.2500000054270444,1.2498715564563814,1.2502515769788742,1.2622456690983646,0.2843857479947933,-0.4062624470590955,5.481303369601204,1908.867904048204
latentB_K1_z64_n2000_s0,test_ood_soil,50,latentB,64.0,1.0,2000.0,0.0,True,huber,False,1005361,0.463701623211235,0.4251928074243054,0.5205229051286121,0.4696828629373963,0.7194436918793484,0.6375186852720585,0.8233948076082234,0.7246973553937844,2.9107980250846595,2.2510695070028306,3.6251036390662192,2.939930993629896,0.4904434128607113,0.4407409984476785,0.553003773864623,0.4947131105662075,2.8843409626110112,2.466436571050385,3.297534102892919,2.8786010783849854,13.745514957479749,12.785465685945017,14.762678896966534,13.772856750354068,1.110562001958804,0.9820759707270278,1.2292357936885374,1.1093453293969409,0.445465087890625,0.398309326171875,0.50059814453125,0.4469952392578125,0.0,0.0,0.0,0.0,0.1794752107067478,0.0783497268680203,0.3336297497633452,0.1914949267761419,0.4978162239694316,0.3725449833844704,0.7066545733937437,0.5284100309338301,0.0281434547244094,0.0230591781496063,0.0335076279527559,0.0283384596456692,3.737346184757559,3.250490056507444,4.43737580239431,3.801873299642147,22.72690472383492,7.528268533657285,37.136993757570096,22.64362403736529,0.3283894318922045,0.2507660068145758,0.4233669545839973,0.3341157081371172,5.522818022085166,4.67934078434609,6.406477000364507,5.593161287142684,1.249992420272248,1.2498554879596488,1.2502758607369406,1.2525011748801482,-0.1437764752895521,-0.534450851829804,6.905328652650539,746.2402481889205
latentB_K1_z64_n2000_s0,test_ood_both,1,latentB,64.0,1.0,2000.0,0.0,True,huber,False,1005361,0.0035345367468433,0.0017918349988403,0.0065473959571897,0.0039031219050602,0.0201544212031633,0.011492012570018,0.0307050237841856,0.0204407832441965,0.2427659253589809,0.1556244662031531,0.3335853166878223,0.2441923773218877,0.0790726332227956,0.0542693580313839,0.1066235031100893,0.0791355744338751,0.5802469848278893,0.2510505028560202,7.119221496591436,271.5961927360797,0.0720092904615194,0.0355925145611836,0.1206721292806578,0.076145347412482,0.0204644613948054,0.0018050370709681,0.0416533222468132,0.0205519567056456,0.0,0.0,0.004766845703125,0.0015487670898437,0.0,0.0,0.0,0.0,0.3118982100509836,0.0093523517432748,0.9654691470929584,0.4888133165254358,0.5432179817081375,0.2141789511862454,0.8196740778589445,0.5740512393929036,0.0198695866141732,0.0120140255905511,0.0459737942913385,0.0252568282480314,0.524234081930447,0.3366835250551546,4.441491519699584,155.52241988596128,47.997910637554085,22.38620587497745,68.45591972340824,46.20228174229476,0.7627213519099019,0.6008688508872452,0.8229829779812949,0.7297445857824809,5.773632883655878,4.471200485594967,7.075756334238522,5.724989108947438,1.2500108724059755,1.2498757335534123,1.2505467971663515,1.2556109351503777,-0.8201613565393249,-0.8883164467297576,0.4597621273610243,53.42692800949539
latentB_K1_z64_n2000_s0,test_ood_both,5,latentB,64.0,1.0,2000.0,0.0,True,huber,False,1005361,0.0356875412929142,0.0207877533560074,0.0568514464070952,0.0368431866856691,0.0774229250598423,0.0566996512181393,0.1051843087715592,0.0790349078737839,0.4712625029496848,0.3942388445138931,0.5903584092855454,0.4845838600757997,0.1221724808696572,0.1015563347833807,0.1447806124619193,0.1222901337697655,1.044870348972342,0.2085196607966584,3.0515889145746686,1.4429424161306317,0.548844643002558,0.182047554387791,1.0520661443162609,0.5922387094653903,0.102175300249489,0.0620127580033893,0.1397973467990698,0.1004353728212894,0.006591796875,0.0,0.0273620605468749,0.0107791137695312,0.0,0.0,0.0,0.0,0.0913585187175916,0.0085040865311019,0.4288099097047113,0.1595609509702232,0.3404884882542576,0.1780621199167931,0.5034823756584026,0.3352825930903663,0.0272360974409448,0.0199311023622047,0.071281373031496,0.0363854884350393,0.9975950130101616,0.3345065698717007,2.424265266802463,1.2545827291852556,25.469777181565668,10.26544292915272,50.730721389435615,27.81600609895398,0.3943700827266103,0.2858178893208065,0.5267901037523894,0.4009681914265962,3.7984785170707225,1.1326619045184632,11.9605413327996,6.14862121817622,1.2499942679252896,1.249676633863711,1.2516613153160048,1.257739657386812,-0.2163415904658426,-0.9118952791518145,18.059864431946107,1299.1799908151197
latentB_K1_z64_n2000_s0,test_ood_both,10,latentB,64.0,1.0,2000.0,0.0,True,huber,False,1005361,0.0752943301612618,0.0545845258681264,0.1027855706627159,0.0777886663096594,0.1313750511244615,0.1018832964510279,0.1792876659004257,0.1365492736264496,0.6729122418910265,0.5030541778542101,1.0306234180927276,0.7272271982545498,0.1410893740935831,0.1159445982567957,0.1703328647123295,0.1433798403041564,1.5832256511696658,0.6466958760095569,2.8083193756039786,1.6991241498036125,1.4674288885017088,0.8150386015817114,2.158820912538708,1.4659820782873365,0.2031365261881519,0.1463365636823937,0.253245817933636,0.202969351822928,0.034423828125,0.010797119140625,0.071539306640625,0.0397601318359375,0.0,0.0,0.0,0.0,0.0636706839480846,0.0112495533604913,0.2358150960515151,0.0977132282043924,0.3248304760939957,0.2173937584975598,0.443165803909246,0.3305611833147814,0.032218873031496,0.0240065206692913,0.0451925442913385,0.0340331262303149,1.3777642916090411,0.6538437046674811,2.637683559463885,1.4990662503467451,19.849157411547303,8.519293478990182,39.86467959645713,21.947577575692616,0.3318548862669514,0.2633722396943072,0.4547697359833035,0.3476393921736894,3.6458878102582286,2.9943843992155648,9.29071231247787,5.517479895753244,1.2499928367875677,1.24972794484327,1.2502285086119476,1.2697885564936484,0.040232642069862,-0.8450272560072258,14.658559941193216,2795.770593547553
latentB_K1_z64_n2000_s0,test_ood_both,20,latentB,64.0,1.0,2000.0,0.0,True,huber,False,1005361,0.1666593105650931,0.1391118127747027,0.2028835246546611,0.169062026674117,0.2602757328020553,0.209073220005682,0.3304107746715515,0.26770872318982,1.22334086894989,0.912834195047617,1.7038654047995805,1.2958204878896504,0.2052563643007365,0.161795301248208,0.2515845547116065,0.2059143299613809,2.101377396513162,1.4715484227798818,3.057316865104164,2.210203470804143,3.950577266452566,3.1653945653485103,4.856164513064263,3.966617471232141,0.420311699092146,0.3348320735125613,0.5081415400319403,0.4173470080982215,0.122100830078125,0.08690185546875,0.16876220703125,0.1258184814453125,0.0,0.0,0.0,0.0,0.0492315997665657,0.0128114990304678,0.1571776073821035,0.0687453834807852,0.325800108869373,0.2525273003485672,0.4573903388941714,0.3416018831218157,0.0333722933070866,0.0266947588582677,0.0397145669291338,0.0330514886811023,2.0285305806890483,1.482989633294998,2.9672341194719687,2.137979076812524,21.244460118892405,8.605501585221015,34.94903858278503,21.93122552172904,0.3236590094339564,0.2595391597465233,0.4178275770788458,0.3332942796182701,3.963956650919867,3.4540114364619363,4.499478873821287,3.973252478750421,1.249990378814301,1.249807678730002,1.2505803679732432,1.2555312286182514,0.2389953882439822,-0.4197976394071199,15.390205481820075,1382.4802861291723
latentB_K1_z64_n2000_s0,test_ood_both,50,latentB,64.0,1.0,2000.0,0.0,True,huber,False,1005361,0.4704739615819315,0.4207224916646928,0.523395601570757,0.4721091737737382,0.7436484964830832,0.6461782980448595,0.8598737025480874,0.7431430211542868,3.011373919434845,2.29349537845701,4.10047158151865,3.141429128695745,0.4929152105559823,0.4247232756870149,0.5634415661716872,0.4943057957138956,3.045224312289544,2.5824419002695858,3.740560524777583,3.1103982143726183,13.825061978508714,12.821896587522168,14.712284130949428,13.760960818833867,1.039879687861482,0.8673013813749686,1.177894512124868,1.0383263038896045,0.446502685546875,0.3860595703125,0.494952392578125,0.4431338500976562,0.0,0.0,0.0,0.0,0.1418460390440005,0.0690239052288801,0.3000955954352071,0.1608346639024852,0.4998206460985837,0.3845994013927025,0.6886671815158989,0.5302952192246241,0.0277128444881889,0.0225301427165354,0.0329355314960629,0.0277046936515748,3.9572287507398816,3.3235589739461218,4.719310674359988,4.012668763882111,22.092802826232603,10.139438322477597,38.29879139814395,23.69862663585021,0.3289253920262568,0.2581973051620936,0.4258097562313874,0.3382673434884452,5.4728814352377935,4.497611797768259,6.50784112315813,5.501025357537158,1.2500093969271058,1.2498308210023774,1.2508207977989283,1.2573624860006452,-0.0150666741346017,-0.5541848589984499,8.678872380886816,1449.215060940532
latentB_K1_z64_n2000_s0,test_ood_policy,1,latentB,64.0,1.0,2000.0,0.0,True,huber,False,1005361,0.0033476937927854,0.001834379646592,0.005766313862821,0.0035737633980734,0.0168355913422755,0.010687480042017,0.0273844018587068,0.018017048719825,0.2181336283683776,0.1422743963892571,0.2981445276440354,0.2193966366385484,0.0571894679497959,0.0427855764836919,0.0770908713496067,0.059689494135454,0.66109983563237,0.4254682936111116,1.662524871517005,6.160248593049499,0.087622383617072,0.0429869910708286,0.1477544064450558,0.0895184621307158,0.02110746592398,0.0064405436262123,0.0418943340042562,0.022968823242018,0.00872802734375,0.0014892578125,0.0149719238281249,0.00835205078125,0.0,0.0,0.0,0.0,0.3773472556261013,0.0058971885024421,0.9652705160364498,0.4179486573069848,0.4357034342033834,0.3156758912058571,0.9110794072006876,0.5605245602198817,0.0195620078740157,0.0129982775590551,0.0367802657480314,0.0235676058070866,0.5611042318521916,0.4304773312378165,1.2038802406367397,4.010345203811636,45.66721030717235,16.23713422306349,64.41494318671012,43.66932150225669,0.7726811674136165,0.697758097946906,0.816745516390586,0.7592460360027585,6.19202995236347,4.88749963145276,7.476624153131549,6.167585787825304,1.250012142449013,1.2498967710844382,1.2501970030020315,1.2606055599040866,-0.8205356881355593,-0.8720351593298024,-0.5889829794858383,0.3007870972481282
latentB_K1_z64_n2000_s0,test_ood_policy,5,latentB,64.0,1.0,2000.0,0.0,True,huber,False,1005361,0.0348459120536124,0.0222573566000949,0.0538683111490857,0.0364798439806653,0.0730892957234931,0.051653117135651,0.0986240477290825,0.0743073150778481,0.4035197591874748,0.3116285593714565,0.5487378619611263,0.4252860147531464,0.098466870133454,0.0782789624344387,0.1216350299634006,0.0997392625711659,1.062969339239589,0.2041753908258833,2.559051041565704,1.2028210785965348,0.538495797983512,0.2011479703733266,1.0527918328078334,0.5883904317026569,0.1098967584389116,0.0719777747427219,0.1435255137305355,0.1085580779879448,0.025299072265625,0.007257080078125,0.0591186523437499,0.0297421264648437,0.0,0.0,0.0,0.0,0.1328179179763889,0.0116865060646012,0.4986547581413991,0.2024936203480109,0.3673631106903575,0.2255110145467251,0.6926430421334748,0.4188948291318883,0.0296813484251968,0.020992249015748,0.0652066929133858,0.0359322711614173,0.9408323207677196,0.3115672737299368,2.104174611226944,1.083274415066548,23.158729424130986,10.671026870330373,42.65630903641912,25.34217642165792,0.3787218780774085,0.3062308751738324,0.4971249297658794,0.3910858764034829,3.689851544931943,0.9881919262310356,9.58587349748329,5.248148298986996,1.249995634516766,1.2498060369190842,1.2502947076085342,1.2736967456720958,-0.305838976308259,-0.9071863268348463,2.859341718623583,38.3359922372805
latentB_K1_z64_n2000_s0,test_ood_policy,10,latentB,64.0,1.0,2000.0,0.0,True,huber,False,1005361,0.0789308436504508,0.0549318348064634,0.1014976974748267,0.0791471902623647,0.1336898450465007,0.0960541535629247,0.1809011225483391,0.1354143448177913,0.6501500846352428,0.4347074165940285,1.056157394213369,0.709470919727828,0.1214513289346061,0.0985212482868837,0.1569259380979518,0.1255575595563338,1.4623573017595874,0.7010654968929786,2.623564491681901,1.5860719129410903,1.4986268475175986,0.8691937314083554,2.2051459294171707,1.5259479247267496,0.2181917027708172,0.1591508028371648,0.27435567471707,0.2187431154912909,0.078094482421875,0.03311767578125,0.132049560546875,0.0811862182617187,0.0,0.0,0.0,0.0,0.1085871082660991,0.017298823278004,0.3239112879393596,0.1411323906618765,0.3840796024693209,0.2433976476257866,0.606369304913945,0.4116944276859141,0.0306502214566929,0.0249723179133858,0.0404189222440944,0.032410340797244,1.3228331283999712,0.7472568496950583,2.4833602713761995,1.4761122066530787,20.64750991553629,8.700319876749704,35.153997404905304,21.62861044052296,0.3362948815720842,0.2704707611917872,0.4517247749892418,0.3511094888625838,3.58125903982762,3.0922768333547297,7.26854288309563,4.743784878129958,1.2500016946062034,1.2498487993332512,1.2510752473806714,1.2681920626312682,-0.0854324840634552,-0.8088720398746335,2.762797899163791,190.5107498370416
latentB_K1_z64_n2000_s0,test_ood_policy,20,latentB,64.0,1.0,2000.0,0.0,True,huber,False,1005361,0.1642917072740225,0.1345856521157421,0.1991066662073597,0.1663751065744484,0.2549344229732478,0.2069158849548072,0.3316129422425288,0.2637802151454903,1.1631120517849922,0.8571289837360382,1.804339626431465,1.252621292366457,0.1876808614048457,0.1529167823051918,0.2338187293747547,0.1907867742296203,2.0874101535294614,1.4461362569134455,2.933434610196977,2.13904167915209,4.0478629363359,3.185383207278756,4.964393607550753,4.0458203888257405,0.4315302132142306,0.3583595310337108,0.5163502766908299,0.4343786913727339,0.2177734375,0.1583251953125,0.28792724609375,0.2218704223632812,0.0,0.0,0.0,0.0,0.1013511100460931,0.020806554608922,0.2171346817485377,0.1103303628974278,0.4317307077385061,0.3114954103691424,0.5678198970221233,0.4378658722734236,0.0314191683070866,0.0263871801181102,0.0371585875984252,0.0317150590551181,2.1546236037744766,1.565596988280957,3.0668009587155,2.2452794780222542,21.311440791688305,7.759502137670571,35.175470259880555,21.22743265691877,0.3431002082569562,0.2597865475469475,0.43297129759773,0.3465434620336776,3.940415338325394,3.512762008034405,4.43562766002415,3.9670607134593183,1.24999799979807,1.249829169149674,1.2506027689563883,1.2690949419445725,0.1437587859453897,-0.4067070728266519,7.709261470534591,109.31136987108864
latentB_K1_z64_n2000_s0,test_ood_policy,50,latentB,64.0,1.0,2000.0,0.0,True,huber,False,1005361,0.4586497887968811,0.4136815528552521,0.5134343708922031,0.4622427179682229,0.72076430533095,0.6295126215106538,0.8308741662796119,0.7223391502880504,2.9424766674637794,2.2344900477677583,3.4765935659408567,2.9154325166120545,0.4789721099866301,0.4265123872406781,0.541703508797143,0.4802373626582366,2.9153432627932765,2.5194142487565774,3.4199666738720773,2.9558275698903445,13.787739499957553,12.842825179769832,14.959441951648593,13.77737405403412,1.0826046159693217,0.9583313820157155,1.2103589532106651,1.084531504513676,0.556610107421875,0.488482666015625,0.627630615234375,0.5603204345703126,0.0,0.0,0.0,0.0,0.2995394719287417,0.1653597914776854,0.5744389049876637,0.3460575159426464,0.6577356040717999,0.5095397049222211,0.8551642768819783,0.6834293151373465,0.0257443405511811,0.0217673474409448,0.0306256151574803,0.0260025529035433,4.359081163310061,3.5869969368965715,5.136571173811803,4.350134706222007,23.09601421136549,8.917530367249368,38.32423894165719,23.071321644136752,0.3525600708802559,0.2713328565250681,0.4731950227734122,0.3618642087948923,5.452163212635061,4.579063109503948,6.421038974098993,5.500359354340637,1.2499908703823503,1.249814260421415,1.2504652539549863,1.260234992512451,0.0762225660021105,-0.5543587986630908,6.111644416943543,1591.2370161405515
latentB_K1_z64_n2000_s0,dev,1,latentB,64.0,1.0,2000.0,0.0,True,huber,False,1005361,0.0032517968723954,0.001906839040259,0.005745243628907,0.0035806448052074,0.017418589279977,0.010840362355194,0.0264299750551105,0.0179535527602036,0.2061874298960901,0.1310317436058539,0.2889894679188728,0.2094888522970728,0.0551395291377659,0.0429750077345466,0.0748282926890957,0.0580474273728623,0.693218328111701,0.4117650427693131,1.8437831868530088,1.3819049100761096,0.0876949350159225,0.0468898446262174,0.1439216562745363,0.0928483486924694,0.0218445640953321,0.0075959349102759,0.0421000150788292,0.0235896654740569,0.00848388671875,0.00205078125,0.0144836425781249,0.0087124633789062,0.0,0.0,0.0,0.0,0.3671446288144614,0.0092711223395956,0.9670587304487976,0.4128685312826499,0.4691103361061909,0.3422407189017077,0.892819188359835,0.5731890021026068,0.0189468503937007,0.0129798228346456,0.0330124261811023,0.0225184547244094,0.600925606803095,0.4424165081950759,1.456665241880355,1.044702255809749,46.01462994300167,19.023555193211777,65.61484819782423,43.69011004957562,0.7792053823057057,0.6862343191270655,0.8201414723005607,0.7643505829782473,6.207205323300399,4.837486497330992,7.355999941105304,6.143577145726385,1.250005231145232,1.2498844773671345,1.2507609344334198,1.269469611652574,-0.8071564122347166,-0.8707174968389142,-0.4884190312267239,-0.6585161980937096
latentB_K1_z64_n2000_s0,dev,5,latentB,64.0,1.0,2000.0,0.0,True,huber,False,1005361,0.0344443036220944,0.0231214315309323,0.0518793772097418,0.0364160724664602,0.0726390261380182,0.054195960519355,0.1008409870382116,0.0750111722654938,0.4059770624153316,0.3348797118291259,0.6115724676026729,0.4371153376727307,0.1013044130054158,0.082302459318368,0.1241813996330394,0.1017757362475121,0.9197564372209278,0.1563724250607593,2.0416725164374028,1.043501928080399,0.5235928577432334,0.1971150541927611,1.00932274234367,0.5645879840126801,0.1132800734973976,0.0749802423885683,0.1566217634192744,0.1152673958083761,0.027618408203125,0.00765380859375,0.0566162109374999,0.0298260498046875,0.0,0.0,0.0,0.0,0.119697046768142,0.0129742579227489,0.4944334834357621,0.2023473523368386,0.3763347205658344,0.2347785922907313,0.7051375994225457,0.4326321857240968,0.0308962844488189,0.0215243602362204,0.0692698080708661,0.0381929749015748,0.863785717178027,0.2945929521839928,1.72989194947784,0.9585266859952596,23.44695755937645,9.157904018968084,41.45046158486114,24.195602548779792,0.3859921248149555,0.2946684790212363,0.4925764945099915,0.3905037943938304,3.7601631037502674,1.119004628958841,9.427014525685848,5.378565151490311,1.2499999976432157,1.2498831359292468,1.2540229853992797,1.270415951362274,-0.461541828873563,-0.902293985896737,1.0600599586064616,0.632154241341985
latentB_K1_z64_n2000_s0,dev,10,latentB,64.0,1.0,2000.0,0.0,True,huber,False,1005361,0.0752767448277773,0.0546575423316003,0.1001455516134621,0.0758860929077314,0.1276460455876627,0.0959239939845487,0.1751970102660227,0.1303762000950984,0.638993501663208,0.4507542366627604,1.0378302805125714,0.7086162702319416,0.1227191912792625,0.0985022668321523,0.1544775234285691,0.1242132255691538,1.3458085027721938,0.6046115962844981,2.197194829213458,1.3909198064734414,1.363496023682801,0.7934967732857423,2.045690179363774,1.4171946773571766,0.225190481683066,0.1678705975252251,0.2804151299988031,0.2246340534690086,0.076934814453125,0.038397216796875,0.1218749999999999,0.0803115844726562,0.0,0.0,0.0,0.0,0.1260845266849656,0.0151886494647509,0.3026388019956038,0.1438625531554695,0.4346880625578415,0.2590819709451486,0.6342020810084543,0.4416330556643753,0.0317575049212598,0.0258396899606299,0.0430671751968503,0.0337727608267716,1.1955922925114637,0.6806009974814256,2.0786404961510883,1.293980483733486,21.81000281502604,9.389725063912904,37.18653279386991,22.419042926415447,0.3404632233884143,0.2690707914550914,0.4451063756842996,0.3492526415109674,3.606231364176123,2.9632763166079044,8.158839977126107,4.832035748393205,1.249994739270384,1.2497751955074996,1.2502018241196349,1.2562631908684805,-0.135964243589757,-0.8388143923864235,4.19391240721626,571.3150695686645
latentB_K1_z64_n2000_s0,dev,20,latentB,64.0,1.0,2000.0,0.0,True,huber,False,1005361,0.1598418681216046,0.1316609373452406,0.196039907759958,0.1616392768449761,0.2451011246772047,0.2002519099892349,0.3221840161832934,0.2552038815552396,1.156587691810273,0.8329395171254873,1.785313590336591,1.2387207258274429,0.180595532505724,0.1465949281690041,0.2252272575864057,0.1842144705246013,1.941394514656985,1.3825921183164491,2.5802576010205374,1.973511872173476,3.917833495643889,3.0051573334490844,4.642804116919746,3.891718543573954,0.4466115031552905,0.3662586300565452,0.5282391588728904,0.4466951176902816,0.216705322265625,0.15701904296875,0.28167724609375,0.2176171875,0.0,0.0,0.0,0.0,0.1041506355365236,0.0205939077380883,0.1981123583528701,0.1067910028348397,0.4656072181173835,0.3317505797568413,0.6250512780955211,0.4755343132486614,0.0323265255905511,0.0267408956692913,0.0378967765748031,0.0324303334153543,1.991432786763512,1.5200827000803605,2.643706521128076,2.0606551773997204,21.49518245631414,8.809107940522416,37.5975106596775,21.92519138398972,0.3437003203268509,0.2711634784982088,0.4454208579112089,0.3507441506643592,3.967948022521308,3.485371164306284,4.478321380069265,3.9855909709704935,1.2499960258597715,1.2497865353476474,1.2587517316862993,1.2476529358976864,0.2462491672102729,-0.4005183788505622,6.2133293400803415,2835.459402936579
latentB_K1_z64_n2000_s0,dev,50,latentB,64.0,1.0,2000.0,0.0,True,huber,False,1005361,0.4534553445337338,0.415828729617485,0.5069492102917894,0.4565673508623939,0.7107722512334241,0.629037382153024,0.8106391642632806,0.7130195881708157,2.854486198164522,2.150998098030686,3.6773911997675897,2.9401482318958734,0.4698703583256811,0.4246100220318601,0.5360693341003658,0.4760312633479958,2.877405817790188,2.463253830321465,3.4098103865841907,2.907788891554577,13.657425575166318,12.679407660717734,14.746638150234244,13.682602762056328,1.1116152041942031,0.9547110988441592,1.2188865735595171,1.093524718750048,0.565338134765625,0.506610107421875,0.624896240234375,0.5654098510742187,0.0,0.0,0.0,0.0,0.2977217857074704,0.1439813721890268,0.6177594492786216,0.3460935486036527,0.6576711517895577,0.5471424513792006,0.9496332674667888,0.720494902310995,0.0261441929133858,0.0214228592519685,0.0304287647637795,0.0260553026574803,4.27436466802873,3.6730724516655577,4.97185025364889,4.299622850379758,22.53047806242484,10.203973010525797,35.903988986631845,23.100629099603303,0.3520311870612977,0.2753572642237988,0.4550312743003394,0.360951793584872,5.538978300605207,4.820049712074796,6.412620791900502,5.593831948269335,1.250005576894611,1.2498430082513188,1.253207871783056,1.2634849762490243,-0.0192191102032385,-0.5099687365491752,10.72687247937739,1954.6746573526543
latentB_K5_z64_noact_n2000_s0,test_indist,1,latentB,64.0,5.0,2000.0,0.0,False,huber,False,1005361,0.0046518168428445,0.0015987101571365,0.0091078588718696,0.0049651487439094,0.0253213503840439,0.0114625770097155,0.0405510990995303,0.0259988345227937,0.2992997365945484,0.1985000264001428,0.3926621618214994,0.2953510950766568,0.0963915149380257,0.0659009623218014,0.1242655261983947,0.0955740530508879,-0.252475481750662,-0.2573345585341925,-0.2513056822550205,-0.2559832076419346,-0.0002240058873627,-0.0002260902792738,-0.0002210704246911,-0.0002236546876124,0.0225851723149266,0.0073836986326416,0.0428068144950721,0.0234379799722542,0.0,0.0,0.0,0.0,0.0,0.0,0.0,0.0,0.4005723437346966,0.0039510438445732,0.9566388219820048,0.4133357364203266,0.1723615918361159,0.0902550780712597,0.8993851072061597,0.4192544052215398,0.0377245324803149,0.0351439468503937,0.0406342273622047,0.0377712844488189,0.0020716052234747,0.001079273700951,0.0061415802702169,0.0048658341661876,46.54956509076192,20.92951697767452,72.02233996719667,47.31156258062995,0.3201224656981292,0.2405943257153451,0.4124566130901463,0.3270580934231438,0.2850557670652918,0.2782280976294026,0.2906015951791228,0.2845164884228485,1.2500006802695327,1.2498957639265935,1.2502986310399689,1.272544343722919,-0.9963388175161528,-0.998110406091041,-0.9891938834928156,-0.99139851720482
latentB_K5_z64_noact_n2000_s0,test_indist,5,latentB,64.0,5.0,2000.0,0.0,False,huber,False,1005361,0.022871615923683,0.0145891774450219,0.030379316869408,0.0223369797685252,0.0595182341254174,0.0447370567762817,0.0731004383088402,0.0588887888606554,0.3774637172027724,0.3192397549748421,0.4332458628457971,0.3761330182481356,0.1021011476611747,0.0862379871021414,0.1198483607320246,0.1026027923365022,-0.2523341958055822,-0.2537457615684697,-0.2518102417746792,-0.252642457233515,-0.0010850547289758,-0.0010974269232401,-0.0010763214219496,-0.0010853368482083,0.1161941484272974,0.0732166856678641,0.1498565380190817,0.1134662468135757,0.0,0.0,0.0,0.0,0.0,0.0,0.0,0.0,0.0835901250097324,0.0009686533322265,0.4503560003700181,0.1826185155385874,0.0658278772563946,0.0442680976113315,0.6801614280647377,0.2694739841108706,0.039662278543307,0.0358021653543307,0.0440083661417322,0.0398685100885826,0.0021432583647114,0.0016035918459613,0.0033635323443485,0.0024228155420168,24.90592438809016,9.339445573925266,43.84706906198967,25.916836091626145,0.310796540338491,0.2487126684476682,0.3941724866753191,0.3201985093343629,0.3062192563543537,0.2980885599381869,0.3077690952676502,0.3043387590965047,1.2500014525536995,1.2498814129537947,1.251048303104366,1.2580309278146518,-0.99642760814663,-0.99809153089343,-0.984770126116035,5.02937594418
latentB_K5_z64_noact_n2000_s0,test_indist,10,latentB,64.0,5.0,2000.0,0.0,False,huber,False,1005361,0.0390168477702333,0.0292115460111403,0.0499664263290527,0.0393561827549063,0.079294954949749,0.0664529526141574,0.0935149406122479,0.0793671698843043,0.3981949905864894,0.3495018884539604,0.4539941892493516,0.4002314646769423,0.104626336127528,0.0895745466500594,0.1182952703914675,0.1045872843860092,-0.2523650928329162,-0.2530760401201485,-0.2518647192030793,-0.2524568558197059,-0.0021232836771591,-0.0021447013778661,-0.0021107787393798,-0.0021260663389508,0.2249067511155231,0.1718731234301999,0.2844905387959079,0.2252573724484335,0.0,0.0,0.0,0.0,0.0,0.0,0.0,0.0,0.0479147292260715,0.0006487551982182,0.270425147541275,0.1065279438050613,0.0450165095579944,0.0327300627492353,0.5476929386487823,0.209699412142723,0.042722687007874,0.0383581446850393,0.0475885826771653,0.0427203801673228,0.0024923589515185,0.0019271938358381,0.0032512301792053,0.0025605321764291,21.812245467141093,8.041857654757951,34.05905785488899,21.70103978552225,0.3039672632737403,0.2399194170421599,0.3881695520106882,0.3108291310857296,0.3144449781959583,0.3069559725022653,0.3145647799156606,0.3124737901229108,1.2499998137227917,1.249848071821822,1.25023922299819,1.2717684370192708,-0.996123383488508,-0.9980166936679876,-0.9800247545241972,8.000121744437537
latentB_K5_z64_noact_n2000_s0,test_indist,20,latentB,64.0,5.0,2000.0,0.0,False,huber,False,1005361,0.0637284732068483,0.0533227426351231,0.0759358726858001,0.0643454043925833,0.1025251631038835,0.0902783544998745,0.1183199348134854,0.1037774122628877,0.430786250915844,0.3815079265856184,0.5094626054167747,0.4373569175352338,0.1072014421985629,0.0959748030688929,0.119912841052157,0.1081798511225571,-0.2523377868953871,-0.2528340352988392,-0.2519748774621144,-0.252387236385467,-0.0041883114982255,-0.0042464724523251,-0.004147643287687,-0.0041974117588337,0.447810302839404,0.3730616695120436,0.5285453760401604,0.4494446190270619,0.0,0.0,0.0,0.0,0.0,0.0,0.0,0.0,0.0357696904280455,0.0004611307241341,0.1601774925406248,0.0669280684321914,0.0354491675837359,0.024566476733862,0.4374876518341976,0.1656576262973662,0.0481822096456692,0.0431840551181102,0.0544137549212598,0.0485740649606299,0.0030058211441144,0.002548841118732,0.0035886666221668,0.0030637649604038,19.61669802665795,8.847892388162185,29.58566317795021,19.34455697768332,0.311475379270748,0.248521344548602,0.3959957763760439,0.3198368037301045,0.3494918372685307,0.3462851579138487,0.3602924762743502,0.3518217972320958,1.250008300164878,1.2498689725455503,1.2533043733875668,1.2816749446309046,-0.9959420329288156,-0.9979994748040264,-0.9772910821093872,7.147183641570218
latentB_K5_z64_noact_n2000_s0,test_indist,50,latentB,64.0,5.0,2000.0,0.0,False,huber,False,1005361,0.1038322454687653,0.0901957307993959,0.118465601727895,0.1038604109882418,0.1397769688609203,0.1223797565867764,0.1575654985022282,0.1393806095819028,0.4970085583627224,0.4222163263009861,0.5892503470182419,0.5025075890796529,0.1195231916821384,0.1062467040908602,0.135248204329181,0.1200905999737338,-0.2524528706209481,-0.2527122312597314,-0.2521886638851734,-0.2524516229609785,-0.0108392964819216,-0.010909255733974,-0.0100790238746858,-0.0106286093652239,1.096040915431202,0.9808470715430008,1.2126753370836372,1.0914950593460804,0.0,0.0,0.0,0.0,0.0,0.0,0.0,0.0,0.0250823727670965,0.000652242073286,0.096735302607886,0.0421979872792512,0.0277877018106619,0.019314559364965,0.3440360544405174,0.1295122424167038,0.0484436515748031,0.0426827017716535,0.0547028789370078,0.0483947465551181,0.0056552312072541,0.0048330641470098,0.0065902797167703,0.0057023718555284,17.863521940530457,7.652326562108502,29.70961846312889,18.424501971992925,0.311682469248587,0.2469437687281763,0.3903408880951336,0.3166681751099264,0.5403748779055382,0.4849394034996818,0.7110144385978631,0.571097617228686,1.2499950333403935,1.249843831745201,1.2505173814562898,1.256321597896726,-0.9942893678784598,-0.99710684157468,-0.9655157371745452,10.165595491552317
latentB_K5_z64_noact_n2000_s0,test_ood_terrain,1,latentB,64.0,5.0,2000.0,0.0,False,huber,False,1005361,0.0041854819776362,0.0005899264523261,0.0078220661766804,0.0042828596834974,0.0239440191665111,0.0056163658683619,0.0367204223861709,0.0227117574596815,0.2881027981638908,0.1251665541902184,0.3666595384478569,0.2645180888476898,0.0924758104784043,0.0487527847987456,0.1208803665582295,0.0868775051206142,-0.2526219531419695,-0.2644882896607133,-0.251455503241142,-0.2826497681420675,-0.0002255941167978,-0.0002280872012271,-0.0002203618411462,-0.0002250163558199,0.0213673530244136,0.0026429307521714,0.0386437421842324,0.0208898627437778,0.0,0.0,0.0,0.0,0.0,0.0,0.0,0.0,0.3467883983083218,0.006102328863664,0.9619674735994294,0.3933541003021006,0.5136528475876461,0.0959460635449664,0.8083011136458349,0.4234914286020106,0.038078248031496,0.0355561023622047,0.0409756397637795,0.0382065083661417,0.0023231358254414,0.0012157041322191,0.0115501096057492,0.0263004320192943,47.63501764549758,21.282933811903064,71.29124201330411,46.44059670874525,0.3118527819611721,0.2134670154699364,0.4068256863824459,0.3130719202568665,0.284074462859762,0.2747372053452143,0.2883275229718908,0.2827056158665887,1.2500230086402055,1.2498978511822905,1.2680155621238598,1.293921712549931,-0.9958849068198328,-0.9978764658450046,-0.979575794098723,-0.9536680139765236
latentB_K5_z64_noact_n2000_s0,test_ood_terrain,5,latentB,64.0,5.0,2000.0,0.0,False,huber,False,1005361,0.0196434554098638,0.0123741508717684,0.0282794871359185,0.0200194023917147,0.0556872820754711,0.0405631174265613,0.069070011361305,0.0550006817883356,0.3675068551674485,0.2920353390276432,0.4299474202096462,0.3676127914438257,0.0985433728613401,0.0820247189749832,0.1153771850524514,0.0987700428644269,-0.2526996491590571,-0.254217117520328,-0.2518661084604872,-0.2529662234815874,-0.0010904486485105,-0.0011059416769876,-0.0010743119416879,-0.0010908407970018,0.1008988914072274,0.0645528707492306,0.1445038019305699,0.1043959025527175,0.0,0.0,0.0,0.0,0.0,0.0,0.0,0.0,0.0435231568876133,0.001348930419342,0.3751011799200255,0.1378950970229698,0.1777847464290503,0.0484532769897285,0.4553364487587332,0.2268550282606971,0.0397237942913385,0.0352454478346456,0.0441098671259842,0.0396093749999999,0.0024845162841314,0.0017325666275251,0.0038517517357294,0.0027595879199358,23.529376196521884,8.805356892395034,43.01231573490675,25.18090650757157,0.3087239329440869,0.2484259012711878,0.4180181597142391,0.3228639743585021,0.3049366506164049,0.2926823139630559,0.3087204600432729,0.3022709166470273,1.2499938374559267,1.2496628331035973,1.2502551026324409,1.2609179663756631,-0.9959346344604624,-0.9980959703220604,-0.962231711017666,13.785587418615853
latentB_K5_z64_noact_n2000_s0,test_ood_terrain,10,latentB,64.0,5.0,2000.0,0.0,False,huber,False,1005361,0.0366740587828062,0.0269400590320533,0.0476187782783558,0.0369669127769329,0.0755716883265823,0.061260716580867,0.0900237206752029,0.075985894912579,0.3872305024415254,0.3333287917077541,0.4502869814634323,0.3903244745288975,0.1012452679023257,0.0864529614613096,0.1150354664030569,0.1014264027883231,-0.2525613437493672,-0.2534698235464556,-0.2519674795188845,-0.2526520756334579,-0.0021285646770274,-0.0021808652509403,-0.0021068865012082,-0.0021348207568114,0.2104527742021105,0.1544927828125744,0.2715315272934141,0.2116904561956676,0.0,0.0,0.0,0.0,0.0,0.0,0.0,0.0,0.0253172640202625,0.0007722468021823,0.2213046311070958,0.0803401476211978,0.1275939517787995,0.0349830302315094,0.3521517368780411,0.1704479545763477,0.0424304872047244,0.0378844734251968,0.0471272145669291,0.0424364849901574,0.0026310750700114,0.0020355151916839,0.0036102297850624,0.0027653460709519,19.475097875404288,6.818107187107015,35.01189737436616,20.474886724142205,0.3089537689158169,0.2362934387550412,0.3986569197733138,0.3136736692778546,0.313872825936109,0.3066946500048194,0.3178589091390861,0.3119389099855882,1.2499928831479346,1.2498389050561372,1.2537062721609535,1.2762167283491688,-0.9962861704155824,-0.9982032475942646,-0.9734714004793436,9.507940874302449
latentB_K5_z64_noact_n2000_s0,test_ood_terrain,20,latentB,64.0,5.0,2000.0,0.0,False,huber,False,1005361,0.0609484011674786,0.048253817184725,0.0737148591491526,0.0610434206583908,0.1003282647570696,0.0829711228285278,0.116292287922171,0.0995785678095243,0.4131415178999305,0.3509952493011951,0.4834071236662566,0.4181782646069769,0.1047569963381747,0.0909776100102949,0.1188980880621851,0.1048298488184465,-0.2525234130936203,-0.2532080837061839,-0.2520087508066035,-0.2525811140527797,-0.0041859808325693,-0.0043392533259739,-0.0041111236278926,-0.0042013649207574,0.4154705140619219,0.3284551426967697,0.5230842969430728,0.4200349182872749,0.0,0.0,0.0,0.0,0.0,0.0,0.0,0.0,0.0161892932291695,0.0005149824964766,0.1260257310879891,0.0470379921208624,0.0996105581776289,0.0264329881223336,0.2809546054924168,0.130211945545078,0.048582062007874,0.0427688238188976,0.0542015255905511,0.0487460014763779,0.0031786766137974,0.0026259315236198,0.0040613819575023,0.00327571122492,18.848114013432728,7.746257394629447,33.39044417809028,19.72316318281649,0.3182355186183717,0.2518465820208818,0.4048206088203684,0.3245049088361301,0.3563471694448162,0.3447918138223587,0.4620008171296348,0.3805293828118292,1.249993138916163,1.249706214872899,1.2504756109261208,1.2491341831539404,-0.9951088519687414,-0.9977900096019988,-0.9398877545476128,11.748638739004043
latentB_K5_z64_noact_n2000_s0,test_ood_terrain,50,latentB,64.0,5.0,2000.0,0.0,False,huber,False,1005361,0.0990332259573336,0.0850949806737457,0.1173589869788962,0.1005796684179178,0.13436433605859,0.1177759455008654,0.1581327161931966,0.1355540219422225,0.4799418821930885,0.4085433393716812,0.5755429409444333,0.4877117696381174,0.1161658702282572,0.1012229989948698,0.1337792722905879,0.116853649114699,-0.2524006798549637,-0.2528320021476101,-0.2515945144171198,-0.2523484213103216,-0.0106092356585622,-0.0108366432372495,-0.0063751836621213,-0.0097312019416503,1.028206383151494,0.9048355777821644,1.182800914879725,1.0415476426453067,0.0,0.0,0.0,0.0,0.0,0.0,0.0,0.0,0.0071775348236958,0.0007717504652923,0.0829591062087496,0.0281669304447875,0.0756011330168279,0.0209850488622839,0.2157697875648854,0.1004387175368242,0.0478131151574803,0.0400129183070866,0.0540692667322834,0.0474655511811023,0.0059889674109097,0.0050310267344683,0.0097339472627653,0.006587246092036,17.77508341842544,6.870842462003059,29.526470642343725,18.2132441946178,0.324441217350977,0.2514590967254704,0.4189591426836853,0.326174526116415,0.5734349361887612,0.4822333759630618,0.9287731886405706,0.6452493778030521,1.249987555644296,1.2497624491187147,1.2514886379847314,1.2488011165940809,-0.9939142645610564,-0.99718259824414,-0.9534542907018552,7.408312740405711
latentB_K5_z64_noact_n2000_s0,test_ood_soil,1,latentB,64.0,5.0,2000.0,0.0,False,huber,False,1005361,0.0043409351298563,0.0012239930205219,0.0086533984151285,0.0046973466907494,0.0270002461143613,0.0117425111419324,0.0451767016464951,0.0277771599371049,0.3832291942089796,0.2346601660305168,0.500431202352047,0.3716757358369182,0.115624283936966,0.0728452879043407,0.1492405492887974,0.1136894975675788,-0.2528187173412634,-0.2601497127051069,-0.2513638597522705,-0.3685284605332141,-0.0002240112520514,-0.0002257455816864,-0.0002211959842985,-0.0002235490540286,0.0198493896744708,0.0055263089385144,0.0410738951928314,0.0216553876191861,0.0,0.0,0.0,0.0,0.0,0.0,0.0,0.0,0.4084974704850643,0.0023258078661635,0.9804328565188576,0.4216428200839642,0.145299171878859,0.0669417173786103,0.9168838249981404,0.4229979740052805,0.0380013533464567,0.035857529527559,0.0404158464566929,0.0381051611712598,0.0022729688899417,0.001122985363359,0.0081019010127114,0.0945776797569191,48.4262674588248,20.499966229207523,73.56890206180654,47.58062356810446,0.2930114006512788,0.2035237864892341,0.381593975663236,0.2958573296789131,0.2850606406181751,0.2788894724029344,0.2903229860916184,0.2847588189660635,1.2500068707379837,1.2499098320602602,1.2502381302196606,1.2542128959029244,-0.9960117743556662,-0.9980345794025612,-0.985810695426206,-0.834872038449879
latentB_K5_z64_noact_n2000_s0,test_ood_soil,5,latentB,64.0,5.0,2000.0,0.0,False,huber,False,1005361,0.0223184469710224,0.0146471907020144,0.0290671026668651,0.022295539878245,0.0662648983253685,0.0503790940749194,0.0802878344428208,0.0653040185559981,0.4824672838149126,0.4003596741124056,0.5444106916082092,0.479378551118466,0.1247432391971173,0.1097102443572412,0.1432380148703694,0.1246915231112255,-0.252390530191562,-0.2538477939057829,-0.2517992238792689,-0.2526718069525704,-0.0010850693279829,-0.0010940638082688,-0.0010752631255073,-0.0010847499989562,0.1135280685909801,0.0705081338730141,0.1508085406441289,0.111965008699151,0.0,0.0,0.0,0.0,0.0,0.0,0.0,0.0,0.1006533943250022,0.0005532564945712,0.5622862721156417,0.2172242890915796,0.053500635682988,0.0334786619253714,0.7041066549228773,0.2811331941272356,0.0403389517716535,0.0358882874015748,0.0449157234251968,0.0404675196850393,0.002193823917968,0.001680118603056,0.0033245149853085,0.0024167635709118,22.237109101006865,8.764008857481492,40.95165092728266,23.90865586841816,0.2839309003914706,0.2216876105653643,0.3812226947008382,0.2941432144419104,0.3062034787573249,0.2976024919354696,0.3070514000418288,0.3044624575460882,1.2500119817066329,1.249900029291368,1.2705537654966874,1.273914804572352,-0.9961944000361672,-0.9980274477045292,-0.9856873819933178,1.579300667903018
latentB_K5_z64_noact_n2000_s0,test_ood_soil,10,latentB,64.0,5.0,2000.0,0.0,False,huber,False,1005361,0.0402331902831186,0.0302001002868693,0.0501907372283985,0.0403587273787921,0.0895240892626713,0.073649290995964,0.1031201315432093,0.089069497240205,0.5078044906258583,0.452865669131279,0.5704808467999101,0.5092648870921539,0.1277361756459125,0.1117795651560333,0.1413864658051646,0.1271307682925401,-0.2524074542829815,-0.2531752345740834,-0.2519163670522395,-0.2525008988487805,-0.0021233235824118,-0.0021405887294288,-0.0021096281349418,-0.0021245980876556,0.2188457310724836,0.1671073262968172,0.2775545604413493,0.2214444997392265,0.0,0.0,0.0,0.0,0.0,0.0,0.0,0.0,0.071605291402117,0.0003217240026059,0.3357435543828705,0.1298611257363696,0.0384278360206313,0.0244539716867308,0.5829659816347448,0.223042265768711,0.0438607283464566,0.0383827509842519,0.0494894192913385,0.0437778358759842,0.0024017495246678,0.0019311163033628,0.0032140892254425,0.0024852214464699,19.343997825651183,8.129920438927734,33.1237907022199,20.101166255959864,0.2895533066698916,0.2224094114436795,0.3681785521504667,0.2936798652201379,0.3144327587919665,0.3066162756462906,0.3145694533308523,0.3125508369285192,1.2500014280337814,1.2498934549915592,1.250213759172956,1.251839727630936,-0.9962503710518024,-0.9981500816346792,-0.9836460618866316,1.2893546821735933
latentB_K5_z64_noact_n2000_s0,test_ood_soil,20,latentB,64.0,5.0,2000.0,0.0,False,huber,False,1005361,0.0680705231315272,0.0571851882786358,0.0799157521322287,0.0687283733142366,0.1182372598117647,0.1030164101848991,0.1327043487881154,0.1187864020370005,0.5447317254729569,0.4816102966666221,0.6169826716184617,0.5485736270924781,0.1318369562645593,0.1183314100023232,0.1464458619138093,0.1320389882144138,-0.252371830281724,-0.2528533014766978,-0.2520072102077898,-0.2524091077243361,-0.0041884380806147,-0.0042393490310569,-0.0041454516563626,-0.0041925347945161,0.4430221046692528,0.3650225155418991,0.5202275061187442,0.4443904568975089,0.0,0.0,0.0,0.0,0.0,0.0,0.0,0.0,0.0430615018739466,0.0002315583693045,0.1864227588341668,0.0780825443778226,0.0292268293669679,0.0182264611663598,0.461644772928495,0.1752852595202357,0.0510580708661417,0.0457062007874015,0.0575572096456692,0.0513241264763779,0.0028478407493892,0.0024187553883009,0.0033692265839425,0.0028621633917421,17.891706531287063,7.749012092930474,30.19129705383894,18.84125984618176,0.2883287803132069,0.2353809333536937,0.3744535227550051,0.2969115299182699,0.3495113185662675,0.3440729532617656,0.3618006346189724,0.3520592500626117,1.2500000054270444,1.2498715564563814,1.2502515769788742,1.2622456690983646,-0.9954064981642564,-0.9979670277194512,-0.9796040797384108,5.600669456476741
latentB_K5_z64_noact_n2000_s0,test_ood_soil,50,latentB,64.0,5.0,2000.0,0.0,False,huber,False,1005361,0.1182437225100803,0.1016612498248938,0.1346794645668065,0.1177100860814735,0.1627267954178167,0.1428126525088439,0.1818924143366746,0.1625103670890297,0.6024064958328381,0.5235466419486329,0.7199437350034714,0.6148175079191833,0.1446923014181861,0.1271451775980664,0.1598304257552187,0.1443244441392614,-0.2523839319767677,-0.2527117396660479,-0.2521701703110624,-0.252410671627466,-0.0108390307672597,-0.0109317348623299,-0.0100420472524892,-0.0106140517084211,1.110562001958804,0.9820759707270278,1.2292357936885374,1.1093453293969409,0.0,0.0,0.0,0.0,0.0,0.0,0.0,0.0,0.0263349982762051,0.0003104727466763,0.1063667180164919,0.0453456878535217,0.021870932701188,0.0138028873525631,0.356023848418644,0.1331962889735801,0.0545490895669291,0.0482591043307086,0.0614849901574803,0.0547277928149606,0.0049828669006422,0.0042091146144963,0.005973645913839,0.0050230349706344,18.43818593979424,7.671828261110331,28.4301700008802,18.30805079266913,0.2977847573717508,0.2337983464906398,0.3738157900658354,0.3028419096935376,0.5404652936637444,0.4820737340572694,0.7004157129718408,0.570979747494305,1.249992420272248,1.2498554879596488,1.2502758607369406,1.2525011748801482,-0.994745505120756,-0.9972906426618798,-0.9524354512469276,3.153685412367809
latentB_K5_z64_noact_n2000_s0,test_ood_both,1,latentB,64.0,5.0,2000.0,0.0,False,huber,False,1005361,0.0044256604868967,0.0004060111352434,0.0087744443817905,0.0044324018606045,0.0275257369210284,0.0051472415978119,0.043683777218226,0.0255595452369288,0.3715108260512352,0.1531645737588405,0.4822558741550892,0.3370033971679367,0.1139970268827088,0.0456878323654219,0.151581105507403,0.1063741937126714,-0.2526845223503363,-0.2697569594179247,-0.2513222287136814,-1.2791532459596058,-0.0002247711551291,-0.0002285425782424,-0.0002167153236951,-0.0002242359472848,0.0204644613948054,0.0018050370709681,0.0416533222468132,0.0205519567056456,0.0,0.0,0.0,0.0,0.0,0.0,0.0,0.0,0.2998920831117327,0.0029169171509762,0.9604041697826492,0.400333985800417,0.4805123681571326,0.074824301146833,0.7767506759145368,0.4038763950784101,0.0386165108267716,0.036414247047244,0.0429010826771653,0.0391982960137795,0.0021641962365352,0.0011134151258698,0.0159112139346319,0.6886340911087739,46.11471573571172,22.5259589995826,74.56052074180289,47.22284605198087,0.2916735444481117,0.1915455769816832,0.3771626601269236,0.2875839590521039,0.2847077640700866,0.2737148563125235,0.2917138799781121,0.283516892889066,1.2500108724059755,1.2498757335534123,1.2505467971663515,1.2556109351503777,-0.996222193103919,-0.9980549261169288,-0.9722549021039988,0.0771502112141832
latentB_K5_z64_noact_n2000_s0,test_ood_both,5,latentB,64.0,5.0,2000.0,0.0,False,huber,False,1005361,0.0198549572703026,0.0120239660163572,0.0279828471317483,0.0198601921687502,0.0616611220139733,0.0462201543722516,0.0767146106058917,0.0609705566395847,0.4626631923019886,0.3892069056630134,0.5328556411201134,0.460573130591365,0.1209546561423356,0.1024817465962311,0.1407106522878879,0.1217394593921771,-0.2526600929860951,-0.254361596545807,-0.2519628912301953,-0.2530884017359336,-0.0010873900929476,-0.0011177071631345,-0.0010631754402284,-0.0010889413316326,0.102175300249489,0.0620127580033893,0.1397973467990698,0.1004353728212894,0.0,0.0,0.0,0.0,0.0,0.0,0.0,0.0,0.045144917174399,0.0008432947276326,0.3915335011960376,0.1403939977284424,0.1558005235719186,0.0369843543174521,0.4454914927136452,0.208747838250102,0.0408156988188976,0.0368079478346456,0.045435531496063,0.041170029527559,0.0024700950134185,0.0017487144036193,0.004050488800318,0.0027761524767095,25.81790792964756,9.79269359938805,48.07805959832219,27.662038196305343,0.3030905929935446,0.2310956538672167,0.3901152009427108,0.3071539536777663,0.3053192165145009,0.2818750622271781,0.3092886807243812,0.2999356027314412,1.2499942679252896,1.249676633863711,1.2516613153160048,1.257739657386812,-0.9957280001682728,-0.9979648782103298,-0.866517182833737,14.831189679856454
latentB_K5_z64_noact_n2000_s0,test_ood_both,10,latentB,64.0,5.0,2000.0,0.0,False,huber,False,1005361,0.0363401959516454,0.0268538495323322,0.0482400316257486,0.0369040153801669,0.0835337721461757,0.0690076837360817,0.0995096834445278,0.0841033015765933,0.4910312183201313,0.4204022500663996,0.5674076329916715,0.4914878708391916,0.1235559169530148,0.1081788191223866,0.1388480883614068,0.1236257730873363,-0.2526217264433631,-0.2536301273652268,-0.2520876285755061,-0.2528105907647862,-0.0021257677927769,-0.002211858619471,-0.0020921397397141,-0.0021357995670249,0.2031365261881519,0.1463365636823937,0.253245817933636,0.202969351822928,0.0,0.0,0.0,0.0,0.0,0.0,0.0,0.0,0.0160841783316248,0.0004509573112254,0.2195504821304998,0.0778201584435673,0.1160674237331378,0.0264936520356632,0.3285638029637427,0.1545900692889567,0.0447527066929133,0.0385672982283464,0.0506674458661417,0.044583999753937,0.0026436859381872,0.0020294887824006,0.0035737871753129,0.0027774902011025,19.65040205469174,6.971726505497356,37.208588616336,21.0527928424769,0.3018015551797369,0.2295027201900591,0.3878124984895331,0.3067749624557259,0.3140812409591902,0.2900389707813641,0.3174622082586932,0.3087054707350559,1.2499928367875677,1.24972794484327,1.2502285086119476,1.2697885564936484,-0.9961806228197256,-0.998039717261584,-0.9348351385485992,13.299433360185
latentB_K5_z64_noact_n2000_s0,test_ood_both,20,latentB,64.0,5.0,2000.0,0.0,False,huber,False,1005361,0.0656162086210137,0.0496886474048912,0.0796597106754878,0.0651059013951817,0.1148889856453379,0.095965943649649,0.1330043710371683,0.1144580405101877,0.5268818438053131,0.4587207267060876,0.6134886706247926,0.5348810882522957,0.128726651802188,0.1130392541950586,0.1438389831946685,0.1290742767767699,-0.2524985309100803,-0.2532148509581665,-0.2520637301291901,-0.2525992880236055,-0.0041872008783877,-0.0043720611181579,-0.0040551838126466,-0.0042022059382978,0.420311699092146,0.3348320735125613,0.5081415400319403,0.4173470080982215,0.0,0.0,0.0,0.0,0.0,0.0,0.0,0.0,0.0068475521482404,0.0002840389216967,0.1365019042264115,0.0458911410958891,0.0836277398893508,0.0196731994538936,0.2511502613196689,0.1169469908421687,0.0527497539370078,0.0464689960629921,0.0583107775590551,0.0525562869094488,0.0029755877879517,0.0024302706873433,0.0038213514935103,0.0030871463903202,18.484516583950324,6.967235208654823,31.63392382032452,19.22180500444,0.2909463151000637,0.2287938004211731,0.3810079167362634,0.2995044028684961,0.3549847239186382,0.3475419131920547,0.5634393825363321,0.4042100409717162,1.249990378814301,1.249807678730002,1.2505803679732432,1.2555312286182514,-0.995743872284592,-0.9980464295593624,-0.94030839345204,3.846115752196142
latentB_K5_z64_noact_n2000_s0,test_ood_both,50,latentB,64.0,5.0,2000.0,0.0,False,huber,False,1005361,0.1124436651485668,0.096401968698969,0.1277741955203502,0.1126544091839736,0.1567645612923552,0.1389412243039332,0.1765958073399034,0.1575450058148421,0.590254781767726,0.5131480933981948,0.6769033682532608,0.5964638551120879,0.140637813111673,0.1242119621052496,0.1577028719510047,0.1405942355273254,-0.2524334863836207,-0.2527946028798397,-0.2517769171614432,-0.2523768529911834,-0.010665318745448,-0.0108411171237639,-0.0072792137332789,-0.0097804548984368,1.039879687861482,0.8673013813749686,1.177894512124868,1.0383263038896045,0.0,0.0,0.0,0.0,0.0,0.0,0.0,0.0,0.003930889513343,0.0003747283684006,0.0705318941813757,0.0259815614699667,0.0629897241136154,0.0148696001373027,0.1863357331797017,0.0876440794451366,0.0538877952755905,0.0485266978346456,0.0612912155511811,0.0543842273622047,0.0052135637525521,0.0045616239507673,0.0093880408626618,0.0060338995905574,18.06322477427959,7.916900690505859,29.61376338591969,18.37577963651838,0.3025120734841169,0.244474706563424,0.3893897833011717,0.3080160235682011,0.569730088780058,0.4882259656766587,0.8563693970478419,0.6337545994732081,1.2500093969271058,1.2498308210023774,1.2508207977989283,1.2573624860006452,-0.9939128079369272,-0.9970743937405768,-0.9288112110647824,10.445313340243358
latentB_K5_z64_noact_n2000_s0,test_ood_policy,1,latentB,64.0,5.0,2000.0,0.0,False,huber,False,1005361,0.0045029314805877,0.0014060905013414,0.0092146522309662,0.0049637290933107,0.0247069770667346,0.0116829025683794,0.0422065279709671,0.0259160723681983,0.2965174078417476,0.2005147327698068,0.3994526011229027,0.2948269028091544,0.0948527224501288,0.0651092733543985,0.1278364463906556,0.0948211727441044,-0.2525810573319517,-0.2572736000679992,-0.2513138793280497,-0.2659579815482604,-0.0002240083478874,-0.0002258476415668,-0.000221014254049,-0.0002235767024931,0.02110746592398,0.0064405436262123,0.0418943340042562,0.022968823242018,0.0,0.0,0.0,0.0,0.0,0.0,0.0,0.0,0.3501478267042659,0.0030860884216187,0.9648387450464064,0.4038595036951629,0.1463600661305062,0.0881620284645238,0.8901274982447637,0.3998881451294174,0.0380167322834645,0.0353715551181102,0.0403666338582677,0.0379589074803149,0.0021413401748499,0.0010567040814198,0.0062490633739154,0.0126650060079267,45.98944972237887,20.330854090655297,71.2190945372743,45.689151341208806,0.3217996724669476,0.2462362929172949,0.4167805960963338,0.3275361780841599,0.2850583112732476,0.278429699424754,0.2905571853955478,0.2846927078562472,1.250012142449013,1.2498967710844382,1.2501970030020315,1.2606055599040866,-0.9962693727149698,-0.9981553326664456,-0.98905792041247,-0.9776377727552056
latentB_K5_z64_noact_n2000_s0,test_ood_policy,5,latentB,64.0,5.0,2000.0,0.0,False,huber,False,1005361,0.0208618560938445,0.0143829587040801,0.0281894056779687,0.0210704706258377,0.057428986527676,0.0421167958415434,0.0700051634813956,0.0568366317971394,0.3746863981214119,0.3054786243796116,0.4227548892959021,0.3682603299232278,0.099916625580344,0.0827049272270265,0.1183576219475153,0.0996646396445131,-0.2524598416864893,-0.2537919522278596,-0.2518898102817106,-0.2527064147764675,-0.0010850679586786,-0.0010944688633017,-0.0010759447487942,-0.0010848006379805,0.1098967584389116,0.0719777747427219,0.1435255137305355,0.1085580779879448,0.0,0.0,0.0,0.0,0.0,0.0,0.0,0.0,0.0655794593499037,0.0010022960217026,0.4659962680668735,0.1814692219892135,0.0594968619943969,0.044204501127295,0.6472221778880104,0.2548602981733395,0.0399390994094488,0.0353284940944881,0.0438330462598425,0.039802842027559,0.0023448412229171,0.0017292714447908,0.0034004589617267,0.0025081780057604,24.394861494171103,10.17546338381899,42.899471184883545,25.80281000542179,0.3072140830943799,0.2335420375271026,0.4022213804743829,0.3146338473983344,0.3062126960026534,0.29803854942749,0.3080102949368119,0.304587597437648,1.249995634516766,1.2498060369190842,1.2502947076085342,1.2736967456720958,-0.9960695986200572,-0.998104174161307,-0.9760179863603884,-0.8880742023841717
latentB_K5_z64_noact_n2000_s0,test_ood_policy,10,latentB,64.0,5.0,2000.0,0.0,False,huber,False,1005361,0.0383161696314012,0.0281380670175249,0.0489564202585251,0.0382159804023045,0.0784628444067494,0.0627850490462482,0.092215753288297,0.0777641077389189,0.3979391588363796,0.3433495804667473,0.4557114899391308,0.3984220852935732,0.1019128286962909,0.0883987683049282,0.1165001622467633,0.1018891673627521,-0.2524451309596648,-0.2533376403522402,-0.2519302696252439,-0.2525330143933731,-0.0021232891222684,-0.0021420613322775,-0.0021089545889431,-0.0021247654249002,0.2181917027708172,0.1591508028371648,0.27435567471707,0.2187431154912909,0.0,0.0,0.0,0.0,0.0,0.0,0.0,0.0,0.0483564770146544,0.0005879892955583,0.2820147306003099,0.1114368800580327,0.0439205557244649,0.0320446485951325,0.5273935282148356,0.1990575439820705,0.0430302657480314,0.0381643700787401,0.0478930856299212,0.0431050073818897,0.0025350303561982,0.0019801365082759,0.0034626788115294,0.0026436371523708,19.63764486245645,6.911017596677448,34.92717534355549,20.51134146537619,0.3081697527214635,0.2459168125719626,0.3983578918458282,0.3145512007293224,0.3144414768943593,0.3076100460391799,0.3145949222882484,0.312625707542694,1.2500016946062034,1.2498487993332512,1.2510752473806714,1.2681920626312682,-0.9966752161731952,-0.9981394486111576,-0.9862728454980582,0.6517379669056299
latentB_K5_z64_noact_n2000_s0,test_ood_policy,20,latentB,64.0,5.0,2000.0,0.0,False,huber,False,1005361,0.0613988072072546,0.0516357639048198,0.074983054767279,0.0623795285571914,0.0999432781720885,0.0873531759169602,0.1169150686912406,0.1014050643466421,0.4262718949466944,0.3728677856968715,0.4863203805463854,0.4289270058293323,0.1044886697690785,0.0930899843724969,0.1195555682159356,0.1057606141914785,-0.2524351943352435,-0.2529575901013688,-0.2520249437728826,-0.252467457430214,-0.0041883075250154,-0.0042460606465656,-0.0041473609831227,-0.0041946994601438,0.4315302132142306,0.3583595310337108,0.5163502766908299,0.4343786913727339,0.0,0.0,0.0,0.0,0.0,0.0,0.0,0.0,0.0333674870332232,0.0004264331391802,0.1545628199603801,0.0658719219202145,0.0333227110525198,0.0245480860956858,0.4170555628144007,0.1566095359152718,0.0489357775590551,0.0429287647637795,0.0550289124015748,0.0487352362204724,0.0031527000207731,0.0025717586368911,0.0037519166010925,0.0031662264448851,17.56217042805862,7.343874308285856,32.41124317940351,18.67142584034221,0.3101787638140853,0.2504095284946415,0.402406738205988,0.3179629845108271,0.349486124862111,0.3478133249530732,0.3638531346646453,0.3527535167464692,1.24999799979807,1.249829169149674,1.2506027689563883,1.2690949419445725,-0.9960212902430172,-0.9979762032400198,-0.972592403518924,-0.6168151798729145
latentB_K5_z64_noact_n2000_s0,test_ood_policy,50,latentB,64.0,5.0,2000.0,0.0,False,huber,False,1005361,0.1022304553188876,0.0899666970877082,0.1185754489189762,0.1034072661231776,0.1367962623531353,0.1213953728422695,0.157786116275162,0.1389491973886128,0.4889274389133788,0.4234084126539528,0.5947973616421223,0.5043162054044592,0.1183286720419252,0.1063907057963926,0.135628207193683,0.1196585030807239,-0.2524522458847609,-0.2527657168095008,-0.2521271732381899,-0.252452276434727,-0.0108396134651737,-0.0109094322130235,-0.0098274434377863,-0.010545482363918,1.0826046159693217,0.9583313820157155,1.2103589532106651,1.084531504513676,0.0,0.0,0.0,0.0,0.0,0.0,0.0,0.0,0.0221702853670998,0.0006443391922884,0.0948644054386349,0.0407130135740624,0.0272831817931087,0.0192324829250262,0.3373959787622284,0.1230677696572268,0.0482744832677165,0.0427472933070866,0.0544937253937007,0.0483324618602362,0.0057413540356862,0.0048392438036093,0.0066490507938749,0.0057639775121463,18.054746412356632,7.670575165773874,30.485023627394707,18.62425813737964,0.3108716446346438,0.2455994680732312,0.4194068557497223,0.3222398800656052,0.5403305037159343,0.485632295116714,0.7508802092903281,0.579918408567366,1.2499908703823503,1.249814260421415,1.2504652539549863,1.260234992512451,-0.9937655736070642,-0.9970504688632852,-0.95777736055725,9.151032579400198
latentB_K5_z64_noact_n2000_s0,dev,1,latentB,64.0,5.0,2000.0,0.0,False,huber,False,1005361,0.0046345808413288,0.0015606335098412,0.0089104894160017,0.0050322529508809,0.0253368430605958,0.0121437451601481,0.0389995861920994,0.0260059293027112,0.3000394096598029,0.1856183160096407,0.3806193980011812,0.2953835802699336,0.0950579184126782,0.0646169558077611,0.1223001072051889,0.0936871759688836,-0.2525708697878329,-0.2571788703547771,-0.251329723708081,-0.2545949464962005,-0.0002240087531985,-0.0002250814331637,-0.0002213751611948,-0.0002235473079124,0.0218445640953321,0.0075959349102759,0.0421000150788292,0.0235896654740569,0.0,0.0,0.0,0.0,0.0,0.0,0.0,0.0,0.3379309051454245,0.0037892386722071,0.9657389616397264,0.3981011103367218,0.1470472498741325,0.0903652207650273,0.8790892655772731,0.403658904469654,0.0378168061023622,0.0350947342519685,0.0402651328740157,0.0377858944389763,0.0020913720692901,0.0011123480712719,0.0059373966416173,0.0037406859505563,45.253233770840495,20.252238335927668,72.87149826360923,45.12425258138504,0.3174964538266149,0.2450587924145506,0.4097693230003478,0.3220674525528812,0.2850641465138325,0.2781648736690714,0.2896765972244638,0.2847875722532244,1.250005231145232,1.2498844773671345,1.2507609344334198,1.269469611652574,-0.9963382988670164,-0.9980620429930704,-0.9896046296831352,-0.9933674251707764
latentB_K5_z64_noact_n2000_s0,dev,5,latentB,64.0,5.0,2000.0,0.0,False,huber,False,1005361,0.0222847078547037,0.0152219325779781,0.0300122360042811,0.0224956060214533,0.0598220669168078,0.0450222748849295,0.0728269236737064,0.0594549738272866,0.3866126268985681,0.3208096265487256,0.4340720029053045,0.3816292014806459,0.1036718960209163,0.0856494681075093,0.1197562262687451,0.1028005191099555,-0.2523926163610009,-0.2536174885086095,-0.2517348507459474,-0.252527471859677,-0.0010850590607234,-0.0010911860887064,-0.0010781961820503,-0.0010844217533632,0.1132800734973976,0.0749802423885683,0.1566217634192744,0.1152673958083761,0.0,0.0,0.0,0.0,0.0,0.0,0.0,0.0,0.0723538760628654,0.0010561749416335,0.4819125628174471,0.1805065632055763,0.0597452883748689,0.0439196814398278,0.657896145829776,0.2578141260667831,0.0393700787401574,0.0352977362204724,0.0439745324803149,0.0395947650098425,0.0022001388480691,0.001618828111354,0.0032427952586811,0.0023323587703355,24.68783347788924,9.5004146331146,40.99988013451938,25.41976313709687,0.3096562058301531,0.2479178327510198,0.4112678848172599,0.318612883903676,0.3062251226566632,0.2984866157863424,0.3085863542172364,0.3048981072058546,1.2499999976432157,1.2498831359292468,1.2540229853992797,1.270415951362274,-0.996371743507334,-0.998239690693248,-0.9832574336679084,-0.9847356481345264
latentB_K5_z64_noact_n2000_s0,dev,10,latentB,64.0,5.0,2000.0,0.0,False,huber,False,1005361,0.0392651946951382,0.029488466230441,0.0486831576867465,0.0393881743239378,0.0798855055760608,0.0657973756590894,0.0914755998940977,0.0794909115851547,0.4041750192700419,0.3585855577141046,0.4634804587927646,0.407313498559979,0.1048246414576505,0.089102760844565,0.115760046408454,0.1041755670675418,-0.2523532181157096,-0.2531735614430297,-0.2519046253279241,-0.2524644256615145,-0.0021232865693916,-0.0021361450545791,-0.0021130652962747,-0.0021238504661374,0.225190481683066,0.1678705975252251,0.2804151299988031,0.2246340534690086,0.0,0.0,0.0,0.0,0.0,0.0,0.0,0.0,0.0552975114599448,0.0006097437485719,0.2731476147192339,0.1139146936469901,0.0416532487300552,0.0321204117932269,0.5287976162316395,0.2039890081421133,0.0423997293307086,0.0373400590551181,0.0474901574803149,0.0424652436023622,0.0024565060919902,0.0019811789522971,0.0032888879318591,0.002554061375064,20.887993207067048,10.178613877869688,33.80214220675243,21.69350887289761,0.3061451290555407,0.2343760096310442,0.3908810950412636,0.315644441285259,0.3144544820032996,0.3082242202095774,0.3145815731060549,0.3128954884396018,1.249994739270384,1.2497751955074996,1.2502018241196349,1.2562631908684805,-0.9964711207696546,-0.9981474238041944,-0.979786908409682,0.5304530656791415
latentB_K5_z64_noact_n2000_s0,dev,20,latentB,64.0,5.0,2000.0,0.0,False,huber,False,1005361,0.0645200519525142,0.0547562036334405,0.0754347271792333,0.0646609513111582,0.1031258294641261,0.0914749922533672,0.1185198281282308,0.1037045576536184,0.4290558136999607,0.3839824083959683,0.4856455651507531,0.4324243924914617,0.1076371309059999,0.0973447452746715,0.1206710515339133,0.1080207358211062,-0.2523379770353701,-0.2528801214786508,-0.2519915892611913,-0.2523905101056465,-0.00418831408194,-0.0042309373042699,-0.004158784060236,-0.0041931670795774,0.4466115031552905,0.3662586300565452,0.5282391588728904,0.4466951176902816,0.0,0.0,0.0,0.0,0.0,0.0,0.0,0.0,0.037450261132808,0.0004217295822268,0.1597639081637222,0.0672591169800091,0.0318770247863338,0.0242964409020752,0.4237729456610529,0.1598928725173133,0.0474901574803149,0.0423166830708661,0.0536786417322834,0.0478381828248031,0.0029879761193245,0.0025531472067125,0.0035250355834447,0.0030436276768889,20.341339179037924,9.120031797998776,30.14189886268703,19.561469992499,0.3215150169386712,0.2533067931745391,0.4078479452279561,0.3249966550178996,0.3494818335067789,0.3454376222090978,0.3603183890466781,0.3514241582464569,1.2499960258597715,1.2497865353476474,1.2587517316862993,1.2476529358976864,-0.995640943708518,-0.997952678016876,-0.9743785109905244,8.28591484516972
latentB_K5_z64_noact_n2000_s0,dev,50,latentB,64.0,5.0,2000.0,0.0,False,huber,False,1005361,0.1035329931247141,0.0899804052535245,0.1159375554831739,0.1031061073044966,0.138117997501428,0.1227476381431032,0.1548082493459897,0.138339024793057,0.4908961504697799,0.4255874373018741,0.58294014679268,0.5013494756796081,0.1193200706388384,0.1058256678483181,0.1334147264770558,0.1195198767416692,-0.2524082004659421,-0.2528072914653186,-0.252176004871114,-0.2524536249280418,-0.010839304944949,-0.0109207206865057,-0.0100731501771497,-0.0106388577040455,1.1116152041942031,0.9547110988441592,1.2188865735595171,1.093524718750048,0.0,0.0,0.0,0.0,0.0,0.0,0.0,0.0,0.0253463519768158,0.0006452405348984,0.0971355652600237,0.0424388126210487,0.024178954487859,0.0191567045641837,0.3421490273074035,0.1250548083078253,0.0481206938976377,0.0420890748031496,0.0543860728346456,0.0482710999015748,0.0056118575835204,0.0049414711449804,0.0065804566816206,0.0057237590947998,18.641130492264185,9.100267122627631,29.64355024687636,18.70746317073839,0.3203635808669552,0.2529514787149931,0.4155654800277442,0.3279098284102193,0.5403616909056548,0.4729167406486777,0.7221700144254712,0.5702719570328499,1.250005576894611,1.2498430082513188,1.253207871783056,1.2634849762490243,-0.9939396272492614,-0.9970590086360936,-0.9360070284356836,10.305330751414283
latentB_K5_z16_n2000_s0,test_indist,1,latentB,16.0,5.0,2000.0,0.0,True,huber,False,894673,0.0035609737948689,0.0019634246433057,0.0061517934620796,0.0038093438710101,0.0180253329264673,0.011404442334945,0.0266235517612946,0.0185191601604182,0.2181304292753338,0.1424505783244967,0.2888801678433083,0.2140422548834794,0.0610183467452924,0.0482345761532591,0.0813238060999354,0.0629587606827305,0.707275958104622,0.3808972134059841,2.212080124146965,1.366577305172501,0.089718856928921,0.0436288579489011,0.141481844020963,0.0921571663093795,0.0225851723149266,0.0073836986326416,0.0428068144950721,0.0234379799722542,0.006866455078125,0.000244140625,0.01282958984375,0.0071160888671875,0.0,0.0,0.0,0.0,0.4969383510478775,0.0098137005231515,0.96333452655918,0.4755449371105177,0.4797669371225581,0.3065418562167519,0.9112389280135974,0.5749381768462355,0.0240065206692913,0.0122693159448818,0.0491480068897637,0.0276510211614173,0.6171111843960421,0.417773534645499,1.6813395420169743,1.066830508283644,45.4353382724714,23.561362609923737,68.94861978850894,45.22018070827272,0.7695018801789908,0.6678155261263432,0.8187422016511059,0.7552729557819869,5.951284362479107,4.620727389497359,7.794482415335349,6.100685830540589,1.2500006802695327,1.2498957639265935,1.2502986310399689,1.272544343722919,-0.7893290522001735,-0.8770098714332689,-0.4488983088841737,-0.6364948679875003
latentB_K5_z16_n2000_s0,test_indist,5,latentB,16.0,5.0,2000.0,0.0,True,huber,False,894673,0.0166453155490855,0.0122551477357426,0.0220613785014145,0.0170694952221167,0.042488477015471,0.033544287377821,0.0520862035403745,0.0425301532660934,0.287032431573607,0.2411515948857413,0.3380127982934937,0.2896577696977329,0.0678120901093125,0.0595482596517096,0.0806235963564591,0.0692461283562062,0.5846206061629122,0.3590094726070448,0.7887503726023747,0.5985149852822308,0.3671906886493958,0.2458652108236693,0.4870798639857537,0.3677714852275787,0.1161941484272974,0.0732166856678641,0.1498565380190817,0.1134662468135757,0.026763916015625,0.01370849609375,0.040594482421875,0.0264654541015625,0.0,0.0,0.0,0.0,0.1739185546964137,0.0143584535719561,0.4780556470259705,0.2177491780028649,0.3743339850315861,0.3105441118437979,0.7314327202032487,0.4592932810802672,0.038078248031496,0.030757874015748,0.0515009842519685,0.0396169106791338,0.5552262853654311,0.4031502659757812,0.7431592778226327,0.5768456363565595,22.06222415920707,8.10487287004956,38.02139393729507,22.61572559588547,0.7257370696510927,0.6091218485334485,0.785183049459336,0.7064745500962579,5.156205855836658,3.452074166722022,6.158293931419492,4.956456352374565,1.2500014525536995,1.2498814129537947,1.251048303104366,1.2580309278146518,-0.8229604987079135,-0.8847693908707214,-0.3833564554642876,292.0640242663292
latentB_K5_z16_n2000_s0,test_indist,10,latentB,16.0,5.0,2000.0,0.0,True,huber,False,894673,0.0301927330402359,0.0246817798509559,0.0376667959096777,0.0306355073289429,0.0587097537002623,0.0505300340955245,0.0700025056844032,0.0595496421428184,0.3206984549760818,0.2675547836348414,0.4108841031789779,0.3314054133375612,0.0734908033544606,0.0642913179171126,0.085873022131948,0.0742308708972027,0.4839736898586931,0.3267725376274036,0.6673140098077214,0.497784493123991,0.6588307046653428,0.4705805496822833,0.848986229858483,0.6659809214571709,0.2249067511155231,0.1718731234301999,0.2844905387959079,0.2252573724484335,0.045074462890625,0.02806396484375,0.06612548828125,0.0463644409179687,0.0,0.0,0.0,0.0,0.1275680820785433,0.0196133536602088,0.3057946560719211,0.144374638345319,0.3635322436729329,0.3086536491381036,0.6086943931077964,0.4183423107722136,0.0472287155511811,0.0405050442913385,0.0568897637795275,0.0479928949311023,0.538332066672522,0.4175460815429376,0.692704124951855,0.5500843302631072,15.816817077923464,6.126672016996333,29.22137597717106,16.873981896168825,0.684222896845076,0.5943287274935115,0.7539532123712858,0.6782723940726391,4.595208689840346,3.132112374227733,6.110074186002888,4.66908933936464,1.2499998137227917,1.249848071821822,1.25023922299819,1.2717684370192708,-0.8170555657680653,-0.8872274491497224,-0.0531283036957303,264.7096132500304
latentB_K5_z16_n2000_s0,test_indist,20,latentB,16.0,5.0,2000.0,0.0,True,huber,False,894673,0.0519612833640204,0.0454654215492145,0.0608012598189687,0.0526944407776345,0.0828211803162619,0.0734787851957115,0.0939391914968988,0.0836689537449488,0.383744802325964,0.3089479882270097,0.4915456920862198,0.3940018722358218,0.0823925253283546,0.0736345377615695,0.0940557036672524,0.0834490933215856,0.4286719479516447,0.3147733959532058,0.5666161339097711,0.4344314365289397,1.223948925490462,0.9212252686347294,1.5025229355489624,1.2233328017417764,0.447810302839404,0.3730616695120436,0.5285453760401604,0.4494446190270619,0.0867919921875,0.060089111328125,0.11375732421875,0.0865628051757812,0.0,0.0,0.0,0.0,0.1127872097351473,0.0270096550790297,0.2143346793327571,0.1124883254720527,0.3637082907535982,0.3210049103600693,0.5475327547755153,0.4003138272156692,0.0534110482283464,0.0462875246062992,0.0619463582677165,0.0539885273129921,0.5750516516480464,0.4607399092532544,0.7186020234432616,0.5771864096016257,11.9830083658376,5.530436236702682,22.68044162056842,13.258351470341337,0.6292159620541775,0.5328414685499521,0.7079421890537692,0.6231391255161806,4.478534749725568,3.238563037410264,6.062709549269845,4.561264607053507,1.250008300164878,1.2498689725455503,1.2533043733875668,1.2816749446309046,-0.8293856228287397,-0.914509165859208,0.060393346398408,331.1176804212492
latentB_K5_z16_n2000_s0,test_indist,50,latentB,16.0,5.0,2000.0,0.0,True,huber,False,894673,0.1032999722812036,0.0921913431222613,0.1158897568364534,0.1041633233885363,0.1432200949208818,0.1285374356580522,0.1612829465081405,0.144384921532818,0.6413879990577698,0.4912873268127441,0.9966961041092872,0.6991639438114362,0.1172395751853691,0.1051472665099331,0.1306782508950673,0.1177078176796598,0.3630157403773326,0.2812295069285145,0.4445598315872249,0.3628520723942726,2.654648790623275,2.29755121894284,3.042028161361451,2.665913520918203,1.096040915431202,0.9808470715430008,1.2126753370836372,1.0914950593460804,0.19317626953125,0.15682373046875,0.2364013671875,0.1948666381835937,0.0,0.0,0.0,0.0,0.1536470934149473,0.0790527921053668,0.258159631898683,0.1650835590255787,0.4304399365396138,0.3767767601178395,0.5360670054189636,0.4439833971420944,0.052365280511811,0.0461306594488188,0.058021653543307,0.0522187192421259,0.6984522728931479,0.5703264548157715,0.8489912855068489,0.7093480692073296,11.202205137890006,4.051136370256091,20.492336018325723,12.052933914726344,0.4148297406817586,0.295038496206027,0.5105040625890636,0.4139248362394431,4.386809095072682,3.0799531997754865,6.071804824463746,4.468263596604214,1.2499950333403935,1.249843831745201,1.2505173814562898,1.256321597896726,-0.8070836732916308,-0.9073899754749664,0.18841328661783,390.3091489801531
latentB_K5_z16_n2000_s0,test_ood_terrain,1,latentB,16.0,5.0,2000.0,0.0,True,huber,False,894673,0.0034124041432295,0.001678245992901,0.0061236402977637,0.0036961311411892,0.0177275405457217,0.0093787898927194,0.0276000303491771,0.0181074217030284,0.2062064353376627,0.1276604099199176,0.2868308052420616,0.2094214172997453,0.0640400470887875,0.0437578108720415,0.0889417131342472,0.0653948142483818,0.4239317141022757,0.1179483078373697,3.1116285101119368,6.564371779036632,0.0524755636006398,0.0326814295937911,0.0988783156875206,0.0603701182281333,0.0213673530244136,0.0026429307521714,0.0386437421842324,0.0208898627437778,0.004791259765625,0.0,0.0108337402343749,0.0050216674804687,0.0,0.0,0.0,0.0,0.4263385044837524,0.029037368403427,0.9653993336630464,0.6060578564065305,0.6062192886911625,0.2802537417022374,0.8410811973099969,0.5788444279543395,0.0404773622047244,0.0211214320866141,0.0600793553149606,0.0406326894685039,0.4884188969443351,0.2455086056320332,1.9999804577750235,4.4570135877745765,45.511888568231655,20.82540775537931,68.79016612918154,46.35168192147114,0.759055820719463,0.6506439054406021,0.8195337941800233,0.7364683373730059,5.737355270665502,4.339298453499877,7.834871057835842,6.113512805911819,1.2500230086402055,1.2498978511822905,1.2680155621238598,1.293921712549931,-0.8391567947865676,-0.9151559982486164,-0.3468076915903195,0.5767574734635
latentB_K5_z16_n2000_s0,test_ood_terrain,5,latentB,16.0,5.0,2000.0,0.0,True,huber,False,894673,0.0166647527824662,0.0122626524651832,0.0223344324993156,0.0170703498795996,0.0424622424925012,0.0331717319282564,0.0542107848778768,0.0430804937257756,0.287125900387764,0.2308678455650806,0.3649081051349639,0.2929679185990244,0.0736269941400101,0.0604912907067511,0.0903632386027677,0.0744638046514412,0.3798614621364214,0.1941787862062286,0.736637296818231,0.4499550267562417,0.2529342786265625,0.1814852593474006,0.3871959923786399,0.2713574340394298,0.1008988914072274,0.0645528707492306,0.1445038019305699,0.1043959025527175,0.02001953125,0.01129150390625,0.03218994140625,0.0214645385742187,0.0,0.0,0.0,0.0,0.1419670006692054,0.0211302435751559,0.3925145627240745,0.1780031310453206,0.3991082197391712,0.280014248695431,0.5469044227528678,0.4036317362192529,0.0422766978346456,0.0314929872047244,0.0593257874015748,0.0440592704232283,0.4675739015803468,0.3251692812264972,0.669447112207249,0.4953457312948752,23.723532695833946,8.345277346929771,39.75472469446235,23.754850758201773,0.6768024083923552,0.5121703360410051,0.7643263940090819,0.654333756961497,4.56808947668688,3.1276587762877983,6.01318741153596,4.602395866067865,1.2499938374559267,1.2496628331035973,1.2502551026324409,1.2609179663756631,-0.8250981787736741,-0.8995737803890161,0.1458201860633172,513.3592172943202
latentB_K5_z16_n2000_s0,test_ood_terrain,10,latentB,16.0,5.0,2000.0,0.0,True,huber,False,894673,0.0312787527064382,0.0249735907428918,0.0396153516522999,0.0315568087509776,0.0613784507155563,0.0509253949417387,0.0722097469091243,0.0610370906306011,0.3194210920482874,0.2679825223982334,0.4226928755640983,0.3340082451964554,0.0783139335330663,0.0675006532726762,0.0887095435947911,0.0783281787063557,0.3755034501492832,0.2450785789164877,0.635974902214336,0.4151406171283126,0.5213691792458622,0.4031010195612617,0.7065023576970708,0.5501792104593659,0.2104527742021105,0.1544927828125744,0.2715315272934141,0.2116904561956676,0.0447998046875,0.025531005859375,0.064422607421875,0.0456216430664062,0.0,0.0,0.0,0.0,0.0932848866157992,0.0240666218651624,0.2551272280781848,0.1176552655846142,0.3638322487400381,0.2856654230868269,0.4678571135227727,0.3758236464497004,0.0472902312992126,0.0381059301181102,0.0583015501968503,0.0479615218996063,0.4796351183425763,0.3600777542648408,0.6526047744898023,0.4969962500795635,17.30856974518426,7.128559348931503,29.41921897161734,17.760157783270145,0.63501892318683,0.5180407730042723,0.7294496512539239,0.62831127136171,4.626007592899045,3.255375585445392,6.066139020731952,4.677740850772535,1.2499928831479346,1.2498389050561372,1.2537062721609535,1.2762167283491688,-0.8396941736679928,-0.8983016384114787,0.2504687569900402,483.3368208879654
latentB_K5_z16_n2000_s0,test_ood_terrain,20,latentB,16.0,5.0,2000.0,0.0,True,huber,False,894673,0.0537199042210303,0.0461366326716836,0.0617782456640402,0.0538608878425354,0.0856344850199749,0.0732972676445391,0.0960743787599189,0.0851464632773699,0.39401675760746,0.3189019348472356,0.4746869657654315,0.397010312872444,0.0860793659963023,0.0759048326971978,0.0956125656928402,0.0860648827312907,0.416639840160627,0.2668633278143325,0.591428393808942,0.4227367301664081,1.090140271709006,0.8793841726090215,1.3488022951906535,1.1115297456617386,0.4154705140619219,0.3284551426967697,0.5230842969430728,0.4200349182872749,0.095611572265625,0.067626953125,0.1227966308593749,0.0955123901367187,0.0,0.0,0.0,0.0,0.0851703020926132,0.0323831068020487,0.1649074815657293,0.0935698892117593,0.3755730466093677,0.3154345089273387,0.4363276537978126,0.3762401918490194,0.0524267962598425,0.0459184301181102,0.0600270669291338,0.0526431779035433,0.5528240849777846,0.4353194556075682,0.7004436866954751,0.5630696953037546,12.943034478100913,5.879980350009424,26.03210587788476,14.406435032463142,0.5855936267758233,0.4812476747815975,0.6705911548996784,0.5760330776459343,4.815401998397004,3.234579606399274,5.9912713137052265,4.674933582726157,1.249993138916163,1.249706214872899,1.2504756109261208,1.2491341831539404,-0.8033095408141968,-0.906546193929312,1.238150922101315,692.5772109523932
latentB_K5_z16_n2000_s0,test_ood_terrain,50,latentB,16.0,5.0,2000.0,0.0,True,huber,False,894673,0.103671658772471,0.0928609731402553,0.1187645923618452,0.1046726842348039,0.1433331836676181,0.1288679305464594,0.1648646101139839,0.1450787659456226,0.649897700175643,0.4886396262794733,0.9154721960425376,0.6864421608508564,0.117470129709882,0.1063002971052861,0.1334603703623128,0.1185025751382199,0.3614412942430626,0.2667522817095062,0.4747073313687196,0.3688810432613975,2.5289674085378926,2.174115433524064,3.0334260844670773,2.56513930546614,1.028206383151494,0.9048355777821644,1.182800914879725,1.0415476426453067,0.204620361328125,0.16617431640625,0.25029296875,0.2079498291015625,0.0,0.0,0.0,0.0,0.128907632588233,0.0827669000942941,0.2244407464628819,0.1425516177328603,0.4272299050881984,0.3808795135826278,0.4776782226939334,0.4289720720428722,0.0503352608267716,0.0445681594488188,0.0565791092519685,0.0505033526082677,0.7021418657319487,0.5677491363227782,0.863278585345672,0.7095821449092731,13.100222556055838,5.5994502807486,24.32832929662716,14.371778300914746,0.3751800412179871,0.2712492889719171,0.4977213926829471,0.3792562155763699,4.29857325723629,3.2443042401209743,6.175253749234876,4.566128744629975,1.249987555644296,1.2497624491187147,1.2514886379847314,1.2488011165940809,-0.8227329140209223,-0.9238979274670708,0.2033745317348458,177.24346866130176
latentB_K5_z16_n2000_s0,test_ood_soil,1,latentB,16.0,5.0,2000.0,0.0,True,huber,False,894673,0.0035078673726172,0.0018986443339323,0.0063459566361788,0.0038204091364568,0.018949347160118,0.0119297651100868,0.0293095356839158,0.0198424863475311,0.2388644216407556,0.1554454371333122,0.3142793655395507,0.2375144823228447,0.0759373150594409,0.0552352843031619,0.096797821461873,0.0766891332851539,0.7345734163540946,0.3591545382055096,2.6452583690596407,32.76224352032176,0.0810556249919725,0.0406315496529005,0.1444715397006489,0.0862907038581676,0.0198493896744708,0.0055263089385144,0.0410738951928314,0.0216553876191861,0.0,0.0,0.0050842285156249,0.0012725830078125,0.0,0.0,0.0,0.0,0.4495535709536223,0.0118589241651169,0.9846024714782582,0.4596978902101367,0.3654549336878066,0.2189335358587412,0.9212704800365898,0.5273933231846002,0.0251599409448818,0.0132781742125984,0.0505444143700787,0.0293447034940944,0.6349235810012931,0.4033042757009424,1.822434956548804,21.94470212456505,46.859521320255965,22.56174722807577,68.81775260616396,45.82680737914039,0.7716821220215473,0.642494549577478,0.8257450449307965,0.7471889882620986,5.842844151163804,4.318089218516749,7.701839072144727,6.088595257533182,1.2500068707379837,1.2499098320602602,1.2502381302196606,1.2542128959029244,-0.795311361373205,-0.8777251711973383,-0.3649235952453397,7.330764135324065
latentB_K5_z16_n2000_s0,test_ood_soil,5,latentB,16.0,5.0,2000.0,0.0,True,huber,False,894673,0.0173201004690928,0.0136619483539014,0.0229334560957384,0.0176991254237283,0.0464662608784642,0.037877326139456,0.0572880576865717,0.0469312452556798,0.3114759437739849,0.2595867392141372,0.395801680535078,0.3204954232367163,0.0853376038862895,0.0722920705090921,0.1017071012270996,0.0861894100437994,0.5601229941049597,0.3340192884677571,0.8138021754239789,0.5795768717282896,0.3605275498218291,0.2355180921040719,0.4800999216066705,0.3563526898082415,0.1135280685909801,0.0705081338730141,0.1508085406441289,0.111965008699151,0.00421142578125,0.0,0.01812744140625,0.007000732421875,0.0,0.0,0.0,0.0,0.1423548849226135,0.0090454193917871,0.5901548549103595,0.2352750523183593,0.2777986689852223,0.2215961145740879,0.7281667864349622,0.4077563537275015,0.0393085629921259,0.0320097194881889,0.0548136072834645,0.0412861405019685,0.541633178546723,0.3904082876724061,0.6984141116839695,0.5550724127963509,19.979516229361543,7.340642505826795,37.84714342267967,21.09667537548185,0.7401107510995998,0.6052586135201131,0.7999163876638299,0.718248206460444,4.995184994755824,3.403328868280948,6.355648595178296,4.908429387135665,1.2500119817066329,1.249900029291368,1.2705537654966874,1.273914804572352,-0.8259895902884902,-0.8865326966948935,-0.4483458839577132,101.16103576280489
latentB_K5_z16_n2000_s0,test_ood_soil,10,latentB,16.0,5.0,2000.0,0.0,True,huber,False,894673,0.0322947347500557,0.0262341133689468,0.0392440684427922,0.0323608133921234,0.0658837688489861,0.0553044426530485,0.0766539226795523,0.0660647377188264,0.3520396023523062,0.2922202669084072,0.4467586666345596,0.3611620053512888,0.0904238969036707,0.0794535287545623,0.1039284075198378,0.0915361711004692,0.4785606396300182,0.3016183782439006,0.654664953775103,0.4899397156595869,0.649200003355813,0.454153303138699,0.8368092826650602,0.6465470154097375,0.2188457310724836,0.1671073262968172,0.2775545604413493,0.2214444997392265,0.0113525390625,0.001885986328125,0.0284118652343749,0.013958740234375,0.0,0.0,0.0,0.0,0.1542489736958942,0.0098050652251942,0.3466666528164253,0.1482809151869192,0.2637568139620877,0.2195104237639562,0.6149927346875621,0.3603752976442398,0.0523499015748031,0.0444112942913385,0.0628383366141732,0.0532660248523622,0.5165199068489362,0.3833954595167599,0.657696309256504,0.5199745673223193,14.613253075569158,4.935547202800968,25.89925250462561,15.435949679016208,0.707335164808029,0.5986814434977668,0.7767474832755793,0.6962482796303331,4.50755226290418,3.1597006368570857,6.060050374039793,4.568977620786621,1.2500014280337814,1.2498934549915592,1.250213759172956,1.251839727630936,-0.8321276486590229,-0.8953750074387173,-0.3138855531634392,109.1490617874451
latentB_K5_z16_n2000_s0,test_ood_soil,20,latentB,16.0,5.0,2000.0,0.0,True,huber,False,894673,0.056172155265104,0.0498564140738217,0.0648136200363219,0.056811450256335,0.0927829612012653,0.0835096590316597,0.1053091256843388,0.0937482032718634,0.427094355225563,0.3584107283502817,0.5333426564931869,0.4370038724011829,0.1013938624648965,0.0907182542709178,0.1121034136852127,0.1015541117314216,0.4212401204999981,0.2687800012665842,0.5399257176343426,0.4169243835649171,1.1768499341065146,0.8983845079588957,1.4576889213314737,1.179461288603138,0.4430221046692528,0.3650225155418991,0.5202275061187442,0.4443904568975089,0.02752685546875,0.008050537109375,0.0539367675781249,0.0284912109375,0.0,0.0,0.0,0.0,0.1029033735691689,0.0151677098449334,0.2095708115270629,0.1002063107916159,0.2673554619678597,0.2241547929322495,0.5119416896651579,0.3293066427479829,0.0614388533464567,0.0537001722440944,0.0703371062992126,0.0616647699311023,0.5219359774641044,0.4152738330103609,0.6276107062621937,0.5214696120847403,11.378384611442495,4.594485224783269,21.55527684040144,12.581769682045506,0.6463458419557413,0.5361852606673088,0.727857007364786,0.6380046351280991,4.24771446953449,3.0176239432809475,5.975768769226121,4.429361223445497,1.2500000054270444,1.2498715564563814,1.2502515769788742,1.2622456690983646,-0.8197376429145754,-0.9104043158326236,-0.1703122633709939,268.2059295643513
latentB_K5_z16_n2000_s0,test_ood_soil,50,latentB,16.0,5.0,2000.0,0.0,True,huber,False,894673,0.1140855565874798,0.1022991790635939,0.1308421410614917,0.1153535648934975,0.158742090205522,0.142021854539965,0.1816479434654716,0.1603977371121618,0.6761399656534195,0.5531089968979359,0.9652657546103,0.726072413692309,0.1358336297413026,0.1227437081025572,0.1523253249502803,0.1368024358360368,0.3467558497987017,0.2668985974044021,0.4432105812254926,0.3519610137243055,2.663597941370531,2.239359960739288,3.077898083585177,2.661148852495012,1.110562001958804,0.9820759707270278,1.2292357936885374,1.1093453293969409,0.083404541015625,0.04952392578125,0.12879638671875,0.0867422485351562,0.0,0.0,0.0,0.0,0.09753406542866,0.0354750436851477,0.1724820724752326,0.0999638177424799,0.3036687372795391,0.2598876809373441,0.451555629995892,0.3341751564437121,0.0583630659448818,0.0509012057086614,0.0653973917322834,0.0584584153543307,0.6255129526057008,0.5053579491255785,0.7445853553307866,0.6260962205069366,11.847925129042032,4.335373291600048,20.164841859169456,12.390070394739643,0.4166691628627544,0.3256614233280043,0.5138685439293912,0.4179658458538711,4.461264998897283,3.230967641772217,6.698964816290234,4.847348582688885,1.249992420272248,1.2498554879596488,1.2502758607369406,1.2525011748801482,-0.8284039365688491,-0.9188207993375984,0.4604129954577883,125.99202895059712
latentB_K5_z16_n2000_s0,test_ood_both,1,latentB,16.0,5.0,2000.0,0.0,True,huber,False,894673,0.0035141686460084,0.0014827978417658,0.0069635566222415,0.0039321702622645,0.0195754397934442,0.0094937477712663,0.032626116931391,0.0203804253706791,0.2378081995993852,0.1415066214744001,0.3396282754838466,0.240950795810204,0.0786799187058801,0.0482085083557533,0.1164816152594665,0.0802692084814909,0.5003902193493978,0.0966640057754198,4.603159061338986,200.591292544302,0.0539022485445548,0.029753083765212,0.1057404194226469,0.0618508804003003,0.0204644613948054,0.0018050370709681,0.0416533222468132,0.0205519567056456,0.0,0.0,0.0027160644531249,0.0010934448242187,0.0,0.0,0.0,0.0,0.3713332611302649,0.0215212866090416,0.9858069606621592,0.8438012534323385,0.5223460354501074,0.1818900181274742,0.8017326492209019,0.5345391133257119,0.0390009842519685,0.0214320866141732,0.0609682578740157,0.040267747293307,0.4812749601255903,0.2282615234553952,2.9900313338861872,105.31343117906046,49.71992739128218,23.395341415112696,69.33043751121537,46.976728205005664,0.7628837862452815,0.6192386429615737,0.8190427798374496,0.7324517475778402,5.849931999801786,4.333857620159613,8.473912500687563,6.129868927836205,1.2500108724059755,1.2498757335534123,1.2505467971663515,1.2556109351503777,-0.8451241949532062,-0.9239275751831312,-0.0310443106125032,29.623374097099408
latentB_K5_z16_n2000_s0,test_ood_both,5,latentB,16.0,5.0,2000.0,0.0,True,huber,False,894673,0.0172461074279575,0.0130098557953722,0.0230480499813374,0.0175584671013589,0.0481772505045449,0.0378640429886855,0.0583526565295179,0.0480968937727877,0.3322903634980321,0.2776954941451549,0.4088776022195816,0.3371680082299281,0.0905011734961577,0.0771348762284259,0.1100126740506053,0.0933183240708558,0.4053699945839898,0.1890444581802631,0.6918492373374503,0.4572794467272422,0.2461941134955396,0.1674230885012476,0.3943731758816325,0.2641886089716675,0.102175300249489,0.0620127580033893,0.1397973467990698,0.1004353728212894,0.002685546875,0.0,0.0118957519531249,0.0046099853515625,0.0,0.0,0.0,0.0,0.0981169545820131,0.0144396688438536,0.4204424720007848,0.1650388573561066,0.3301450205812635,0.1944460225921234,0.4912029355871166,0.3273951481980081,0.0430610236220472,0.0324403297244094,0.069226747047244,0.0469099101870078,0.4449107337989854,0.3143341272073134,0.6509272434436801,0.4820680809087895,24.92051830176096,8.744171621198875,42.869120773156425,25.39357249601567,0.6652526532221302,0.5084168856147899,0.7767182569657222,0.6528320012695548,4.3058403846406925,3.099063163179415,5.807126687053367,4.449880833505186,1.2499942679252896,1.249676633863711,1.2516613153160048,1.257739657386812,-0.8163040323385502,-0.8984622826245957,4.438897580316645,664.617230554795
latentB_K5_z16_n2000_s0,test_ood_both,10,latentB,16.0,5.0,2000.0,0.0,True,huber,False,894673,0.0319830115351373,0.0255979189115529,0.0391837199151849,0.0324393951297425,0.0667544776450397,0.0573224361487415,0.078703314455195,0.0673598921194911,0.3683977350592613,0.3109506603330373,0.4812520429491996,0.3791078166675288,0.0950551099156579,0.0845922707168162,0.1095863073907832,0.0960708046091083,0.4076590815019704,0.2373881805531131,0.6413538801798871,0.4291563431127903,0.5179773159960952,0.3725853530038149,0.748803292790528,0.5381854236437892,0.2031365261881519,0.1463365636823937,0.253245817933636,0.202969351822928,0.009002685546875,0.00096435546875,0.023388671875,0.0114306640625,0.0,0.0,0.0,0.0,0.0595288533864056,0.0177215618287248,0.2357136106054756,0.0981408303809001,0.2902736820696808,0.2071569810474332,0.3951442029551756,0.2941563296643807,0.0521038385826771,0.0433255413385826,0.0638902559055118,0.0531671382874015,0.4606193787870583,0.3562241969487603,0.6450467411500022,0.4845599805836167,16.85003137795401,5.442435408737403,29.70582736785856,17.35902241538614,0.6433763157218335,0.5036505542343456,0.7400235757599166,0.6295102785465667,4.595952390709496,3.141062822263731,6.1128327658051305,4.558246290916583,1.2499928367875677,1.24972794484327,1.2502285086119476,1.2697885564936484,-0.818177952860381,-0.8965302456362069,2.321376609494977,648.2738535459819
latentB_K5_z16_n2000_s0,test_ood_both,20,latentB,16.0,5.0,2000.0,0.0,True,huber,False,894673,0.0564033440645268,0.0486906834934024,0.0672404657897848,0.0573476396387173,0.0936762121439595,0.0827622736452829,0.1083744352676006,0.0948930951221385,0.4286657534539699,0.3539582084864378,0.5650329187512397,0.4445987309899646,0.1038037182945701,0.0919172550177551,0.1159094254554498,0.1039056999151509,0.4020435857621816,0.2887854047353819,0.5632086536358157,0.4190833995009329,1.0829653649345348,0.846922182898794,1.4155156281705623,1.1035639797276022,0.420311699092146,0.3348320735125613,0.5081415400319403,0.4173470080982215,0.028045654296875,0.0105712890625,0.05108642578125,0.0296945190429687,0.0,0.0,0.0,0.0,0.0470859621006043,0.0199789143493846,0.1593219538079089,0.0691801695120026,0.2778964914751254,0.2296224232852545,0.3426669430689525,0.2833006332559717,0.0588244340551181,0.0501261072834645,0.0673166830708661,0.0586734128937007,0.51398848525376,0.4106658668499273,0.6492606185348244,0.5223083224162872,12.244720381565678,4.665513650709712,23.262591573642133,13.616797070418778,0.6009761166509673,0.4935803202310788,0.7002949676595964,0.5982152989524046,4.844386738485865,3.2336026676566303,6.318988182686208,4.768801152252304,1.249990378814301,1.249807678730002,1.2505803679732432,1.2555312286182514,-0.830399197088877,-0.9104268117271268,1.2357303627260767,178.99399469821606
latentB_K5_z16_n2000_s0,test_ood_both,50,latentB,16.0,5.0,2000.0,0.0,True,huber,False,894673,0.1124970524886473,0.0997137811809662,0.1280040737364551,0.112818985560895,0.1555817912975723,0.140077047824228,0.1779242595754249,0.1575754810806927,0.6817699186503887,0.5580054581165313,0.919925119355321,0.716117511331613,0.1342539894989834,0.1216516953028324,0.1500478644193693,0.1352744137793793,0.3567689878304846,0.2854202681729755,0.4739722413536885,0.3659233200506798,2.533866109502797,2.1268517133236857,2.957088826190021,2.5429005971697336,1.039879687861482,0.8673013813749686,1.177894512124868,1.0383263038896045,0.089874267578125,0.05865478515625,0.124267578125,0.0920211791992187,0.0,0.0,0.0,0.0,0.0702200498816048,0.042291259575686,0.1317165339864441,0.0797019442760681,0.3056883599959641,0.264670205711709,0.3442088828183683,0.3052049139443014,0.0582400344488188,0.0511318897637795,0.0642593503937007,0.0579210752952755,0.6274202218305368,0.5241793058309179,0.7122209925287066,0.6252315275437812,11.651858598033549,4.5267162924317,24.22351412917384,13.014141173199851,0.3988647236839809,0.2968280978743966,0.5067222579301887,0.4003466348020454,4.3578640916262135,3.0926093024740906,5.980895875598798,4.509359520168609,1.2500093969271058,1.2498308210023774,1.2508207977989283,1.2573624860006452,-0.8321886640236542,-0.9233580856181036,0.7433817615904942,350.17670755831426
latentB_K5_z16_n2000_s0,test_ood_policy,1,latentB,16.0,5.0,2000.0,0.0,True,huber,False,894673,0.0034366585701965,0.0018456737536283,0.0061155569477444,0.003776828137297,0.0175427202590022,0.010850616745704,0.0281350251780643,0.0184436905853258,0.2178454920649528,0.1460857672616839,0.2974893387858174,0.2198181635797777,0.061071461900204,0.04522794009243,0.0810191464815632,0.0624204941263004,0.5996495022769832,0.3027639570550962,1.4407736849162789,4.738431810768118,0.0734185520489441,0.0361383752034391,0.1372481573219971,0.0809374834706283,0.02110746592398,0.0064405436262123,0.0418943340042562,0.022968823242018,0.00567626953125,0.0,0.0118408203125,0.0059942626953125,0.0,0.0,0.0,0.0,0.4448884869832539,0.0120710714191668,0.9672373548846348,0.4556135970081273,0.4209551206652267,0.2876762079317754,0.9074013598851924,0.5415923583523552,0.0289431594488189,0.0157603346456692,0.0565883366141732,0.0330342642716535,0.5552131330439414,0.3587629636334761,1.0372765602464988,3.259056567224234,46.347952775762266,18.631308089530577,65.71101645613805,44.416478752977625,0.7713834899248809,0.6779372645049734,0.8120648842080131,0.7539416164675554,5.9118460261976775,4.483035023603034,7.609081152206609,6.029381445141446,1.250012142449013,1.2498967710844382,1.2501970030020315,1.2606055599040866,-0.8146188921466447,-0.8923348540691407,-0.6576793890001955,0.1625349946362556
latentB_K5_z16_n2000_s0,test_ood_policy,5,latentB,16.0,5.0,2000.0,0.0,True,huber,False,894673,0.0165099634765106,0.0119655582113023,0.0217514167314965,0.0166249299079689,0.0420961064702902,0.0333450159031135,0.0524489590014253,0.0422792551480055,0.2912818860495463,0.2417840980459004,0.3437204338610172,0.2931936260468103,0.0686405396806399,0.0572726953743964,0.085337119765669,0.0699325054317948,0.473353617532209,0.2649869853234236,0.6965303177327118,0.49220612466002,0.3102811523228428,0.1931416837476072,0.4451332901627699,0.3145376570113056,0.1098967584389116,0.0719777747427219,0.1435255137305355,0.1085580779879448,0.021209716796875,0.008172607421875,0.035711669921875,0.021837158203125,0.0,0.0,0.0,0.0,0.163695449176641,0.0154479224167139,0.4991236585522585,0.2163842179400147,0.3491677058719641,0.2782507389453907,0.6884477797162666,0.4306309309788084,0.0404927411417322,0.0322896161417322,0.0616357037401574,0.0442648868110236,0.4994632585803226,0.3621287105850424,0.6547449662441455,0.511853009315599,21.15589357356368,8.347242035545234,38.268355468112894,22.2967166509898,0.7149690927224871,0.5650369410805112,0.7747332132905321,0.6845258674435484,4.451433109113688,2.9583073125705384,6.180194845676957,4.550020875726092,1.249995634516766,1.2498060369190842,1.2502947076085342,1.2736967456720958,-0.8214333100879068,-0.899636853558965,-0.1293354372462809,2.7982647649230152
latentB_K5_z16_n2000_s0,test_ood_policy,10,latentB,16.0,5.0,2000.0,0.0,True,huber,False,894673,0.030475814339683,0.0235957335298578,0.0380071576579658,0.0304726274004297,0.059398215777546,0.0487467447914001,0.0707320261141754,0.0595159653616227,0.3141419392777607,0.266172017948702,0.3923394083976745,0.3223571545357117,0.0743678919569651,0.0645502144855581,0.0868840544361264,0.0748031630745792,0.4154865068518203,0.2610069851479907,0.554518391308183,0.4067861515016796,0.558142364524718,0.3916697779552726,0.7730540031422908,0.570796671365797,0.2181917027708172,0.1591508028371648,0.27435567471707,0.2187431154912909,0.03753662109375,0.017315673828125,0.0595947265625,0.0387640380859375,0.0,0.0,0.0,0.0,0.1042389926818126,0.0203545374592809,0.3216381569230914,0.1457008982556031,0.3376556722999379,0.2876728744739295,0.5884911354209277,0.391475043569697,0.0505505659448818,0.0418645423228346,0.0661786417322834,0.0523325233759842,0.4822996733084415,0.3635334450222101,0.6095405378655572,0.4860974148151614,14.448074404721122,5.750379172931097,28.09603250133772,16.255936411841684,0.6740899974678681,0.5596163299636453,0.7507873439335666,0.6599483156409505,4.311982381868691,3.0338163226278847,6.087624168183926,4.480723656735662,1.2500016946062034,1.2498487993332512,1.2510752473806714,1.2681920626312682,-0.8529525175661783,-0.902658795251532,-0.4623536564641184,74.30090519046028
latentB_K5_z16_n2000_s0,test_ood_policy,20,latentB,16.0,5.0,2000.0,0.0,True,huber,False,894673,0.0505603081502346,0.0442897119190159,0.0613034239614242,0.0517413004764783,0.0807170181466853,0.0729967987714041,0.0949369417976829,0.0824304696446731,0.3665544837713241,0.3059841271489859,0.4678177356719971,0.3786976878989662,0.0821233834309546,0.0743193901633677,0.0935757793700496,0.0831360362330443,0.3548322401277115,0.21937453220274,0.4585473795803252,0.3506859658686856,1.0334673125466527,0.7696532130652248,1.3219456803432208,1.0410086119869724,0.4315302132142306,0.3583595310337108,0.5163502766908299,0.4343786913727339,0.0711669921875,0.044537353515625,0.103765869140625,0.0721682739257812,0.0,0.0,0.0,0.0,0.0944279327499863,0.0294141914256179,0.2013485405171605,0.1077441893097718,0.3437410640391321,0.2934928028061329,0.5088478404643934,0.3740814249065948,0.0569482037401574,0.0460599163385826,0.0681286909448818,0.057240249753937,0.5133495547591392,0.3877982843323835,0.6369644540488579,0.5095715442946179,11.782638058603938,3.908062597823996,22.08297801153265,12.436530924232027,0.6110545455353023,0.5124499765052446,0.6879891108744012,0.6037343767588214,4.303197377607022,2.8857064654524045,6.18715035598276,4.412034675632332,1.24999799979807,1.249829169149674,1.2506027689563883,1.2690949419445725,-0.8425746465887411,-0.91173055586879,-0.0766787220660779,9.080212225699674
latentB_K5_z16_n2000_s0,test_ood_policy,50,latentB,16.0,5.0,2000.0,0.0,True,huber,False,894673,0.0982306492168045,0.0871929049236388,0.1118852963488721,0.0988505956731439,0.1330360012200408,0.1193376020532376,0.1521571025220908,0.1345988606793069,0.5548018291592598,0.4328219285234809,0.7635431750677526,0.5822864154232957,0.1105614317258946,0.0993891576595583,0.1250900988453327,0.1120456647721034,0.2823470399022489,0.1976467853618902,0.3686377470226495,0.2847479892222894,2.2760860739544126,1.9186585111799903,2.6969368708546666,2.311866792462497,1.0826046159693217,0.9583313820157155,1.2103589532106651,1.084531504513676,0.170257568359375,0.129827880859375,0.20426025390625,0.1702017211914062,0.0,0.0,0.0,0.0,0.1256406244670144,0.0636318574891681,0.2307948276504432,0.1390816291269902,0.3946582318978365,0.3498725459602335,0.4895744711782411,0.4109872056476753,0.054195374015748,0.048132997047244,0.0606975885826771,0.054289185531496,0.6133358605860377,0.498472080529336,0.7477907813991604,0.6208491243650301,10.744944838436457,3.746245944107105,20.923745678245176,12.320954371627112,0.4214134450588424,0.3115399416470379,0.5412119372801251,0.4269354112128307,4.069843304768396,2.963100691243522,5.673579361220499,4.23105068736514,1.2499908703823503,1.249814260421415,1.2504652539549863,1.260234992512451,-0.797785394559064,-0.9241506934285096,0.2706785563056708,276.90701964593313
latentB_K5_z16_n2000_s0,dev,1,latentB,16.0,5.0,2000.0,0.0,True,huber,False,894673,0.0033506473857761,0.0018982641018159,0.0060730918859739,0.0037419717874353,0.0173732923569016,0.0103798295728276,0.0268819481312784,0.018200873940752,0.2068894612311851,0.1318005846464075,0.2887128885835409,0.2093565831897285,0.0574317126209891,0.0442589880116492,0.0794360165397235,0.0596816992991873,0.6652543321375001,0.3424113161214573,1.5309898892730844,1.2913518199164018,0.0802204439266552,0.0428489979468295,0.1438147302585512,0.0867787224348084,0.0218445640953321,0.0075959349102759,0.0421000150788292,0.0235896654740569,0.005889892578125,0.0,0.01312255859375,0.0063330078125,0.0,0.0,0.0,0.0,0.4187885362341397,0.0262914344726133,0.9681204640131672,0.4588084187776549,0.4268806869986599,0.3089726206897489,0.8983214234184779,0.5539529305985034,0.0251138041338582,0.0150036909448818,0.0521745816929133,0.0303174212598425,0.5888693840777651,0.3946943374822068,1.4039823043233004,0.9912092018663732,44.45492528880851,19.52131110664055,65.53607923380493,43.75380266844207,0.7784896786841696,0.6735762552307873,0.8192204021723045,0.7603751368828168,5.92199484119268,4.650962020479742,7.656226712520885,6.142431110832436,1.250005231145232,1.2498844773671345,1.2507609344334198,1.269469611652574,-0.8084504364612368,-0.8858821289140156,-0.5395711532534823,-0.6722032818134281
latentB_K5_z16_n2000_s0,dev,5,latentB,16.0,5.0,2000.0,0.0,True,huber,False,894673,0.0169167976273167,0.0124848269949624,0.0220541276467761,0.0172364867025977,0.0429060886611257,0.032899458624457,0.0525534334689954,0.0432445227561093,0.2905494859442115,0.2399219699203968,0.3634727209806441,0.2950109141944267,0.0684155485939368,0.0578716114823239,0.0828751677346726,0.0699023188027237,0.5566738420912245,0.3406498077888289,0.804324780084325,0.5640299804418895,0.3642620879621325,0.2411242940249572,0.49401166775688,0.3652916774211228,0.1132800734973976,0.0749802423885683,0.1566217634192744,0.1152673958083761,0.025115966796875,0.01158447265625,0.039874267578125,0.0258541870117187,0.0,0.0,0.0,0.0,0.192454468400385,0.0213273010400709,0.4999790816680295,0.215995574291101,0.3631204221204406,0.3062649285422816,0.698001481413542,0.4476891781023001,0.0392778051181102,0.0321419783464566,0.0521253690944881,0.0409293491633858,0.5447714007832536,0.3918222357888761,0.7317729566938999,0.5537777479135342,20.392068746871,7.266026261524491,34.51985907475056,21.15249382915754,0.7263784263483479,0.5956520719666742,0.7863943289879498,0.7024435998086896,5.096699594652959,3.2616555874683963,6.127889620236131,4.899162054084859,1.2499999976432157,1.2498831359292468,1.2540229853992797,1.270415951362274,-0.8248161546215536,-0.8871074926411048,-0.3510961939347423,-0.3788216610213437
latentB_K5_z16_n2000_s0,dev,10,latentB,16.0,5.0,2000.0,0.0,True,huber,False,894673,0.0305689653784464,0.0249676696293759,0.036446778129344,0.0307340110446408,0.0603206859140287,0.0509434709052641,0.0680567459920156,0.0598658539366555,0.3164102459559217,0.2724160746671259,0.4141028970479965,0.3327464922436047,0.0744398455691255,0.0642237142569825,0.0842943243452628,0.0742912656638271,0.4879462554794986,0.3316687727696961,0.6301161754616927,0.4861812266133563,0.6497574234400145,0.4796590783928678,0.8221937873271878,0.6518547935612747,0.225190481683066,0.1678705975252251,0.2804151299988031,0.2246340534690086,0.0450439453125,0.024639892578125,0.0638671875,0.045137939453125,0.0,0.0,0.0,0.0,0.1347853585493185,0.0251901871203803,0.3014066578694582,0.1495403600418922,0.3514551771863273,0.3021293055964929,0.6007459410852346,0.4104178313662534,0.0483821358267716,0.0414831446850393,0.0586398868110236,0.0494894192913385,0.542215012951266,0.4040453960120718,0.6567881669446234,0.5363142200511483,15.18596572053959,5.692303421492702,27.54725868499541,16.050871260654237,0.6833334487746605,0.5493687241309202,0.7617019709554925,0.6734571354779908,4.387295536868525,3.144122095256477,5.916248636768455,4.478716629834648,1.249994739270384,1.2497751955074996,1.2502018241196349,1.2562631908684805,-0.8344874820235113,-0.8983145799602789,-0.1485701870963364,48.174294496444624
latentB_K5_z16_n2000_s0,dev,20,latentB,16.0,5.0,2000.0,0.0,True,huber,False,894673,0.0529984640101689,0.0451075509630174,0.0618006549343549,0.0531218478054063,0.0831615532962001,0.0735161557653305,0.0952853336653546,0.0840543305734165,0.3859381824731827,0.3124829597771167,0.4675457790493965,0.3924343458210933,0.0833907212646795,0.0738940323687817,0.0940553687352975,0.0837681893241642,0.419518437379787,0.2908827029835587,0.5484873153593063,0.4243273568814275,1.206768983074234,0.9202257457537254,1.449048222634497,1.198660429186362,0.4466115031552905,0.3662586300565452,0.5282391588728904,0.4466951176902816,0.086669921875,0.059930419921875,0.11099853515625,0.085595703125,0.0,0.0,0.0,0.0,0.1035769825617096,0.03124461643482,0.2091247190898012,0.1125320224772,0.3598695075203831,0.3145484123379252,0.5314376716662764,0.3961080624126659,0.0543337844488188,0.0462475393700787,0.0624692421259842,0.0546392101377952,0.5683234575760776,0.43967516032711,0.6866312462664491,0.5636541745616742,12.322512300350445,4.875488213663158,22.58945531241294,13.28542404425753,0.6227249335388219,0.5312487404267199,0.6926611944219727,0.6150989679137111,4.386026806336597,3.0100120777835544,5.9113391295230295,4.457028699624551,1.2499960258597715,1.2497865353476474,1.2587517316862993,1.2476529358976864,-0.837837367423082,-0.9034389030629024,-0.0028233303261476,270.73724637155647
latentB_K5_z16_n2000_s0,dev,50,latentB,16.0,5.0,2000.0,0.0,True,huber,False,894673,0.104539177281073,0.0929659225556097,0.1169154826192509,0.1047233424029054,0.1441954520418858,0.1298213612465565,0.1601351136510349,0.1446531208495749,0.6307958886027336,0.4824198052287102,0.9232072666287422,0.6681897794094402,0.1177835229522802,0.1063486066188091,0.1318348118890906,0.1185227654354299,0.3531690703977029,0.2660908609893297,0.4528279488242481,0.3571390112334482,2.66617212841478,2.1647465263501866,3.1152815845204693,2.6452659940405185,1.1116152041942031,0.9547110988441592,1.2188865735595171,1.093524718750048,0.190582275390625,0.15697021484375,0.23302001953125,0.1928048706054687,0.0,0.0,0.0,0.0,0.1571095027418764,0.0787585049991483,0.2450571936645801,0.1557055296698414,0.4259927694271006,0.3729889612956027,0.5126049815550803,0.4361243682860244,0.0517347440944881,0.0463121309055118,0.0585076279527559,0.0521968811515747,0.7097845641669269,0.5561531965412395,0.8660871237065245,0.7084696896011988,12.19934019812808,4.777009621388677,20.336636157651625,12.403927254205476,0.4040801864749784,0.2915852026774259,0.5079526282231037,0.4041391458824371,4.238835047400162,3.1904013997005003,7.083975814098679,4.686477444781176,1.250005576894611,1.2498430082513188,1.253207871783056,1.2634849762490243,-0.8136891221789877,-0.9169876178993152,0.9059024722475884,257.4901704813317
latentB_K5_z256_n2000_s0,test_indist,1,latentB,256.0,5.0,2000.0,0.0,True,huber,False,1448113,0.0043943342334533,0.001716704641527,0.0075232064540838,0.0044594827853643,0.0223300102337028,0.0108056055188056,0.0343071907495076,0.022625100533257,0.3023957181721926,0.1929153352975845,0.3954906357568689,0.2971884884150722,0.0758735509073657,0.0519104298884737,0.0967191552693641,0.0747490455452501,-0.8201683468526393,-1.1452723344610682,-0.5484415075486024,-0.9383312075670256,-0.0474458308562361,-0.0975286459509834,-0.0159373978130904,-0.0531204694813225,0.0225851723149266,0.0073836986326416,0.0428068144950721,0.0234379799722542,0.0,0.0,0.0067199707031249,0.0016415405273437,0.0,0.0,0.0,0.0,0.4120225860090221,0.016450909642174,0.9654915555687604,0.4278926411010569,0.3397739771286896,0.222534247192009,0.9053575187206776,0.5085311561212452,0.0149790846456692,0.0102546751968503,0.0443343996062992,0.0212313914862204,0.4329989148223057,0.266559248463955,0.7379197204031087,0.5836703680796095,2.227141713102247,0.6077603291409832,7.634635473107179,3.731745954659168,0.590499361648341,0.4465606147946748,0.6501563459743461,0.5660750165394878,0.2586641581954928,0.2158028363957886,0.3488738351638738,0.2764357809482887,1.2500006802695327,1.2498957639265935,1.2502986310399689,1.272544343722919,-0.2179017632736844,-0.5496573600636462,0.2951668278837805,0.0385233345424364
latentB_K5_z256_n2000_s0,test_indist,5,latentB,256.0,5.0,2000.0,0.0,True,huber,False,1448113,0.0202515191539624,0.0140106104548586,0.0256357111318688,0.0197828137203808,0.0528799756340041,0.0394116746955164,0.0625113285695035,0.0516197791685792,0.3830027282238006,0.3184802826726809,0.4362436823546886,0.3810169229793246,0.0814726681521755,0.0692550631921398,0.0931022544051252,0.0816350267421961,-0.8257391970677987,-0.9803062994500472,-0.7077839854959237,-0.8425745550842402,-0.2603787662069317,-0.3538210526399301,-0.1709836250923363,-0.2602097438097261,0.1161941484272974,0.0732166856678641,0.1498565380190817,0.1134662468135757,0.0045166015625,0.0,0.0195556640625,0.0078585815429687,0.0,0.0,0.0,0.0,0.1003706653239174,0.0140235456869831,0.4631460666388914,0.1972109706604455,0.293633864914759,0.2315097582943113,0.7035903662675941,0.3992780463242114,0.0331262303149606,0.0276421013779527,0.0387395423228346,0.033226654773622,0.4344298462060381,0.3454169734963322,0.5863445862363391,0.4546986162307901,7.385196424617933,2.036828203512686,16.42487002519727,8.233942289653772,0.537022766632393,0.3754147086178551,0.6146439833609312,0.5169430804922196,0.2487667143123104,0.2121091641319153,0.3591701256346092,0.2736710799545749,1.2500014525536995,1.2498814129537947,1.251048303104366,1.2580309278146518,-0.2091121857183082,-0.5748551180780084,0.8922257159051786,489.2313714401202
latentB_K5_z256_n2000_s0,test_indist,10,latentB,256.0,5.0,2000.0,0.0,True,huber,False,1448113,0.035344530778173,0.0284668689857475,0.0430246351429867,0.0357212991281315,0.071872440573936,0.06140675555246,0.0836977160655676,0.0718516496852866,0.4035289193270728,0.3586248309351504,0.4730511337518692,0.4095628669555299,0.0868168505849081,0.0767266776132132,0.097093272199054,0.0871485332694263,-0.8260506521069709,-0.9308322412738722,-0.7161994090982413,-0.8255928944350299,-0.5205299677050426,-0.6590991409486107,-0.347958278084423,-0.5150319677035445,0.2249067511155231,0.1718731234301999,0.2844905387959079,0.2252573724484335,0.01629638671875,0.002496337890625,0.0364196777343749,0.0176812744140625,0.0,0.0,0.0,0.0,0.0818496769750171,0.0148632746828143,0.2840120999531422,0.1231828921211135,0.2884210240636887,0.2431289102797624,0.5796714013848505,0.3605474487802512,0.0446450541338582,0.0374846210629921,0.0501537893700787,0.0442205954724409,0.4567872152743952,0.3733441516335082,0.5708058349138913,0.4645191202277468,7.022825957559499,2.311044791970381,15.731844152405907,8.196266778885608,0.5037343602497732,0.3885640146275893,0.5922780328528278,0.4923269664152452,0.2751633870409917,0.2054017422583782,0.4842136414239836,0.3167714769543338,1.2499998137227917,1.249848071821822,1.25023922299819,1.2717684370192708,-0.3187983154837645,-0.7309283904198521,1.2693385961190222,1102.7678962784669
latentB_K5_z256_n2000_s0,test_indist,20,latentB,256.0,5.0,2000.0,0.0,True,huber,False,1448113,0.0714138074219634,0.061885283302438,0.0842978376518033,0.0721786131558205,0.1179705406830903,0.1013140119411122,0.1384925014095605,0.119317039048131,0.5641768275527284,0.4331104453653097,0.8723504208028316,0.6215130189832416,0.1113475689912098,0.0976633349908163,0.1255400023299188,0.1115483583588343,-0.8693540678042966,-1.0117497841433067,-0.754741402239938,-0.8757395509786748,-1.1323247187472956,-1.3565288534017357,-0.8770046218608261,-1.1152419547418533,0.447810302839404,0.3730616695120436,0.5285453760401604,0.4494446190270619,0.05767822265625,0.032647705078125,0.0866210937499999,0.0602017211914062,0.0,0.0,0.0,0.0,0.1283353645167423,0.0428627418411831,0.2448287402988628,0.1353320779072936,0.3149314018385947,0.2533100517770669,0.5318096392351676,0.3543516680194075,0.0516424704724409,0.0447619340551181,0.0615249753937007,0.0525492125984251,0.5102107371052733,0.3903952244415046,0.6423594301712355,0.5146851558221115,12.939394668597004,5.421041768628022,25.205275565249305,14.125650320314518,0.3096697766816529,0.2506494842359918,0.4117544923755273,0.3204945649644077,0.1011867027059493,0.0559518936627888,0.1657165472646302,0.1095123680150446,1.250008300164878,1.2498689725455503,1.2533043733875668,1.2816749446309046,0.0234559126419626,-0.6329555654527769,3.9051443487368895,2571.025526618094
latentB_K5_z256_n2000_s0,test_indist,50,latentB,256.0,5.0,2000.0,0.0,True,huber,False,1448113,0.1515239272261055,0.1265715389591689,0.1780285578665792,0.1523685811069681,0.2392379929615114,0.1808090897946494,0.3559105968789438,0.2548427891584949,1.701932229101658,0.9436621222645044,2.896843824163079,1.867963549339329,0.165894165224254,0.1415896227805004,0.1979288651309504,0.1681779256986314,-0.8661902683202394,-1.0603812555939915,-0.6908655203587372,-0.8696080499242932,-2.707220149239143,-3.4447431163153124,-1.9486216593967536,-2.685020399530214,1.096040915431202,0.9808470715430008,1.2126753370836372,1.0914950593460804,0.162567138671875,0.120233154296875,0.2110107421875,0.1663729858398437,0.0,0.0,0.0,0.0,0.5540486778343554,0.2389380652959985,1.116372634030771,0.6409018396589687,0.590346553540881,0.3929765433686838,0.8034460680204193,0.6087483015501701,0.0426611712598425,0.0364573080708661,0.0493079478346456,0.0427620570866141,0.8198171325663846,0.6212864813263944,1.027778095549892,0.8264326001806175,18.87420105274363,7.266429980449585,39.421839230562775,21.27132387174722,0.2851556545515796,0.2328350879293572,0.3646223617486281,0.2916271097927807,0.3732491486550892,0.1945958757919006,0.7848338115858056,0.4497961180367458,1.2499950333403935,1.249843831745201,1.2505173814562898,1.256321597896726,-0.0786888930459591,-0.6382494630546158,5.207574243389172,1611.8810549342013
latentB_K5_z256_n2000_s0,test_ood_terrain,1,latentB,256.0,5.0,2000.0,0.0,True,huber,False,1448113,0.004182373052104,0.0015280873866349,0.0069422645353972,0.0041906205523226,0.0216019531169739,0.0095161268720204,0.0320825410545106,0.0210361403522714,0.2893663274589926,0.1482885298319161,0.3648105187341571,0.2714912102025119,0.0774660087435432,0.0436098524877798,0.0930651325876475,0.0732003276903955,-0.8034753590552127,-2.452316567124797,-0.4952266788449361,-3.314918365268549,-0.0459808800780956,-0.0937635309699672,-0.011165953901389,-0.0492455085421765,0.0213673530244136,0.0026429307521714,0.0386437421842324,0.0208898627437778,0.00067138671875,0.0,0.0074462890625,0.0025051879882812,0.0,0.0,0.0,0.0,0.3600672878359779,0.0147047838805035,0.9638297151471708,0.4393007305498667,0.5432249205273237,0.2023598877968969,0.8220245483853106,0.5159710398923224,0.0157326525590551,0.0099224901574803,0.0482744832677165,0.0227639025590551,0.4258944721139611,0.2167308511602941,1.811130950373648,2.8477237330618084,2.743464577154187,1.112586864310394,7.018961915954502,3.930038440079041,0.5752894504208652,0.4206770771707513,0.6427415913082529,0.5495130289058135,0.255790938045049,0.2145279083129439,0.4130235084827681,0.289504115218227,1.2500230086402055,1.2498978511822905,1.2680155621238598,1.293921712549931,-0.2152798089362896,-0.6271921628638238,2.8127743465599178,3.814776872105336
latentB_K5_z256_n2000_s0,test_ood_terrain,5,latentB,256.0,5.0,2000.0,0.0,True,huber,False,1448113,0.0190868082755417,0.013538086498433,0.0252987944122494,0.0192832658462739,0.0504107574682578,0.0388264997561098,0.0613841374238711,0.0502208868288205,0.3674078788608312,0.2957016251981259,0.4325074568390846,0.3694438366990653,0.0829408049502763,0.0711687170076726,0.096947229786011,0.0832431170684544,-0.8507345545146272,-1.1274553672968213,-0.6659551287594775,-0.8979480296167046,-0.2486266678148968,-0.3425477582140739,-0.164586681841627,-0.251525732844602,0.1008988914072274,0.0645528707492306,0.1445038019305699,0.1043959025527175,0.01177978515625,0.00323486328125,0.025640869140625,0.0137997436523437,0.0,0.0,0.0,0.0,0.0802419449640245,0.0151643011507853,0.3876637186185308,0.1582531763019416,0.3583834008367228,0.2359872261859595,0.5147662657397091,0.3672372087777621,0.0315883366141732,0.0257043553149606,0.0377583661417322,0.0317173658956692,0.4688301877834552,0.3232316587571876,0.6966028462925756,0.5033170793459222,9.471334047118262,3.363026582395011,21.89564687264285,11.701981961293278,0.4944144193712322,0.3509385831696996,0.5776146135318432,0.4792394959353449,0.2571096548436677,0.208848855711403,0.3988027172807301,0.2858640071560213,1.2499938374559267,1.2496628331035973,1.2502551026324409,1.2609179663756631,-0.1769102575502205,-0.6376704316028345,5.17805675549638,1675.5202504012152
latentB_K5_z256_n2000_s0,test_ood_terrain,10,latentB,256.0,5.0,2000.0,0.0,True,huber,False,1448113,0.035545337732215,0.0283313534616645,0.0438998174710359,0.0358902285749195,0.0713634782400395,0.0596498069764118,0.0831399468026224,0.0715269334237138,0.3984794113785028,0.3336510457098484,0.473871495667845,0.403188446611166,0.089873658890193,0.0780848385491629,0.1001795928893683,0.0895542105853626,-0.782495309859804,-0.9857858036115924,-0.6363884503641241,-0.8078542976673398,-0.449854525744886,-0.6032639502533895,-0.3312042151583282,-0.458760549683926,0.2104527742021105,0.1544927828125744,0.2715315272934141,0.2116904561956676,0.023773193359375,0.010662841796875,0.0432250976562499,0.0255703735351562,0.0,0.0,0.0,0.0,0.068711798527718,0.0144134243048204,0.244577440853633,0.1016608915684155,0.3255202459631879,0.2200199743333249,0.4191047955619332,0.3227447926038346,0.0436146653543307,0.0362327755905511,0.0500830462598425,0.0435280819389763,0.4286855716377341,0.3252720642055764,0.6033141025226367,0.447585031314294,9.440619249515642,3.661028203492276,19.3619004663489,10.590801049611612,0.4523021472562414,0.3250877524044711,0.5534719198572601,0.4423476826680826,0.2822550082932651,0.1745665246386709,0.5491512653208249,0.3282864723411164,1.2499928831479346,1.2498389050561372,1.2537062721609535,1.2762167283491688,-0.4659055634672293,-0.8397410316718636,2.0736284190364045,1075.872990759488
latentB_K5_z256_n2000_s0,test_ood_terrain,20,latentB,256.0,5.0,2000.0,0.0,True,huber,False,1448113,0.0683929257439242,0.0573142976685315,0.0825130282268383,0.0693269011330792,0.1100730049911728,0.0924699997158173,0.1396930891329951,0.1140519493110711,0.5155158825218678,0.3976670756936073,0.9547371245920656,0.6085804669046775,0.1073075276590526,0.0938265960640656,0.1252205668385096,0.1089328502870262,-0.8157801985864481,-1.0368776305966012,-0.6815494062666729,-0.8415628416931148,-0.9766402212576306,-1.232716085355217,-0.7205893409335323,-0.9705321419355876,0.4154705140619219,0.3284551426967697,0.5230842969430728,0.4200349182872749,0.053985595703125,0.028466796875,0.0827880859374999,0.0552902221679687,0.0,0.0,0.0,0.0,0.1026017114176007,0.0368226685685384,0.2612549638936096,0.1293352911049297,0.311097999883014,0.2225263315883623,0.429096003782291,0.3218492291848367,0.0532572588582677,0.0442359744094488,0.0615218996062992,0.0532161970964567,0.4438426382874935,0.3241421190831102,0.6255708298483208,0.4621572452507257,15.894128480549425,6.998400280976712,29.70004468443323,17.1791351159363,0.3045275139818717,0.2391597575496652,0.3975412521212902,0.3102468653452898,0.1088506198049145,0.0675375611230608,0.2222577221366551,0.1294605124952697,1.249993138916163,1.249706214872899,1.2504756109261208,1.2491341831539404,-0.1041458546116089,-0.7465614879940539,9.579812670015045,2977.7634638352865
latentB_K5_z256_n2000_s0,test_ood_terrain,50,latentB,256.0,5.0,2000.0,0.0,True,huber,False,1448113,0.1464175922472879,0.1219204533989698,0.1796036408926675,0.1495004338504968,0.2409403567526997,0.1746870056813128,0.3726016091493214,0.2555454557187879,1.849877446889877,0.8307587139308453,3.372863222658634,1.9645714274782224,0.1611451006799928,0.1338568724648008,0.199270366777306,0.1640870003095411,-0.8757402588687974,-1.1487194496027766,-0.5983033285582481,-0.8720820873582589,-2.6557833594066875,-3.558708759139184,-1.4938752742909285,-2.561856519208729,1.028206383151494,0.9048355777821644,1.182800914879725,1.0415476426453067,0.160736083984375,0.11741943359375,0.2041809082031249,0.16205810546875,0.0,0.0,0.0,0.0,0.5167995702052341,0.2184980235283697,1.172367551242771,0.6528294526583757,0.6433103915520211,0.3891815103230274,0.9382599996847716,0.6641353349815224,0.0422766978346456,0.0357867864173228,0.0482098917322834,0.0421118356299212,0.8005907205078011,0.5327987787536381,1.1207814567176109,0.8213129780845825,19.89354261604268,9.641651648481274,40.39798431784686,22.974069868589904,0.2920855646593061,0.2285779847944705,0.3743666810136786,0.2991089061432134,0.2626656483071913,0.1287779062506932,0.8444441099796032,0.4365105891835125,1.249987555644296,1.2497624491187147,1.2514886379847314,1.2488011165940809,-0.0225739929468069,-0.6715217276276753,7.506766477331999,1212.7744435235886
latentB_K5_z256_n2000_s0,test_ood_soil,1,latentB,256.0,5.0,2000.0,0.0,True,huber,False,1448113,0.0040798200560194,0.0016700080364694,0.0075757573243808,0.0043962609093736,0.0240637152235282,0.0111901463685027,0.0377464947866196,0.0245790491885239,0.3827453852281905,0.2344554112176411,0.500039690732956,0.3720777456074029,0.0904150949064493,0.0582657794216098,0.1143196985279791,0.0888554450931943,-0.8740609999996929,-1.297745175655331,-0.5128656719394376,-5.826866504248962,-0.0463977784742923,-0.0964800997992765,-0.0137321821652947,-0.0522813736785717,0.0198493896744708,0.0055263089385144,0.0410738951928314,0.0216553876191861,0.0,0.0,0.0015930175781249,0.0005075073242187,0.0,0.0,0.0,0.0,0.4217457819884485,0.0073236598671298,0.9805732430989846,0.4286881985559316,0.2866174179829044,0.1624562442503141,0.9207279939197944,0.485752297871304,0.0143024114173228,0.0100270669291338,0.0459338090551181,0.0216521592027559,0.4663161771711823,0.2560662904664801,0.8490331871688622,7.114349289178334,2.284520190425347,0.6264395023403578,7.559556526406501,4.057135137869029,0.5574424697272427,0.4339599421636484,0.6185542202680441,0.5380391278809682,0.2606747667479372,0.2130730397578954,0.400433562832356,0.2897996397971962,1.2500068707379837,1.2499098320602602,1.2502381302196606,1.2542128959029244,-0.1550877390079234,-0.5734230416756039,0.5023601546181611,9.776539691495104
latentB_K5_z256_n2000_s0,test_ood_soil,5,latentB,256.0,5.0,2000.0,0.0,True,huber,False,1448113,0.0202238262030257,0.0149082766697095,0.0264441698192051,0.0202807795850196,0.0582638617149027,0.0452120832257224,0.0707250344373059,0.0581247422923863,0.4828508831560612,0.4145281606819481,0.5439550199080259,0.4818928685584569,0.0990150152677599,0.0883256211572728,0.1135566607339848,0.0997079747362131,-0.8332252246095793,-0.954695031001405,-0.7031063536985641,-0.8443702287559318,-0.2574573347629598,-0.3574474631503476,-0.1626660601369229,-0.2595328848339843,0.1135280685909801,0.0705081338730141,0.1508085406441289,0.111965008699151,0.0006103515625,0.0,0.007696533203125,0.0022109985351562,0.0,0.0,0.0,0.0,0.116728941328605,0.0074833447224828,0.564277919686205,0.2245476021438331,0.2169985500092199,0.1688001835994575,0.7166944904214672,0.3694631937490975,0.0327571358267716,0.0276482529527559,0.0377921998031496,0.0327726685531496,0.4343115558575304,0.3462706251897806,0.565476581587261,0.4504298822921274,6.705733282163964,2.743936827098184,16.101689518688975,8.337113032455916,0.5087934850042894,0.3782748891073406,0.5726033770239957,0.4896348314468295,0.2528427272451502,0.2154978411663714,0.3901961301457906,0.2966657013039828,1.2500119817066329,1.249900029291368,1.2705537654966874,1.273914804572352,-0.2006960545348094,-0.6174972617917636,0.9794605372176728,232.5445603996345
latentB_K5_z256_n2000_s0,test_ood_soil,10,latentB,256.0,5.0,2000.0,0.0,True,huber,False,1448113,0.0373725921856775,0.0294107004834708,0.0447847053171875,0.0371213432458182,0.0809567045308309,0.0682703427619238,0.0939503489687553,0.0811210908115167,0.5092164948582649,0.454394568529824,0.5786135534057394,0.5144559119658243,0.1045613968183863,0.0930351356545073,0.1198270361661415,0.1054832641098728,-0.805664638682094,-0.9253223537113524,-0.6902152874413082,-0.8123015243932699,-0.4899868251358885,-0.6362212708195851,-0.3647189974644098,-0.4931765683547411,0.2188457310724836,0.1671073262968172,0.2775545604413493,0.2214444997392265,0.001800537109375,0.0,0.012158203125,0.0042269897460937,0.0,0.0,0.0,0.0,0.0840900939158864,0.0078082570791119,0.3420851368354977,0.138768216864773,0.2090227395512201,0.1688503387360878,0.6004762797390828,0.3211096435446569,0.044921875,0.039351624015748,0.0528543307086614,0.045435685285433,0.4310767002824131,0.3439144953379307,0.5214606583081987,0.4349775275573687,6.904017579576623,2.397530179300864,14.168846633642596,8.020644305200323,0.4811822065280441,0.3526715852633785,0.55432694908761,0.4665939736674828,0.2768632052480984,0.2028797820483922,0.4906355303148902,0.3142002722481474,1.2500014280337814,1.2498934549915592,1.250213759172956,1.251839727630936,-0.362761182147863,-0.7636109067128909,0.780861279665303,131.7186502412322
latentB_K5_z256_n2000_s0,test_ood_soil,20,latentB,256.0,5.0,2000.0,0.0,True,huber,False,1448113,0.0758607312262148,0.0635857534672596,0.089427180156043,0.0762209337720206,0.1289194719694347,0.1134546735169553,0.1533817709114025,0.1313529080586098,0.6323545118793845,0.5175396372098475,0.8901838375255465,0.6743034710238908,0.1300376091288,0.1150136963263293,0.1470836386068002,0.1309556846453992,-0.8760330365841007,-1.0276639821025395,-0.7306631576534375,-0.8770477772013874,-1.1053228281949723,-1.3579772406254038,-0.8582077046874421,-1.1023968479005972,0.4430221046692528,0.3650225155418991,0.5202275061187442,0.4443904568975089,0.026123046875,0.005303955078125,0.05347900390625,0.0276223754882812,0.0,0.0,0.0,0.0,0.1013766606378228,0.0208132488634774,0.2264150046768099,0.1128495336385507,0.2280764362470299,0.1786676484397442,0.4998368576652136,0.2971897633052716,0.0560716043307086,0.0459860974409448,0.0642993356299212,0.0557933993602362,0.4843873259453011,0.3509038760027774,0.5901428403957951,0.4767681445423548,13.15463667283434,4.923799868643823,23.91335116488048,14.150510053056404,0.296980556306134,0.2242054105992013,0.3897813076233999,0.3031752356563343,0.1025316480150079,0.0669137219802655,0.1876271551325567,0.1188802411491097,1.2500000054270444,1.2498715564563814,1.2502515769788742,1.2622456690983646,0.1317291576756389,-0.6009963624839547,4.042892639965279,1764.5094396829086
latentB_K5_z256_n2000_s0,test_ood_soil,50,latentB,256.0,5.0,2000.0,0.0,True,huber,False,1448113,0.1605568492854968,0.1396547252148418,0.191599082397381,0.1632861177985069,0.2478179404251916,0.2020474894107083,0.3499159781859581,0.2647419582217868,1.6194474138319492,0.8343307888135314,3.0642137529328464,1.803968683721396,0.1841808208581036,0.1606123086011134,0.2169298557314078,0.1868701201151763,-0.8513773544659438,-1.051440970432355,-0.6535293109571733,-0.857335515334149,-2.688095659333904,-3.384725023548929,-1.852899542857935,-2.675970546510968,1.110562001958804,0.9820759707270278,1.2292357936885374,1.1093453293969409,0.101409912109375,0.06590576171875,0.13953857421875,0.101588134765625,0.0,0.0,0.0,0.0,0.3138887101011592,0.1320291070216493,0.534793490316397,0.3342150895454467,0.4173161661889981,0.261880987802191,0.5897346708801838,0.4274143727092297,0.0473978838582677,0.0407818651574803,0.0538355068897637,0.0473622047244094,0.7043199996013187,0.5287632507342769,0.9198513517563705,0.7152191351324787,19.45922878664556,8.560951452498516,35.9734642124237,20.746213245685,0.272255839144813,0.2280429906363134,0.3486934485237603,0.2815694698823421,0.3403050840183138,0.1673081861303888,0.8398490663562709,0.4453357713862417,1.249992420272248,1.2498554879596488,1.2502758607369406,1.2525011748801482,-0.1787693523659297,-0.6606800710554169,6.452630152638901,551.3975001907096
latentB_K5_z256_n2000_s0,test_ood_both,1,latentB,256.0,5.0,2000.0,0.0,True,huber,False,1448113,0.0042800686649043,0.0012687699744915,0.0078855999774432,0.0043527170500741,0.0249572882459065,0.0081984246278054,0.0387905209897373,0.023779056983194,0.3737587570212781,0.1746946506202221,0.4838570479303598,0.3446234959613503,0.0960965045447394,0.0495454121994849,0.1186281826946775,0.0897310629411856,-0.7701531998960086,-2.4779697366797824,-0.4571797519474492,-77.82870704254519,-0.0365471299508681,-0.0936563356061706,-0.0104050243828041,-0.0445116526436712,0.0204644613948054,0.0018050370709681,0.0416533222468132,0.0205519567056456,0.0,0.0,0.0019714355468749,0.0005859375,0.0,0.0,0.0,0.0,0.3128360610487456,0.0068083433055533,0.9665258485431356,0.4235725415379765,0.5020999342754869,0.1451921683609238,0.7808857783806801,0.4951044449755998,0.0170244832677165,0.0102116141732283,0.0506305364173228,0.0244714259350393,0.408271129566112,0.1916416636193418,1.802090224547563,50.337635645389504,3.496037705437723,1.0847061957892925,8.975882768638906,5.457046318235143,0.548068946461462,0.402859509771687,0.6287929705195949,0.5196262208093336,0.2618678218232487,0.2161133541894048,0.4252709228052513,0.3001680069130068,1.2500108724059755,1.2498757335534123,1.2505467971663515,1.2556109351503777,-0.2743199146548165,-0.6720741162858062,1.9441507422734643,78.90656538927323
latentB_K5_z256_n2000_s0,test_ood_both,5,latentB,256.0,5.0,2000.0,0.0,True,huber,False,1448113,0.0191859937005212,0.014479966851645,0.0254174293735895,0.0194532421370092,0.0558921301305993,0.0444464409040428,0.0681713545594503,0.0557334926574171,0.466426195576787,0.3888373434543609,0.5372684500180185,0.4636908209888497,0.1019417544867563,0.0879574514747021,0.1164121489414306,0.1020623533658755,-0.804239684419426,-1.1435977897213887,-0.6522359553334495,-0.8792307257685614,-0.230899654784098,-0.3113963131109177,-0.1502397548532099,-0.231994702908986,0.102175300249489,0.0620127580033893,0.1397973467990698,0.1004353728212894,0.001983642578125,0.0,0.007574462890625,0.0028167724609375,0.0,0.0,0.0,0.0,0.0713291922257746,0.0075252911669911,0.395873975417747,0.1502719818363726,0.288114252751397,0.166125675644273,0.4723587364295204,0.3025847055368951,0.0316652312992126,0.0257504921259842,0.038056717519685,0.032109375,0.4363475822602998,0.3145170618213844,0.6823300050043435,0.479335312516837,11.415112133411055,2.743836122399555,23.614362468134832,12.323647317259134,0.4629545494488943,0.3532954916320568,0.5600129030548902,0.4597594687103351,0.2696130112346047,0.2140249560485848,0.4256481240200646,0.3000365683170999,1.2499942679252896,1.249676633863711,1.2516613153160048,1.257739657386812,-0.1685163409034738,-0.6143230148500933,14.078067680120173,3202.6790607938165
latentB_K5_z256_n2000_s0,test_ood_both,10,latentB,256.0,5.0,2000.0,0.0,True,huber,False,1448113,0.0359999991553904,0.0285416046235781,0.0452738394253475,0.036615071207815,0.0792365044415665,0.0663810306649428,0.0937582479486333,0.0793371716634978,0.4992075823247432,0.4213938862085342,0.5690143764019012,0.4945992980177834,0.1079362722706172,0.0967321669268353,0.124501935927033,0.1090760340910473,-0.7761070518972939,-0.9632462753743524,-0.6442145947070648,-0.8024876106805227,-0.4259332102446934,-0.5804885231442806,-0.2918511211684163,-0.4329677702680295,0.2031365261881519,0.1463365636823937,0.253245817933636,0.202969351822928,0.004547119140625,0.0,0.0135864257812499,0.0061474609375,0.0,0.0,0.0,0.0,0.0397146890254494,0.0080329774947719,0.2338618133337137,0.0885646265668011,0.2530768931495836,0.1612501386823846,0.3649086840580904,0.2555442020409883,0.0444605068897637,0.0378844734251968,0.0516240157480314,0.0449106483759842,0.4046817250559237,0.29741801010542,0.5668593576971299,0.4284929887509115,9.848949955891063,3.678845422358679,21.491869865627365,11.537418469199832,0.4137465851970695,0.301326176259429,0.5213442467106149,0.4132401912118094,0.2994049532836869,0.1651291410183893,0.5055713790411361,0.3382937598387797,1.2499928367875677,1.24972794484327,1.2502285086119476,1.2697885564936484,-0.4413694516910873,-0.8269363885365156,6.877541651143922,1049.875283840755
latentB_K5_z256_n2000_s0,test_ood_both,20,latentB,256.0,5.0,2000.0,0.0,True,huber,False,1448113,0.073354188138156,0.0618071390619139,0.0884298955671351,0.0742556885303918,0.1272444007692285,0.1046518343553076,0.1529065333420071,0.1282267811847575,0.6201338954269886,0.5074185907840729,0.964520239084959,0.6898148598580156,0.130370526335136,0.1148881994529197,0.1470260066321942,0.1307688954507838,-0.8292631428548194,-1.0393022924245374,-0.68679337091007,-0.8528412196713397,-0.9491131862181468,-1.2802312936672282,-0.7300762944649906,-0.981685444059229,0.420311699092146,0.3348320735125613,0.5081415400319403,0.4173470080982215,0.024261474609375,0.006341552734375,0.0477600097656249,0.0265435791015625,0.0,0.0,0.0,0.0,0.0670531158926279,0.0177680963208612,0.1771347360588968,0.0832570397550565,0.2497084447580114,0.168474818970479,0.332810280877812,0.2516941753858457,0.0569943405511811,0.0468411663385826,0.0660740649606299,0.0569109867125984,0.4124959856907522,0.3160192118563637,0.6136593263216197,0.4421571852518092,16.698504254491176,6.355404620159162,31.87683430617188,18.26849715364871,0.2783461153361012,0.2243601289765869,0.3624086245692892,0.2883652085897666,0.1184115799477247,0.0576487135062078,0.2270771824816427,0.1329788306794535,1.249990378814301,1.249807678730002,1.2505803679732432,1.2555312286182514,-0.1392710372691186,-0.7187830175460546,8.767279544937143,761.3091432673222
latentB_K5_z256_n2000_s0,test_ood_both,50,latentB,256.0,5.0,2000.0,0.0,True,huber,False,1448113,0.164196199603128,0.1325275458686572,0.2017781925052719,0.1665244198650612,0.2748643384503359,0.1938813476795685,0.419497763572117,0.2898207313265551,2.016051724553108,0.9358752582222224,3.51953158378601,2.198849650794873,0.1866651815799301,0.1562734160544752,0.2309668761244098,0.1913457752773352,-0.9278037053848712,-1.2314567698384855,-0.6185624409921981,-0.9305294307309236,-2.7668198840182145,-4.0544141166451295,-1.6196463463741009,-2.7802763915414697,1.039879687861482,0.8673013813749686,1.177894512124868,1.0383263038896045,0.103729248046875,0.062359619140625,0.1462646484375,0.1058834838867187,0.0,0.0,0.0,0.0,0.2278890411609577,0.0992710832956784,0.5790255734058176,0.2974393052366129,0.4848697536041171,0.2980678280524763,0.7324392800393988,0.4980908950163261,0.0471518208661417,0.0396715059055118,0.0537124753937007,0.047039247047244,0.7458278934690199,0.4881452166659705,1.113720483818177,0.783519474844174,22.90016934500889,9.982582308264424,41.26920695721473,24.49628868260522,0.2790110826498783,0.2152850324807692,0.3538888683115344,0.2811410273594041,0.268888954701641,0.1384842435151719,0.8820497287277163,0.4128350412211,1.2500093969271058,1.2498308210023774,1.2508207977989283,1.2573624860006452,0.0285831909103855,-0.6608022926600515,13.145895878584495,1352.6656390874432
latentB_K5_z256_n2000_s0,test_ood_policy,1,latentB,256.0,5.0,2000.0,0.0,True,huber,False,1448113,0.0042782456163981,0.0018379060432545,0.0075612106814989,0.0044815455472841,0.021692291568175,0.0106736708948157,0.0347766039935611,0.0225167479961908,0.2943297429010272,0.1888813046592986,0.3983190062397625,0.2925430687443804,0.0756928861110487,0.0531483763529182,0.0956770809871349,0.074737937919646,-0.7539725963272579,-1.126439427891637,-0.5013623582621126,-3.640578531837619,-0.0433391452179375,-0.0861820084469131,-0.0128768623411033,-0.0474645378751013,0.02110746592398,0.0064405436262123,0.0418943340042562,0.022968823242018,0.0,0.0,0.0047180175781249,0.00133544921875,0.0,0.0,0.0,0.0,0.376180040203125,0.0119742838065086,0.9624929412581664,0.4160975911291739,0.3318934846505773,0.2033478427302972,0.901195397083685,0.4848580225843687,0.014763779527559,0.0101500984251968,0.0419352854330708,0.0214350086122047,0.3983442671655339,0.2250066763824694,0.6899172748615138,2.6619881340471947,2.3386764869325085,0.8503686653866276,8.248153130942773,3.698120444708583,0.5828736762572455,0.4646646276430901,0.6545310007863266,0.5671236046989968,0.2641985208832108,0.220002734119674,0.3814225368464923,0.2880421400910081,1.250012142449013,1.2498967710844382,1.2501970030020315,1.2606055599040866,-0.2864729153909769,-0.6100243743527911,0.2355976294702164,3.720849605223272
latentB_K5_z256_n2000_s0,test_ood_policy,5,latentB,256.0,5.0,2000.0,0.0,True,huber,False,1448113,0.0190546030348595,0.0134482666997814,0.0238772912362331,0.0188358614887082,0.0501867821765747,0.0374809010594386,0.0590364783153767,0.049546336766144,0.3755059700342826,0.3040435255039483,0.4235022951615974,0.3682708063862083,0.0803601388071851,0.0671523166985846,0.0911984023556489,0.080274371758438,-0.7712963832437343,-0.9771601279549812,-0.6532149873644836,-0.7905964286073095,-0.2307423700148411,-0.3152515954094015,-0.1424198459074755,-0.2295889418452403,0.1098967584389116,0.0719777747427219,0.1435255137305355,0.1085580779879448,0.0037841796875,0.0,0.020538330078125,0.0074957275390625,0.0,0.0,0.0,0.0,0.0825931573467271,0.0106600876498187,0.472674036321981,0.1929883493186942,0.2785640176514764,0.2201271879007047,0.6704426380329651,0.3797837338532661,0.0326648622047244,0.0273099163385826,0.0394992618110236,0.0331603715551181,0.4071519081440812,0.3198513977515713,0.5718926517662812,0.4234447268942867,6.691841869826706,2.1667724665233288,16.01603163945634,8.525565892192862,0.5483964856939549,0.3797379576378001,0.6280512166017954,0.524345268254759,0.2601824959227911,0.2109414055373531,0.4206045729987906,0.2947876046033368,1.249995634516766,1.2498060369190842,1.2502947076085342,1.2736967456720958,-0.2294218068776567,-0.5846194763495676,1.410956513929529,13.096645990317734
latentB_K5_z256_n2000_s0,test_ood_policy,10,latentB,256.0,5.0,2000.0,0.0,True,huber,False,1448113,0.035323258368988,0.0265984363220825,0.041915153168063,0.0347640433763722,0.0709402904508201,0.0577817547678527,0.0815979534381469,0.0699277913523501,0.3987266882322728,0.3438931487500667,0.4560081836301833,0.4027751032611013,0.0859880470229193,0.0747060926830913,0.0953450632260054,0.0855983806803121,-0.7662740227825894,-0.907739769710351,-0.6680437036468695,-0.7746151991960178,-0.4441707544838886,-0.5883153168167183,-0.3283430104475679,-0.453741344406981,0.2181917027708172,0.1591508028371648,0.27435567471707,0.2187431154912909,0.013092041015625,0.001019287109375,0.0338562011718749,0.0157046508789062,0.0,0.0,0.0,0.0,0.0704050560821788,0.0121494326953429,0.2927084795098633,0.1258261226377456,0.2746026305158378,0.2228352975310759,0.5651527876707719,0.3418410810813806,0.0442913385826771,0.037767593503937,0.0509811761811023,0.0443740772637795,0.4140048603093317,0.3479300590400588,0.5439852558668958,0.4268510668061499,6.892222800413572,2.521647262956808,15.441549583031804,8.270842402534551,0.5047458949257017,0.3846176869393498,0.594409492107987,0.4942455329590876,0.2774492076957314,0.2172759354804241,0.4662702108057986,0.3149808386542673,1.2500016946062034,1.2498487993332512,1.2510752473806714,1.2681920626312682,-0.3914020457532848,-0.7672847617927347,0.9904135666655496,291.8191805511583
latentB_K5_z256_n2000_s0,test_ood_policy,20,latentB,256.0,5.0,2000.0,0.0,True,huber,False,1448113,0.0685925603670374,0.058538677435649,0.0814559485940855,0.069072049408914,0.1137632475871345,0.0966593105210729,0.1365068538322747,0.1148350467605513,0.5475296061486006,0.4223593880480621,0.8438466504216194,0.6047670271599054,0.1069792820497131,0.0954153730525208,0.1234673544097663,0.1079232043180009,-0.8338600710217893,-0.9870181211992092,-0.7098202588700218,-0.8409390210040576,-0.9962249818690408,-1.2483208862604211,-0.7926632289372092,-1.0139247156978208,0.4315302132142306,0.3583595310337108,0.5163502766908299,0.4343786913727339,0.05078125,0.025811767578125,0.0846252441406249,0.0536773681640625,0.0,0.0,0.0,0.0,0.1072921819364167,0.0361711870148013,0.2116476386119226,0.1182673332496116,0.2980761070104921,0.2326145839395528,0.5001585225151892,0.335828384581922,0.0542415108267716,0.0467765748031496,0.0639794537401574,0.0548405204232283,0.4728914112162801,0.3582452229267204,0.5945077056373929,0.4764637016505099,12.52876979879888,4.798411861039445,23.84608447577681,13.641423835266504,0.3117250706369909,0.2415924114405514,0.409830395170854,0.3223780435487892,0.1011106078908005,0.0566116493330258,0.1831072333497712,0.1180774402178473,1.24999799979807,1.249829169149674,1.2506027689563883,1.2690949419445725,0.0009135023813363,-0.6463043845392638,4.461274775867477,111.17005205571188
latentB_K5_z256_n2000_s0,test_ood_policy,50,latentB,256.0,5.0,2000.0,0.0,True,huber,False,1448113,0.1505969463997335,0.1246241358472968,0.1783199501736445,0.1517489600792141,0.2381553485342938,0.1799718974973878,0.3565443243073674,0.2572278812541421,1.90451324172318,1.0234486401081089,3.1198115877807138,1.9890501954919453,0.1647836585377907,0.1384508808413684,0.1936848148982487,0.1663745345749612,-0.8528571053557483,-1.0634630003521928,-0.6882895754427117,-0.8696106995296441,-2.6384889217986167,-3.3923478986059923,-1.9241162874182005,-2.659716578606388,1.0826046159693217,0.9583313820157155,1.2103589532106651,1.084531504513676,0.154754638671875,0.115643310546875,0.21126708984375,0.15868896484375,0.0,0.0,0.0,0.0,0.5395220772473832,0.2286139608648862,1.0691448883004906,0.594150230220038,0.6032082758069397,0.4306411557253071,0.8410467680776927,0.6244473143009054,0.042845718503937,0.0370878444881889,0.0486958661417322,0.0428578678641732,0.7832798451331839,0.6050818051178986,1.0526472214573843,0.8136928510528644,22.575041022861257,9.0592392781345,38.39022859850812,23.464035850098423,0.2890675927349864,0.2323533927822942,0.3423625596037576,0.2900344559589991,0.3353935805010443,0.1894969037096794,0.6726187006120389,0.4153628921187605,1.2499908703823503,1.249814260421415,1.2504652539549863,1.260234992512451,-0.0918498074073147,-0.6177481969079338,6.5249207719200015,1018.6497427416522
latentB_K5_z256_n2000_s0,dev,1,latentB,256.0,5.0,2000.0,0.0,True,huber,False,1448113,0.0042324385078234,0.0017593414746417,0.0073538960428137,0.0044921429247598,0.0222699170219463,0.0110233243443861,0.0334811100466864,0.0225173298049045,0.3004322834312916,0.1839782950468361,0.3868696329765952,0.2958470584034421,0.0749878512021709,0.0511794314672226,0.0926317727182011,0.0729477652661258,-0.813580201582466,-1.1088384790585395,-0.5199214795803256,-1.0031479204215412,-0.0482182122790541,-0.0968071122694959,-0.0151012683687379,-0.0527464006418279,0.0218445640953321,0.0075959349102759,0.0421000150788292,0.0235896654740569,0.0,0.0,0.0038574218749999,0.0011260986328125,0.0,0.0,0.0,0.0,0.3450742935220088,0.0133818927357429,0.9661935145969548,0.4092092338037653,0.3275734176801071,0.2251913557144153,0.8849236981697942,0.4953396832105339,0.0143639271653543,0.0106729822834645,0.0367156742125984,0.0201156496062992,0.4386231218828721,0.2401294648616166,0.7902602992199338,0.613393676308165,2.162189524824678,0.5909326280694801,6.51087541418593,2.8707023462008654,0.5808720335042734,0.4527465197072597,0.652004449201183,0.5622207644045006,0.2557119177478302,0.215493439868749,0.3824032009392007,0.2805738580529717,1.250005231145232,1.2498844773671345,1.2507609344334198,1.269469611652574,-0.1914904754657579,-0.578480475994005,0.3132441254273018,0.0934167420085199
latentB_K5_z256_n2000_s0,dev,5,latentB,256.0,5.0,2000.0,0.0,True,huber,False,1448113,0.0198253452165612,0.0144784945878879,0.0258736117314095,0.0199137430508504,0.0518358196802639,0.0406716502369537,0.0627126497680261,0.0517730761256842,0.3858116157352924,0.3180786876473576,0.4390284893568605,0.3807498163434502,0.081316309475795,0.0703414054704308,0.0935117885795949,0.0814062447032304,-0.8277028839026135,-1.0103241387354374,-0.702447510541465,-0.8429696607060413,-0.2628935585393993,-0.3577223662692687,-0.1794344216191909,-0.267389387618884,0.1132800734973976,0.0749802423885683,0.1566217634192744,0.1152673958083761,0.005279541015625,0.0,0.022369384765625,0.0081295776367187,0.0,0.0,0.0,0.0,0.0980619991216397,0.0114041821602763,0.4835281674634246,0.194599969330582,0.27988644929062,0.2279312016481459,0.6777287614741037,0.3894167823435677,0.0334953248031496,0.0280604084645669,0.0382720226377952,0.0333332308070866,0.4392997236967338,0.3399136732609868,0.570527513879342,0.4534567456935272,6.3824316190469785,2.5921190434349564,14.80566032615392,7.819786012913811,0.5468079009067185,0.4404685230549575,0.6102567568352188,0.532604098910854,0.2393792636004911,0.2087023968220064,0.350065090166513,0.2664080205804365,1.2499999976432157,1.2498831359292468,1.2540229853992797,1.270415951362274,-0.2009766483907125,-0.52454948528938,0.983536043044785,3.2461091374090194
latentB_K5_z256_n2000_s0,dev,10,latentB,256.0,5.0,2000.0,0.0,True,huber,False,1448113,0.0354280937062872,0.028229130080399,0.0431238251882784,0.0356904660655963,0.0719311588928225,0.0599637728444202,0.0817850049325065,0.0715785229003915,0.4044875660911202,0.3577376775443553,0.4701726369559765,0.412400516027792,0.0864266023954292,0.0756516476868915,0.0958247596014683,0.0864372058146349,-0.824590185779865,-0.9419942003293014,-0.7176913137646941,-0.82992625413604,-0.5092333300328433,-0.6531361065532802,-0.3793947769952865,-0.5145566230045895,0.225190481683066,0.1678705975252251,0.2804151299988031,0.2246340534690086,0.015167236328125,0.0023193359375,0.038885498046875,0.0183462524414062,0.0,0.0,0.0,0.0,0.0950674700597387,0.015621397615235,0.2846213434435932,0.1312440613568284,0.2826984720507071,0.2342235116569924,0.5787941606996231,0.355244034026754,0.0446296751968503,0.0378752460629921,0.0500953494094488,0.0443740772637795,0.4615616671399231,0.368395743293326,0.5587130308050695,0.4643251329418266,7.082114131921891,2.53531392774632,14.922200603724404,7.87943717122144,0.5218647873905585,0.3866131654784532,0.5852830629406656,0.5022989097000213,0.2723525657735874,0.2135498492462548,0.4615334461890344,0.3230794110587392,1.249994739270384,1.2497751955074996,1.2502018241196349,1.2562631908684805,-0.3373034855974594,-0.7447338528280778,1.7496826261679346,105.43087579069972
latentB_K5_z256_n2000_s0,dev,20,latentB,256.0,5.0,2000.0,0.0,True,huber,False,1448113,0.0709350757625496,0.0608397288844849,0.0833135077388291,0.0717879881528788,0.1160879078603931,0.1009540281824145,0.1392999179449125,0.1182026072346402,0.5829877108335495,0.4408244295045733,0.8357353959465399,0.6225110742391553,0.1096594351241577,0.0977089358098523,0.1234165799760497,0.1105605575257497,-0.8717559379362809,-0.991023243527062,-0.7454512697044876,-0.871188177141496,-1.0970124272288833,-1.3119010632559838,-0.8945124079552536,-1.0994275324525995,0.4466115031552905,0.3662586300565452,0.5282391588728904,0.4466951176902816,0.056488037109375,0.0338134765625,0.0912353515625,0.0590814208984375,0.0,0.0,0.0,0.0,0.1331187187927899,0.0416329484832776,0.2247256579706622,0.1333136123436555,0.3108878307904609,0.2549461748741201,0.4948757048475268,0.3475539479967915,0.0521038385826771,0.0436792568897637,0.0593688484251968,0.0520703125,0.5062703389016956,0.3869026405704477,0.631900055794062,0.5080243648531464,12.25748608406251,5.922874585518493,23.34480399363584,13.773493511914925,0.3114991242750412,0.2554940982946433,0.4107973091612912,0.3263192382632006,0.1018811511574788,0.0575398692179481,0.1662689326123802,0.1113466433070601,1.2499960258597715,1.2497865353476474,1.2587517316862993,1.2476529358976864,0.0299331741787219,-0.6439272156309424,5.568127533800053,2403.278737076866
latentB_K5_z256_n2000_s0,dev,50,latentB,256.0,5.0,2000.0,0.0,True,huber,False,1448113,0.1461492473513688,0.1254463521303507,0.1759022890175788,0.1486895335386292,0.2286068910014667,0.1743379508722674,0.3468667884899339,0.2440469116035549,1.5777512714266777,0.7510789811611176,2.9559084132313727,1.7506146989804257,0.1622021614541637,0.1371707806711942,0.1925716863036629,0.1642408655261434,-0.8639779671841368,-1.0715395149028202,-0.6608794030869845,-0.8592233099189767,-2.6892491903835074,-3.3672810451753854,-1.7947029046956042,-2.6420444262922262,1.1116152041942031,0.9547110988441592,1.2188865735595171,1.093524718750048,0.157379150390625,0.116400146484375,0.204449462890625,0.160328369140625,0.0,0.0,0.0,0.0,0.5538816949865291,0.2665797426004725,1.2534776093540878,0.6772026987736898,0.5401206299770273,0.376145282554043,0.8046302410387222,0.5716338012210638,0.0420921505905511,0.0358913631889763,0.0491264763779527,0.042386811023622,0.7936489255557377,0.5690262266772812,1.0423816262966294,0.8044718904021841,19.032166107635,7.106459583657048,35.6900310080519,20.478439260611992,0.2930171294397398,0.2389152070338376,0.375490020855624,0.2999154309892545,0.3369243843088749,0.1689831272158308,0.7733481381400037,0.4756745089236744,1.250005576894611,1.2498430082513188,1.253207871783056,1.2634849762490243,-0.075185267901736,-0.6304639410713759,7.265863266250069,1163.8648649573677
latentB_K5_z64_n250_s0,test_indist,1,latentB,64.0,5.0,250.0,0.0,True,huber,False,1005361,0.0038147162761699,0.0023188660715839,0.0063490755431159,0.0039970237701155,0.0181511828702713,0.012356847598126,0.0272400228595033,0.0189882432245262,0.2204669699713122,0.1487214877066435,0.291927930311067,0.2165058954999222,0.0641687520728145,0.0493497290563209,0.0845697865940301,0.0656066662890485,0.6451787923142894,0.2936716041513905,2.183254429117902,1.3765926582250798,0.0876504235652828,0.0394274969542579,0.1318753018789661,0.0875437427269507,0.0225851723149266,0.0073836986326416,0.0428068144950721,0.0234379799722542,0.00726318359375,0.0,0.0139953613281249,0.0073587036132812,0.0,0.0,0.0,0.0,0.4581786565014548,0.0087111382791107,0.9593245754496708,0.4668797777129394,0.497361760707103,0.311565783207325,0.911758767534336,0.580577080191218,0.0206539124015748,0.0119955708661417,0.0380259596456692,0.0229136934055118,0.6055799436014849,0.3842951165695591,1.804045833033006,1.161407564215056,44.526431745614346,20.98337348956122,69.26120213839089,45.32864211917024,0.763776513515394,0.6750704940528695,0.8141479308980452,0.750782550106137,5.353352601145064,3.942441356916267,5.971937862434991,5.156774056943744,1.2500006802695327,1.2498957639265935,1.2502986310399689,1.272544343722919,-0.7723882689941314,-0.8552690357066741,-0.3625899469317844,-0.534382918920114
latentB_K5_z64_n250_s0,test_indist,5,latentB,64.0,5.0,250.0,0.0,True,huber,False,1005361,0.0179420987335086,0.0137501879975708,0.0231547479964299,0.0182638982877867,0.0437509273379935,0.0358903467940828,0.0532493724635833,0.0443403479418111,0.2861535862321034,0.2430044406093657,0.3411349043250083,0.2924776384309643,0.07118547491641,0.0616800894656279,0.084263314848504,0.0722613509983651,0.6270938711922902,0.3993119551262988,0.8961441076469441,0.6789380814274125,0.3928659592792588,0.2781278665745217,0.518735086923666,0.3951618682483772,0.1161941484272974,0.0732166856678641,0.1498565380190817,0.1134662468135757,0.031005859375,0.01544189453125,0.0458190917968749,0.0313461303710937,0.0,0.0,0.0,0.0,0.1930542705027436,0.0276674320381111,0.5022735354730256,0.2424926595924762,0.3954776029715048,0.3218203397187947,0.7335934052610977,0.4716136273749401,0.0348332923228346,0.0283033956692913,0.0416523129921259,0.0349295644685039,0.5916324516774089,0.4332749590718803,0.8428371528543769,0.6386553266620928,22.54353174572537,7.407098842434115,38.9680045037892,22.52274638149049,0.7027213142541986,0.5602785527360185,0.7652377351678801,0.6795928684162252,5.059945699081789,3.592085065533172,5.789692990374529,4.84304115930737,1.2500014525536995,1.2498814129537947,1.251048303104366,1.2580309278146518,-0.8036998600931956,-0.8810301171973536,-0.2019997703032827,237.69019278112725
latentB_K5_z64_n250_s0,test_indist,10,latentB,64.0,5.0,250.0,0.0,True,huber,False,1005361,0.0330205644304773,0.0272081251103269,0.0401445492710093,0.0335256243136939,0.0639330061219982,0.0539337685509216,0.0751454523930012,0.0641368723626103,0.3331019915640354,0.2782719822600484,0.412425782054197,0.3398215642364062,0.0797921363678161,0.0701642356891254,0.0935976715170887,0.0807354453335579,0.4294035339626855,0.2762881590159841,0.6160777640887333,0.4361066288209601,0.6061619587554969,0.4564154299746434,0.7623304155262708,0.6078415131268041,0.2249067511155231,0.1718731234301999,0.2844905387959079,0.2252573724484335,0.043609619140625,0.023370361328125,0.0600708007812499,0.0432492065429687,0.0,0.0,0.0,0.0,0.1557521724985465,0.0303613316328951,0.3235690560160569,0.1635437546327692,0.3485157963652763,0.2928771947880184,0.6089858097187325,0.4078476875953325,0.0443220964566929,0.0374569389763779,0.0524729330708661,0.0449167999507874,0.5069820489467849,0.3966027677961001,0.6530704822091224,0.5177665697972886,16.2279415232572,6.067831559101931,30.66599116250088,17.3172178062581,0.6193636590203909,0.488600058340043,0.7020938695313184,0.6066528304556803,3.157326556646804,2.016104252483648,4.6598994197084815,3.224940515522477,1.2499998137227917,1.249848071821822,1.25023922299819,1.2717684370192708,-0.8515606064114106,-0.9303077589745596,-0.2771699637805009,359.2666763101214
latentB_K5_z64_n250_s0,test_indist,20,latentB,64.0,5.0,250.0,0.0,True,huber,False,1005361,0.0616252039744188,0.0532924963989366,0.0720388386067821,0.0624086851992803,0.0961908548254846,0.0843023092843596,0.1115208500471198,0.0971457772095564,0.4141461290419101,0.356529551371932,0.5349554034764878,0.433482474184675,0.0964313224215829,0.0860660320054215,0.1085341164076854,0.0971185381099388,0.2492591736191703,0.1378270016895256,0.3572360641774965,0.2454797741436975,0.8868749513386799,0.6857895248758114,1.0726700857335327,0.8811567553709082,0.447810302839404,0.3730616695120436,0.5285453760401604,0.4494446190270619,0.056304931640625,0.035284423828125,0.08699951171875,0.0588909912109375,0.0,0.0,0.0,0.0,0.1086982284533377,0.0286648018595875,0.2152664856137243,0.1118288015027884,0.3013680359251293,0.2513329289426832,0.5165337488319354,0.3445652533413454,0.0514886811023622,0.0450203001968503,0.0576464074803149,0.0512762979822834,0.4227142175932014,0.3256461174825248,0.5240807107999141,0.4280222353485631,13.155581574414953,5.562937822440213,25.20247927746858,14.645859968757618,0.4157415244006451,0.303022654006094,0.5421305468642219,0.4189347401891259,3.036261575263949,1.7492410479342173,4.727289744266743,3.158775569175611,1.250008300164878,1.2498689725455503,1.2533043733875668,1.2816749446309046,-0.8371540672483233,-0.931791818600971,-0.1269473068238208,328.81430866762673
latentB_K5_z64_n250_s0,test_indist,50,latentB,64.0,5.0,250.0,0.0,True,huber,False,1005361,0.1571005408093146,0.1314241773518644,0.20462006945967,0.1627260001649568,0.2582678820717434,0.1948840946331523,0.4214075918095005,0.2830602776298253,1.8084652069956064,1.0571314433589578,3.250850741565228,1.99558743994734,0.1645343479328984,0.1382216483049101,0.2136142769108718,0.1716826329594173,0.4754437387005554,0.2490644626334392,0.7710162122706982,0.4913954337057632,3.1231004598227337,2.203251078556256,4.308260464710297,3.209919277181464,1.096040915431202,0.9808470715430008,1.2126753370836372,1.0914950593460804,0.20379638671875,0.159991455078125,0.2580078125,0.2067654418945312,0.0,0.0,0.0,0.0,0.1265339557987629,0.0575625853406683,0.3773962745883281,0.2085365221417005,0.5439476399331284,0.377685105280041,0.802065922690871,0.5697967386353175,0.0414000984251968,0.0350516732283464,0.0476224163385826,0.0416370878444881,1.0619819570762594,0.7530038606514836,1.4552960393188366,1.084878583236807,14.713158376544271,5.594806407238115,27.052641116695103,15.7296748100746,0.3341485861400828,0.255038965083759,0.4353182576437215,0.3405401605982848,3.915598559050261,2.8785245579679133,5.100399443296984,4.011277718460843,1.2499950333403935,1.249843831745201,1.2505173814562898,1.256321597896726,-0.4900554855494691,-0.7578626429720113,1.851835589239632,1395.7285410585507
latentB_K5_z64_n250_s0,test_ood_terrain,1,latentB,64.0,5.0,250.0,0.0,True,huber,False,1005361,0.0038803208183382,0.0019967936066161,0.006469247404691,0.0040776160179629,0.019324733737259,0.0106827374123354,0.0283966587134828,0.0193460492623547,0.2164158634841442,0.1377349019050598,0.2904879063367843,0.2184717990807257,0.0666444726617582,0.0468209854417362,0.0909709759334332,0.0681780496570375,0.5438481384165796,0.1519730724194113,2.6355045089844875,8.426299366808466,0.0702344827488377,0.029411245322055,0.1201521799552865,0.0737941221167037,0.0213673530244136,0.0026429307521714,0.0386437421842324,0.0208898627437778,0.006805419921875,0.0,0.013861083984375,0.0066448974609375,0.0,0.0,0.0,0.0,0.4178290055227489,0.0339996530521828,0.9649308434503469,0.5680038916316894,0.6112055815392028,0.2941980869935464,0.8505572677765603,0.6115689679341267,0.0242525836614173,0.012564591535433,0.0488404281496062,0.0277139210137795,0.5649237885097256,0.3191211678533777,2.0109456727025226,6.067067792574671,47.10714338924774,23.41666869703116,70.00217040499757,47.02157837239876,0.7573823554463585,0.6363180394727703,0.8210692395071344,0.7321668943796277,5.256939195840038,3.850501915396739,5.896255791023831,5.007337456925294,1.2500230086402055,1.2498978511822905,1.2680155621238598,1.293921712549931,-0.7880037049320557,-0.873069257605991,-0.1701347288337346,1.4492253077234432
latentB_K5_z64_n250_s0,test_ood_terrain,5,latentB,64.0,5.0,250.0,0.0,True,huber,False,1005361,0.0184396431734326,0.0142406860809493,0.024386571776945,0.0188503921603356,0.0459287610713185,0.0368870269371513,0.0567189057692051,0.0464051305968763,0.2956519406288862,0.2459840992465615,0.3786066055297851,0.3066628204630979,0.077886294212882,0.0644442606325859,0.0920424615464413,0.0779996537614683,0.5549531643496541,0.2818987136303263,1.0612819147848829,0.6499690871456031,0.347734339106155,0.2173941805310715,0.4562361240593246,0.3415770533686245,0.1008988914072274,0.0645528707492306,0.1445038019305699,0.1043959025527175,0.029876708984375,0.012994384765625,0.0458984375,0.0298849487304687,0.0,0.0,0.0,0.0,0.1706235718839992,0.0372326175290266,0.4065788020464448,0.2025885635788392,0.4343012644778915,0.3098811353021064,0.5542393178956813,0.4309852493064139,0.0326341043307086,0.0266640009842519,0.0439530019685039,0.0342916461614173,0.5837195616474153,0.3941245449634782,0.9216976187365769,0.6388956021855614,22.63754236450218,9.611610573217474,40.00594396820428,23.93842058004043,0.6205517676373733,0.4815923679602987,0.7339973706486279,0.6078139616568236,4.684055718340961,2.742317366640957,5.587797732075137,4.4525578456227946,1.2499938374559267,1.2496628331035973,1.2502551026324409,1.2609179663756631,-0.7859169445610706,-0.8934113168021072,0.5010342291440746,735.4892842957705
latentB_K5_z64_n250_s0,test_ood_terrain,10,latentB,64.0,5.0,250.0,0.0,True,huber,False,1005361,0.0347346478400334,0.0277719821223612,0.0432474788693659,0.0350000318925423,0.0670978816952432,0.0567033027214579,0.0785175870594027,0.0672090199223082,0.3447534875595011,0.2909056156873703,0.4393584460020065,0.35437873659248,0.0865495636370731,0.0745541578805724,0.0972069673366166,0.086013613656773,0.3531771483404173,0.1747923255604278,0.5962014753155519,0.3742318713146562,0.5068585563659145,0.3604535086032339,0.6653395709254347,0.5107673221783217,0.2104527742021105,0.1544927828125744,0.2715315272934141,0.2116904561956676,0.041748046875,0.02081298828125,0.06273193359375,0.04142333984375,0.0,0.0,0.0,0.0,0.1137530224369225,0.0342043676128228,0.261113050822892,0.1298096490531853,0.3580793480071922,0.2799419191641177,0.45688936030872,0.3630656461992453,0.0435992864173228,0.0367095226377952,0.0544014517716535,0.0448323695866141,0.4612360819043123,0.3339621753589525,0.6502923768031609,0.4763429065031728,17.48962402017534,6.507341153078197,30.85066987397772,18.41443455140456,0.5148725154433151,0.3877184826540727,0.6470435189914996,0.5153046177994948,2.9673059614558017,1.964837535428197,4.712712957512507,3.322596167692485,1.2499928831479346,1.2498389050561372,1.2537062721609535,1.2762167283491688,-0.8780132929665785,-0.9512149106336376,0.1309777733772412,386.1753366299782
latentB_K5_z64_n250_s0,test_ood_terrain,20,latentB,64.0,5.0,250.0,0.0,True,huber,False,1005361,0.0611702348240301,0.0517893057429701,0.0729308265361769,0.0618714497427013,0.0951731433276396,0.0828573482100077,0.1115440734157383,0.0966230493623172,0.4093299445230514,0.3441239362582564,0.5374975562095641,0.4297040574759012,0.0973872871364458,0.0869361429798395,0.1099020468771857,0.0979220643353545,0.1900682086306633,0.0737062136554307,0.3357607360256368,0.1994686596220257,0.7312498777509793,0.5531837773139962,0.9336581021121512,0.737421601888401,0.4154705140619219,0.3284551426967697,0.5230842969430728,0.4200349182872749,0.0540771484375,0.030230712890625,0.081427001953125,0.0545120239257812,0.0,0.0,0.0,0.0,0.0753516507970722,0.0265544523502448,0.1532730677059676,0.0857517700707399,0.2988890221078341,0.2351133198469608,0.3722125878382566,0.3026823447363231,0.0511503444881889,0.0440729576771653,0.0580616387795275,0.0510090120570866,0.3859474074546375,0.285845193726283,0.4940607392407471,0.3885236447836142,15.562183803921792,6.954076627449281,27.343366083469707,16.89599762627558,0.3625243754501367,0.2830809370908266,0.4693675213513947,0.3689404773873561,2.549675426160378,1.501267709199967,4.044645585899729,2.699034819978344,1.249993138916163,1.249706214872899,1.2504756109261208,1.2491341831539404,-0.8100839615251796,-0.9320469898446284,1.1061221650869366,449.5042995355309
latentB_K5_z64_n250_s0,test_ood_terrain,50,latentB,64.0,5.0,250.0,0.0,True,huber,False,1005361,0.1684409581294115,0.1372450515088103,0.2181071387369151,0.1737180112444045,0.3058057589480294,0.2224896933623087,0.4565338232402943,0.3226179586352579,2.2794306613504887,1.40449151545763,3.791565118730068,2.431625384623185,0.1769345919764365,0.1452072707880334,0.2211922945158229,0.1815021156638053,0.5558351536536825,0.3110209639586872,0.8578646679754461,0.5748021635774697,3.3254031324130944,2.347387377514522,4.501915370259508,3.3950963868753803,1.028206383151494,0.9048355777821644,1.182800914879725,1.0415476426453067,0.214874267578125,0.15440673828125,0.2561096191406249,0.2107644653320312,0.0,0.0,0.0,0.0,0.1259826479420262,0.0775514923884487,0.390095510151472,0.2261606738543525,0.6120581988652553,0.4435842484849323,0.9260504424482128,0.6573875369124237,0.0401851624015748,0.0345011072834645,0.0468134842519685,0.0405242679625984,1.1613345354733835,0.8440131527998292,1.6778356194428552,1.228137496317647,16.441034279808626,6.458519884535416,30.83318620714808,18.172258413387176,0.3343252459279155,0.2511010457360219,0.4119533854103779,0.3333968880720921,4.291871660963779,3.3633043517794787,5.040280802350208,4.226494295616021,1.249987555644296,1.2497624491187147,1.2514886379847314,1.2488011165940809,-0.4426603310415163,-0.7468366232618932,4.189676513339349,653.8033340703184
latentB_K5_z64_n250_s0,test_ood_soil,1,latentB,64.0,5.0,250.0,0.0,True,huber,False,1005361,0.0037049792332332,0.0022311421655899,0.0064251057780805,0.0040078743397486,0.0194182726304503,0.0125365372163284,0.0300809331827606,0.0203573510040801,0.2391036004410125,0.1635507169179618,0.3153336659073829,0.2403005141827998,0.0780407346292589,0.0587105924882842,0.1006225613213538,0.0786780508522683,0.671674946597181,0.3104827371425052,3.454573354980875,26.23919650720829,0.0867202124402879,0.0360748195682739,0.1313002837172706,0.08402349272639,0.0198493896744708,0.0055263089385144,0.0410738951928314,0.0216553876191861,0.0,0.0,0.0030212402343749,0.0008853149414062,0.0,0.0,0.0,0.0,0.4485290321899242,0.0095557692316584,0.983138358811904,0.4514259883629268,0.3782922189461729,0.2199163224361185,0.922250707385587,0.529643844412679,0.0216227854330708,0.0122416338582677,0.0386441929133858,0.0235808316929133,0.6139364360759862,0.3964182491053639,2.2864420828924947,17.861467995939645,47.4028580392117,22.439553375289577,69.60201947910483,45.927639817781184,0.768420264481505,0.6236977459826184,0.826524852662633,0.7398879063240082,5.357025208525352,3.8955935324745297,6.027479754078348,5.122092426985875,1.2500068707379837,1.2499098320602602,1.2502381302196606,1.2542128959029244,-0.7695409511130935,-0.8549467816429802,-0.0933875590130066,5.96701072103146
latentB_K5_z64_n250_s0,test_ood_soil,5,latentB,64.0,5.0,250.0,0.0,True,huber,False,1005361,0.0189418763711822,0.0149695905314484,0.0238560662635851,0.0190451204790579,0.0489472799417676,0.0405043610745576,0.058971119715262,0.0491181168123908,0.3224620230612345,0.2693959478987381,0.4077544391155243,0.3306778668065089,0.0887986347060697,0.0775609141257234,0.1054670447523686,0.0902375159468065,0.5949632332712169,0.3915115942203532,0.8726646956200184,0.6255013891018165,0.3822897524258861,0.2411633257475405,0.5010838161688588,0.3758211932029339,0.1135280685909801,0.0705081338730141,0.1508085406441289,0.111965008699151,0.00384521484375,0.0,0.0160278320312499,0.0061297607421875,0.0,0.0,0.0,0.0,0.1922228751828326,0.0156601767370117,0.5813928017381212,0.2447401149851348,0.292389908118818,0.2262821398197317,0.7284176100454394,0.4137638547753224,0.0348179133858267,0.0283802903543307,0.0432547982283464,0.0356671382874015,0.5698331593075564,0.426226624288069,0.7908980971034429,0.5982456192012926,18.608904624186493,7.260411928643879,37.69209329850929,20.96069060782984,0.7028964523148661,0.5662739597726432,0.772867205605893,0.6782552485298311,5.009883689593885,3.475170805279555,5.682352116969016,4.730376386105459,1.2500119817066329,1.249900029291368,1.2705537654966874,1.273914804572352,-0.8068215850293508,-0.8833937372248029,-0.2050793694820609,128.43409187316388
latentB_K5_z64_n250_s0,test_ood_soil,10,latentB,64.0,5.0,250.0,0.0,True,huber,False,1005361,0.0356249957041559,0.0281920944203452,0.0422592112802671,0.0356622953719544,0.0727039011779237,0.059984100017019,0.0831427325502323,0.0721680515111819,0.4054089207202196,0.3325551152229309,0.4799185045063495,0.407690182873921,0.099701457996418,0.0860056086452858,0.115613763866122,0.1000161113516223,0.4299727478491653,0.2547919893215687,0.5997881046004956,0.4243904793412518,0.5937865961930948,0.4052198515743804,0.7484138076783078,0.5858427976069067,0.2188457310724836,0.1671073262968172,0.2775545604413493,0.2214444997392265,0.00830078125,0.00096435546875,0.022637939453125,0.010479736328125,0.0,0.0,0.0,0.0,0.1472282987209623,0.0155758801063996,0.35572400217322,0.1559189740103636,0.2509758523646614,0.2060239378791858,0.6160491237745747,0.352305294019893,0.0469518946850393,0.0402159202755905,0.0555241141732283,0.0478286478838582,0.4815182685088943,0.3753718329608337,0.6054289763892975,0.488945280380835,14.651654109278844,6.154510047943419,28.130386156753183,16.182119184412432,0.6217339386497913,0.487994065277926,0.7019369935329128,0.6063865235212745,3.128712846616514,2.0402495707923127,4.72982295246082,3.255698882973956,1.2500014280337814,1.2498934549915592,1.250213759172956,1.251839727630936,-0.8585986097798382,-0.9345756938427634,-0.4349361411436438,95.34273643020316
latentB_K5_z64_n250_s0,test_ood_soil,20,latentB,64.0,5.0,250.0,0.0,True,huber,False,1005361,0.0677495482583489,0.0567037505745585,0.0775986023189251,0.067367569017744,0.1089373741295383,0.0954977099828019,0.1233504695461947,0.109994211298567,0.5072052092291415,0.442248957674019,0.5961296781897545,0.5177296248977654,0.1177819504820818,0.1051006999742511,0.1304237498236591,0.1183436000822691,0.2375205165966039,0.1346800006874405,0.3521268478149602,0.238461377944445,0.8657081552175807,0.6598512368038929,1.0534489010166983,0.8586327493091542,0.4430221046692528,0.3650225155418991,0.5202275061187442,0.4443904568975089,0.014251708984375,0.00369873046875,0.036993408203125,0.0176773071289062,0.0,0.0,0.0,0.0,0.087278934242244,0.0142024498898782,0.2028722825855891,0.0998256727929996,0.2203570699983882,0.1774438545712581,0.5006765948141975,0.2930736216292311,0.0559639517716535,0.0483452263779527,0.0615926427165354,0.0551267224409448,0.3869232868527715,0.3003319042244268,0.4843971178182988,0.3939781157178318,12.323166745276954,5.122378461836521,24.794993177290632,13.923138921860344,0.4202184115357857,0.302041829226753,0.5407739411408287,0.418842412048235,3.201014256311581,1.938029087169786,4.567558558050292,3.278904926464861,1.2500000054270444,1.2498715564563814,1.2502515769788742,1.2622456690983646,-0.8284891019303948,-0.93194936043835,-0.1718504265540655,310.88584716168094
latentB_K5_z64_n250_s0,test_ood_soil,50,latentB,64.0,5.0,250.0,0.0,True,huber,False,1005361,0.1735464290205115,0.1444485984688671,0.2184090932208617,0.1787907005524771,0.2830438419332111,0.2135609200057374,0.4509075561990865,0.3060838552656972,1.971268281340599,1.114766085520387,3.645496924221515,2.173657320734346,0.1900628444410638,0.1588331595811682,0.2404490588355357,0.1943873892142169,0.4668268193050937,0.2475847375166259,0.7746795153734423,0.4936595143580634,3.171223137316428,2.255007074225127,4.399683495550763,3.272680018999203,1.110562001958804,0.9820759707270278,1.2292357936885374,1.1093453293969409,0.13360595703125,0.089947509765625,0.1859069824218749,0.1367205810546875,0.0,0.0,0.0,0.0,0.0699918199929628,0.0288130552194646,0.2467723147164999,0.1211358136146274,0.41431232922937,0.2510749376439332,0.6603216528378205,0.4356353190518095,0.0457215797244094,0.0396438238188976,0.0516301673228346,0.0458675258366141,0.9581653245997344,0.6978401441302794,1.2690215606356887,0.9806339259983048,14.274121341199914,5.651758041078719,25.180496760739874,15.175296077344935,0.3257345179416684,0.2521066508236301,0.4173224642710882,0.3268342229723222,4.026911447048173,3.162666753505229,5.146273583448212,4.090896554617619,1.249992420272248,1.2498554879596488,1.2502758607369406,1.2525011748801482,-0.5293110894841062,-0.7480568500978646,4.197665368580821,341.26900764991586
latentB_K5_z64_n250_s0,test_ood_both,1,latentB,64.0,5.0,250.0,0.0,True,huber,False,1005361,0.0041502049983015,0.002208523094758,0.007032762861692,0.0044288153851786,0.0214160528985054,0.0129678394599561,0.0317789030482732,0.022186697315534,0.255233037751168,0.1750858593732118,0.3479747042059898,0.2599163379380479,0.083450172274262,0.0556787904421848,0.1120993672102004,0.0841557398964757,0.5985924620298066,0.1857027060203856,7.3392047064993395,426.054984308885,0.0796227844566965,0.033700979104201,0.1211513406211197,0.0782819685148722,0.0204644613948054,0.0018050370709681,0.0416533222468132,0.0205519567056456,0.0,0.0,0.0058105468749999,0.0019140625,0.0,0.0,0.0,0.0,0.3589777383960709,0.0275488294267797,0.990168199646829,0.9257636834510052,0.535665149331539,0.2127092315818014,0.7968002681423438,0.5858962474970905,0.0212690698818897,0.0115342027559055,0.041304749015748,0.0244275959645669,0.5872142139571446,0.3072884794095642,4.992142411015614,224.3290937723915,47.67898812606427,22.098125285805747,70.79509182364181,46.57509953752963,0.7606477748266142,0.5413362640391085,0.8153117048910469,0.7180560332331128,5.364112438659607,3.7608254489392654,5.899648408685284,5.099549071108635,1.2500108724059755,1.2498757335534123,1.2505467971663515,1.2556109351503777,-0.778742131978113,-0.8854783358082541,0.9291650459397676,64.885714572082
latentB_K5_z64_n250_s0,test_ood_both,5,latentB,64.0,5.0,250.0,0.0,True,huber,False,1005361,0.0196516205461724,0.0147455767623183,0.0248871488980631,0.0195745078433038,0.051496158807456,0.0419992524925819,0.0625073152928287,0.0516285197014574,0.3506371499970555,0.2879987815394997,0.441219936683774,0.3590376138768624,0.0962177411560642,0.0814988381791978,0.1157498865996785,0.0967678280571468,0.5598624492172568,0.3024974383129089,1.0543331985326942,0.6742551988543898,0.3300503746297364,0.2246789376082779,0.4449571795466728,0.3353049602337101,0.102175300249489,0.0620127580033893,0.1397973467990698,0.1004353728212894,0.004913330078125,0.0,0.020703125,0.0078668212890625,0.0,0.0,0.0,0.0,0.123684128345736,0.0229144615502336,0.4446328047514444,0.1827846794043865,0.3501367531795631,0.2282419820267771,0.4921405597925073,0.3524271000996539,0.0337875246062992,0.0263533464566929,0.0432055856299212,0.0343260949803149,0.5684142295459693,0.3941033959473599,0.905100056303696,0.6371598359917007,25.148559374668142,8.589051396737176,42.38231313160563,25.563537399495573,0.6016369900092899,0.4398140991820878,0.7187141419368275,0.5894118559967225,4.562408375681926,2.6391810415271104,5.646913553043026,4.365253645283802,1.2499942679252896,1.249676633863711,1.2516613153160048,1.257739657386812,-0.7804963260760923,-0.9032098909633532,6.775283517738025,811.1238844511454
latentB_K5_z64_n250_s0,test_ood_both,10,latentB,64.0,5.0,250.0,0.0,True,huber,False,1005361,0.0356736314480228,0.0297849922722329,0.0441819552857073,0.0361318668324052,0.0738771364379344,0.0631397210609912,0.0872577912792384,0.0746108145752489,0.4261557757854461,0.3573784172534943,0.510416604578495,0.4310926024257787,0.103970916240731,0.0927598120787,0.1196483354959074,0.1054374584826403,0.3574448051192193,0.1936302672682611,0.6125791315342061,0.3964008057764461,0.5019772706894583,0.3650499494648689,0.6451173013223889,0.5014254010726795,0.2031365261881519,0.1463365636823937,0.253245817933636,0.202969351822928,0.0086669921875,0.00096435546875,0.027288818359375,0.0116104125976562,0.0,0.0,0.0,0.0,0.0726949114687267,0.0218155400800507,0.2419816394202636,0.1070436440461117,0.2894659191806194,0.2042375882073379,0.3828261488262947,0.2890487635199731,0.046628937007874,0.0393239419291338,0.0562869094488188,0.0472251783956692,0.4545492768536642,0.3241440175075403,0.6495806293598099,0.4738546231086105,16.385141768068948,7.346028334949821,31.9445904670475,18.450710101283843,0.5023918454901297,0.3536253182168056,0.6238058390386431,0.5031186680969308,2.8820925418767787,2.0711912196659847,4.410394474375224,3.2003248002363307,1.2499928367875677,1.24972794484327,1.2502285086119476,1.2697885564936484,-0.8565298945537143,-0.9391561451573516,1.635803830212115,553.8041587122797
latentB_K5_z64_n250_s0,test_ood_both,20,latentB,64.0,5.0,250.0,0.0,True,huber,False,1005361,0.0677805406356804,0.0545757324993526,0.0785708113996272,0.0669358909692651,0.1101407478207164,0.0941117254669868,0.1253229950847459,0.1102726718534747,0.5180842466652393,0.4422550484538078,0.6069632947444915,0.5224429150919605,0.1203372856950883,0.1070760942811303,0.13354521871896,0.1205831209063116,0.1878644662666607,0.0870058238837862,0.3334049315916386,0.2037110947611805,0.728739681781517,0.5576518385978199,0.9414935036258968,0.7398125306738002,0.420311699092146,0.3348320735125613,0.5081415400319403,0.4173470080982215,0.016754150390625,0.0038818359375,0.035845947265625,0.01756591796875,0.0,0.0,0.0,0.0,0.0496934865409327,0.0147802008318412,0.160949326187904,0.0672083472163237,0.2315863426049039,0.16735420721769,0.3069515048064445,0.2361372498120952,0.0548105314960629,0.0476962352362204,0.0613619586614173,0.0546047613188976,0.3564858891832886,0.2646153908617125,0.4799881841224295,0.3683099760411022,14.074978203053302,5.0794272943539935,27.736911363624007,15.640880544809932,0.3595848134441861,0.2764155649240801,0.4767250107842392,0.3658895670187299,2.9049233515994706,1.4910463494642752,4.35466060676522,2.902750096966112,1.249990378814301,1.249807678730002,1.2505803679732432,1.2555312286182514,-0.8473973606775149,-0.9342284807962348,1.664113457677811,157.8175337488435
latentB_K5_z64_n250_s0,test_ood_both,50,latentB,64.0,5.0,250.0,0.0,True,huber,False,1005361,0.1807339296758376,0.1482382229856514,0.2243088955839596,0.18466416663807,0.3204115767119728,0.2231971885019969,0.4635200362882669,0.3293898017334947,2.1665375381708145,1.2881800390779972,3.682042908668518,2.364506123282481,0.1984733556624763,0.1641843833813257,0.2440931957339155,0.2032512572572476,0.5475154410946068,0.301575466584175,0.9282203401716888,0.5907091644214837,3.341365018021889,2.364824568886598,4.568255104340865,3.435394450426012,1.039879687861482,0.8673013813749686,1.177894512124868,1.0383263038896045,0.153717041015625,0.0975830078125,0.1926147460937499,0.1489694213867187,0.0,0.0,0.0,0.0,0.0840817020040808,0.0432953834665591,0.2966637117932033,0.1290171900846291,0.4341958729711314,0.3130608429830698,0.6182288646875332,0.4536395728030182,0.0451833169291338,0.0387918307086614,0.0511288139763779,0.0448628198818897,1.059491232325067,0.727474448610764,1.4899092851942108,1.109414274592355,14.204692332450067,6.294618376668175,27.29124191817973,15.56434862839359,0.3134812850806556,0.2543995277337709,0.39687470419225,0.3206431062130652,4.360628732503354,3.652970633262527,5.158528786639248,4.347103357164597,1.2500093969271058,1.2498308210023774,1.2508207977989283,1.2573624860006452,-0.4530832104223125,-0.7432139852225924,6.900371968220817,1017.7549282986264
latentB_K5_z64_n250_s0,test_ood_policy,1,latentB,64.0,5.0,250.0,0.0,True,huber,False,1005361,0.0037260788225861,0.0022546701738831,0.006472902871527,0.0039794841121772,0.0182381783476568,0.0113101939324266,0.0284311838044126,0.0189161308661054,0.2188119553029537,0.142665094952099,0.2975445801886963,0.2204361126021831,0.0634648474946476,0.0452192537927076,0.0823376885485367,0.0645687178430599,0.5732683607000797,0.2819448446402723,1.4924890183030628,4.419061524955059,0.0806572034222783,0.0334229956229765,0.1283974360260659,0.080427967070859,0.02110746592398,0.0064405436262123,0.0418943340042562,0.022968823242018,0.006500244140625,0.0,0.013134765625,0.0064987182617187,0.0,0.0,0.0,0.0,0.4282458146334683,0.0102704983420857,0.964639638593078,0.4485246738540263,0.4297437167901285,0.2913274317767275,0.9087181488196836,0.5462936245463795,0.0233913631889763,0.0135549950787401,0.0389363927165354,0.0253806286909448,0.5486916861106697,0.3596472245437018,1.1820345100326146,3.077254912649749,45.78607606425259,17.616294778881652,65.49387089557926,43.98713108754359,0.7711966275973234,0.6850018401445883,0.8100844223870883,0.7529652508543331,5.333697636378447,3.670258725774752,5.9667284890230565,5.0623355800291705,1.250012142449013,1.2498967710844382,1.2501970030020315,1.2606055599040866,-0.7916267465472273,-0.8593652584842665,-0.5168338420366898,0.1219156260600828
latentB_K5_z64_n250_s0,test_ood_policy,5,latentB,64.0,5.0,250.0,0.0,True,huber,False,1005361,0.0176793988334398,0.0132611250930027,0.0226939923129012,0.0177473613256111,0.0433569374595309,0.034413213609082,0.0532184526287521,0.0438627590836159,0.2941967416554689,0.2488704361021518,0.3450309842824935,0.2969528592476763,0.0719506558158507,0.0607517975164344,0.0837608006460377,0.0722500058820573,0.5933360297085141,0.3561292691105742,0.9257285374929904,0.611580536403632,0.3651871106136508,0.2210869526429706,0.4848667100121185,0.3612318326176231,0.1098967584389116,0.0719777747427219,0.1435255137305355,0.1085580779879448,0.0272216796875,0.01153564453125,0.0443176269531249,0.0279354858398437,0.0,0.0,0.0,0.0,0.1723414319463,0.0263045611787678,0.5165568995245899,0.2340891748302583,0.3758240459506414,0.2913787586526487,0.6969521923612368,0.4467441323414123,0.0352177657480314,0.0287893700787401,0.0440637303149606,0.035865372785433,0.5810526354952412,0.4359764499936093,0.8058461013007255,0.6037377722592085,21.92165086481584,8.455845439317356,39.40243177261734,22.790607786880024,0.6785237769072154,0.53555897550659,0.7475060664729818,0.6554288319850505,4.811916849252654,3.105414690198984,5.657459176824987,4.594868358818463,1.249995634516766,1.2498060369190842,1.2502947076085342,1.2736967456720958,-0.7836692020199033,-0.8952782129566319,0.1941554167367765,3.5216347484896344
latentB_K5_z64_n250_s0,test_ood_policy,10,latentB,64.0,5.0,250.0,0.0,True,huber,False,1005361,0.0332404590893008,0.0263711793172845,0.0409689615022273,0.0333630375835363,0.063880604974274,0.0538739313326356,0.075672908249767,0.0643420337829615,0.3342901649884879,0.2855859883129596,0.4159724016673862,0.3416179883442237,0.0800283093378638,0.0702432636184798,0.0912024270934191,0.0809023784247697,0.3912492058175947,0.2251108885181525,0.5829616197173543,0.397787345379742,0.565676078557886,0.3822837702257567,0.7244358292766208,0.556900885478659,0.2181917027708172,0.1591508028371648,0.27435567471707,0.2187431154912909,0.038848876953125,0.019610595703125,0.05987548828125,0.0385983276367187,0.0,0.0,0.0,0.0,0.122176070916587,0.0273994583758978,0.321377405018897,0.1585906474319671,0.332455135229518,0.2680694107938082,0.5868600413885843,0.3862029671345853,0.045521653543307,0.0388072096456692,0.0557455708661417,0.0461500369094488,0.4878904037277081,0.3576009589122675,0.630703024688223,0.4909154785976173,16.361087955857226,6.244274124537848,29.61727365085272,17.29077155256397,0.5988388887848299,0.4294699559152383,0.6830071561437139,0.579037696415741,3.184960942830231,2.0416909779025074,4.78265653095194,3.331772837960251,1.2500016946062034,1.2498487993332512,1.2510752473806714,1.2681920626312682,-0.8751532421636058,-0.939736372499276,-0.5211439893544924,71.06275710588183
latentB_K5_z64_n250_s0,test_ood_policy,20,latentB,64.0,5.0,250.0,0.0,True,huber,False,1005361,0.0599473900328866,0.0516365607726617,0.0740486369054243,0.0610025153708241,0.0941444931399072,0.0824960980202656,0.1111953180504788,0.0958326997931316,0.4149122508242726,0.3531622422160581,0.5102927140891552,0.426842334983412,0.0952866902572255,0.0847555657470934,0.1084644921124008,0.0960818074895575,0.2128884045955016,0.1161150751369215,0.317961621540696,0.2198363391878358,0.8077616221046959,0.5999719355007501,1.000935695003452,0.8081377787326939,0.4315302132142306,0.3583595310337108,0.5163502766908299,0.4343786913727339,0.05224609375,0.026116943359375,0.080938720703125,0.0536740112304687,0.0,0.0,0.0,0.0,0.0854148380915995,0.0270476969502496,0.1966309390559928,0.1044139448044741,0.2853797370907509,0.2363483777941636,0.4819524796474479,0.3271594277142972,0.0518423966535433,0.0442359744094488,0.0604392224409448,0.0522860789862204,0.4008052409772014,0.3122687243132492,0.5208023449143608,0.4083107530856316,13.674580117431674,5.277548910013688,24.40854723189735,14.28086125167069,0.3995267245137808,0.2996068814927652,0.521438767838943,0.4034921205308371,2.893565925569288,1.605775414155629,4.634193724198837,3.0500756604356973,1.24999799979807,1.249829169149674,1.2506027689563883,1.2690949419445725,-0.8436240539917803,-0.9334483116304946,-0.0185989803412992,6.064916998314767
latentB_K5_z64_n250_s0,test_ood_policy,50,latentB,64.0,5.0,250.0,0.0,True,huber,False,1005361,0.1607086327813366,0.1299758771137187,0.2000027614670703,0.1648319348390988,0.2725628459673206,0.1899070237387132,0.4097322233999558,0.2907508588238155,1.992481805384159,1.0378702864050866,3.343802773207426,2.109940021519142,0.1670465513982379,0.13447755175433,0.2118378790188391,0.1736289753223137,0.4909964216283325,0.2608401312102105,0.7303103677342594,0.4997922266458447,3.173064731032226,2.2542774702721764,4.144646626978512,3.215136872612535,1.0826046159693217,0.9583313820157155,1.2103589532106651,1.084531504513676,0.20489501953125,0.15732421875,0.260565185546875,0.2068203735351562,0.0,0.0,0.0,0.0,0.1270654169290406,0.0561623685883191,0.3045008851810575,0.1806848617665473,0.5667235854966733,0.3652919940990887,0.8140198741099748,0.5868568751321489,0.0415846456692913,0.0354915108267716,0.0475609005905511,0.0416409325787401,1.0840433448660225,0.7942737461908126,1.4534929918471489,1.1052769028766172,14.504172238939962,6.429067814898115,24.634042332134403,14.961003919254631,0.3383798109368634,0.2703024254269723,0.4342145364772026,0.3449649323073449,3.991206255389537,3.191769318294816,5.055579621310883,4.077498765776378,1.2499908703823503,1.249814260421415,1.2504652539549863,1.260234992512451,-0.439038499389966,-0.7485541737701311,2.5408490316917542,904.2850695233512
latentB_K5_z64_n250_s0,dev,1,latentB,64.0,5.0,250.0,0.0,True,huber,False,1005361,0.0035826119287328,0.0022468980423181,0.006491736135567,0.0039543860044933,0.0175949272654713,0.0117815715368196,0.0280065657441069,0.0186651845005716,0.2124414249738038,0.1358631889335811,0.2888147048652172,0.2124002918205587,0.0592360568439221,0.0464454675650805,0.0812365560447362,0.0622463217893917,0.6482861741437864,0.2531883543748936,1.8672416926525648,1.264772434559342,0.0878577826713197,0.0422133780091808,0.1270289395916448,0.0859428221450916,0.0218445640953321,0.0075959349102759,0.0421000150788292,0.0235896654740569,0.007293701171875,0.0,0.0139343261718749,0.0071286010742187,0.0,0.0,0.0,0.0,0.4300488995656215,0.021570170204502,0.9687947449728466,0.4490941018603364,0.4492710599834751,0.3187691301472268,0.8965577739463151,0.5646847911480455,0.0218534694881889,0.0132412647637795,0.035980561023622,0.0239433132381889,0.5893003334542595,0.3676000199882089,1.5483105107488733,1.0267585760713904,45.14130091046531,17.723847667925654,66.02380558459193,44.05206137682466,0.7757848929115754,0.661077459736381,0.8172334655817413,0.755713372223669,5.467982539464512,4.026423248948024,5.976220202736378,5.20987838742285,1.250005231145232,1.2498844773671345,1.2507609344334198,1.269469611652574,-0.7842179378719382,-0.856987999829751,-0.323061925024021,-0.6150025576698042
latentB_K5_z64_n250_s0,dev,5,latentB,64.0,5.0,250.0,0.0,True,huber,False,1005361,0.018546585639891,0.0139505705459221,0.0230007224574039,0.0184913353296158,0.0454592252845424,0.0357846573891384,0.0529321738941518,0.045076231313848,0.2915203217417002,0.2423596103675663,0.3727177321910858,0.2974143465591624,0.0716363329078413,0.0617733390484053,0.0845846526294907,0.0729204047884125,0.6144680445498459,0.3933189427843694,0.9766614326941028,0.6592417393548842,0.4127859408938937,0.2722679204383058,0.5096915959181894,0.4037645602687115,0.1132800734973976,0.0749802423885683,0.1566217634192744,0.1152673958083761,0.032470703125,0.01700439453125,0.0489868164062499,0.0323980712890625,0.0,0.0,0.0,0.0,0.2081553446081228,0.0388477060354038,0.5128210363150661,0.2399506180895478,0.3861611877581444,0.3231052516592783,0.7071231785097419,0.4655532457633862,0.0350024606299212,0.0298166830708661,0.0403389517716535,0.0352236097440944,0.5968233292537161,0.4335266746926586,0.8368489860459761,0.6271813790206499,21.02396841127405,7.561237349584834,35.93708384487923,21.74349123064981,0.6963837943341922,0.5532455132024156,0.7597915454182474,0.6726236804801764,5.111377128773368,3.602918783976314,5.72342720274503,4.883537976960741,1.2499999976432157,1.2498831359292468,1.2540229853992797,1.270415951362274,-0.8082860515035865,-0.8812123742190476,-0.0677115747049804,-0.233999611963996
latentB_K5_z64_n250_s0,dev,10,latentB,64.0,5.0,250.0,0.0,True,huber,False,1005361,0.0337235820845228,0.0275740863981664,0.0396816692879176,0.0338070679129839,0.064630755785984,0.0543681149422103,0.0746142653287155,0.0646502514550079,0.3269389141350984,0.2868714327458292,0.4186997924465686,0.3410457549613784,0.0810542206992759,0.0706998823879635,0.0911847052665572,0.0811280610027489,0.4324269417442494,0.2727924799409956,0.6093953987137957,0.4407497704450632,0.6086114496220718,0.4419037392299839,0.7598127616395344,0.6080245827614383,0.225190481683066,0.1678705975252251,0.2804151299988031,0.2246340534690086,0.042144775390625,0.02646484375,0.063323974609375,0.0434271240234375,0.0,0.0,0.0,0.0,0.1451262622565445,0.0393998751595077,0.3244616425259669,0.1671000523751236,0.343754202337762,0.2895540260142802,0.6018367507343161,0.4027224395057476,0.0448911171259842,0.0387672244094488,0.052017716535433,0.045244217519685,0.5080985750017932,0.3797028140891493,0.6281558708545306,0.5157058341499849,16.180143551147953,5.231737250967723,28.631610101219216,16.569197461072246,0.6223747329477187,0.4604136968695283,0.6981402555729896,0.5972673829357211,3.1346159984497,2.022002785688432,4.456277266197131,3.2036307756967606,1.249994739270384,1.2497751955074996,1.2502018241196349,1.2562631908684805,-0.870278224805948,-0.9434433485113032,-0.0952397331998359,75.5395092930158
latentB_K5_z64_n250_s0,dev,20,latentB,64.0,5.0,250.0,0.0,True,huber,False,1005361,0.0620333668553504,0.0532890630376091,0.07216856579561,0.0625533317206448,0.0965509144478038,0.0845068366016076,0.1093609592271552,0.0972876905122899,0.4124429672956466,0.3511955384165048,0.5135124012827873,0.4277185315324823,0.0975512171608032,0.0853274732409563,0.108480050151844,0.097187657020368,0.2446413882207777,0.1449943104478973,0.3621257815778175,0.248029171923823,0.8840627542617876,0.6808078177659501,1.0713595793899866,0.8815043722372092,0.4466115031552905,0.3662586300565452,0.5282391588728904,0.4466951176902816,0.055816650390625,0.03507080078125,0.084112548828125,0.0592974853515625,0.0,0.0,0.0,0.0,0.1014623415817302,0.0310242821284329,0.2017490458260662,0.1098482935238876,0.3018078545392207,0.2538651250246357,0.4961893233896361,0.3417675101550813,0.0511042076771653,0.0450510580708661,0.0580431840551181,0.0514342396653543,0.4198186005639842,0.3183219510137275,0.5315058035875951,0.4265436234257393,13.536156578455902,4.884121448854871,25.6130090136264,14.720955954512371,0.4158206065254743,0.3017499121652705,0.5398908701245302,0.4192669426558454,2.9905938765612805,1.737426992059253,4.818303906036109,3.162335680197087,1.2499960258597715,1.2497865353476474,1.2587517316862993,1.2476529358976864,-0.8410855583144673,-0.9319220838725084,0.050698853938595,473.7306852245758
latentB_K5_z64_n250_s0,dev,50,latentB,64.0,5.0,250.0,0.0,True,huber,False,1005361,0.1587390127321837,0.1334779798029689,0.2003139812507599,0.1618458461458095,0.2571198116069088,0.1943252612691909,0.3727560501570221,0.2728073460506451,1.7022376172244549,0.9538424339145424,2.7884397722780703,1.8472575264098123,0.1663071304248895,0.1369178697329556,0.2123938011573894,0.1707643124583037,0.4707426903032284,0.2616280343806988,0.7509170968211908,0.4852951059473948,3.16355832868934,2.323703107538485,4.091243099693202,3.177238076089069,1.1116152041942031,0.9547110988441592,1.2188865735595171,1.093524718750048,0.210113525390625,0.162298583984375,0.2654052734375,0.211788330078125,0.0,0.0,0.0,0.0,0.1313828540422602,0.061054724964023,0.3094946229866024,0.1816963917095687,0.5142965801683232,0.375249345741853,0.7478834046011984,0.5475679953239379,0.041861466535433,0.0350270669291338,0.0467089074803149,0.0413627276082677,1.0563918021993297,0.7966045369504696,1.415151595853242,1.0810168710302626,14.807477100299552,6.820593119514377,28.297132039615068,16.13010088020401,0.3270538415896887,0.2659890911756882,0.4362653040817888,0.3411696679617951,4.079173161974453,3.1301274571567563,5.237982948449688,4.172884423565367,1.250005576894611,1.2498430082513188,1.253207871783056,1.2634849762490243,-0.5025375147277181,-0.7550344878482571,4.766065942350897,1062.862800457552
latentB_K5_z64_n500_s0,test_indist,1,latentB,64.0,5.0,500.0,0.0,True,huber,False,1005361,0.0036293783256608,0.0020203525517298,0.0061698959054149,0.0038364416693374,0.0180008377483628,0.0118069317526891,0.0264855100155262,0.0185777127609538,0.2203779777046293,0.1493978445651009,0.2921031017933274,0.2160254714150505,0.0615191899959663,0.0473293651381015,0.0801101626442565,0.0627731670892303,0.6715130119054084,0.3464270639589831,2.1864384275807915,1.439051289275483,0.0845128861851117,0.0378454412100654,0.1431736105128042,0.0899920169726378,0.0225851723149266,0.0073836986326416,0.0428068144950721,0.0234379799722542,0.007568359375,0.00047607421875,0.0146484375,0.0077536010742187,0.0,0.0,0.0,0.0,0.450450366330464,0.0084859126571931,0.963235466850357,0.4535261274372634,0.4943297797564281,0.3253117365802606,0.9117709401259976,0.5815338182086743,0.0156711368110236,0.0105407234251968,0.0297367125984251,0.0185322342519685,0.6115958758625202,0.4194889232076965,1.8589436653772096,1.2115927514348082,44.14558215623428,21.89074668407892,68.30022692470071,44.954296785652375,0.7666653661212599,0.6699447122499675,0.8175831361639283,0.7539112937457466,5.286054827267588,4.209066752799527,5.989294197679601,5.192984352954736,1.2500006802695327,1.2498957639265935,1.2502986310399689,1.272544343722919,-0.7822036517380317,-0.849040715847094,-0.3082055880181692,-0.5102350178567944
latentB_K5_z64_n500_s0,test_indist,5,latentB,64.0,5.0,500.0,0.0,True,huber,False,1005361,0.0166917850885141,0.0126497544995467,0.0219133096934662,0.0170504638701934,0.0414198898066598,0.0340024810601244,0.0513533821300083,0.0421751354423172,0.2862718555843457,0.2397775709629059,0.337873942789156,0.2894747199319863,0.0661651778109053,0.0575417591973404,0.0784693712001795,0.06717599559894,0.6601515000564998,0.4714370047172311,0.9368451735279452,0.7189176863937959,0.4162226202869034,0.3043765529711646,0.5232157994631647,0.411976667415543,0.1161941484272974,0.0732166856678641,0.1498565380190817,0.1134662468135757,0.0355224609375,0.021502685546875,0.0496826171875,0.035413818359375,0.0,0.0,0.0,0.0,0.1552074647907035,0.0207216499716582,0.4925910662944628,0.2250463030222325,0.4035818369117604,0.3358816196096557,0.7395135731562733,0.479152699372802,0.0346333661417322,0.0279466043307086,0.0403973917322834,0.0343513164370078,0.6306280902626273,0.4780776492459468,0.8593457631123194,0.6692758274979134,21.87787078860788,7.53133330196437,37.99313868287863,22.31690153210652,0.7274603317283586,0.6124979400137992,0.7913579558151524,0.7141124845658234,5.218711131974068,4.048961030094951,5.700357768235202,5.012602599164837,1.2500014525536995,1.2498814129537947,1.251048303104366,1.2580309278146518,-0.7953289021795455,-0.854181382575889,-0.2894722437901407,273.69332898229186
latentB_K5_z64_n500_s0,test_indist,10,latentB,64.0,5.0,500.0,0.0,True,huber,False,1005361,0.0302428352060497,0.0255401029894744,0.0373017430989919,0.0309026197748116,0.0590982370096157,0.0511464597514958,0.06975607054147,0.0598792732848173,0.3253139194566756,0.2740533754229545,0.4127453751862049,0.3387079101808922,0.072337776266721,0.0635134064553836,0.0833244099880283,0.0729393759420497,0.6173786075037238,0.4559568986141631,0.8249526258384209,0.6322589218799259,0.7806304216611137,0.6042202234349812,0.9557690831080228,0.780665749645354,0.2249067511155231,0.1718731234301999,0.2844905387959079,0.2252573724484335,0.06573486328125,0.044427490234375,0.084332275390625,0.0642404174804687,0.0,0.0,0.0,0.0,0.136014640366847,0.0278933072060604,0.311642081684287,0.1545492228979115,0.3952826322146222,0.3363224583407527,0.6222767844321075,0.444949535247599,0.0444605068897637,0.0388256643700787,0.0505136564960629,0.0444737327755905,0.6408486332840168,0.5177715063493934,0.8288369270864997,0.6568262152913665,16.12090840442085,5.717052962746142,29.455607277528816,16.79217515478859,0.6942427220427099,0.5944813377984672,0.756425382548082,0.6843239742503632,5.022897877109615,3.3855732743804547,5.680221197001753,4.830071994372768,1.2499998137227917,1.249848071821822,1.25023922299819,1.2717684370192708,-0.802821369807804,-0.8816228617665345,-0.0892189088258329,325.4519909848913
latentB_K5_z64_n500_s0,test_indist,20,latentB,64.0,5.0,500.0,0.0,True,huber,False,1005361,0.0546773720412547,0.046687898764876,0.0628334088752893,0.0549594552991716,0.0870612123476024,0.0767498745119452,0.1000377607318191,0.0872897263738499,0.3944516256451607,0.3305151312611997,0.5141471326351166,0.4087417732356698,0.0858247147656849,0.0764752359673023,0.0974685648600155,0.0863263293001617,0.4819004472796863,0.3065852034081213,0.6709453146515307,0.4882406837241725,1.3544572012897462,0.9528338988567742,1.6728897309712971,1.3175421089274288,0.447810302839404,0.3730616695120436,0.5285453760401604,0.4494446190270619,0.103729248046875,0.070513916015625,0.140179443359375,0.1044094848632812,0.0,0.0,0.0,0.0,0.1044575066020654,0.0353891205359804,0.20892538693027,0.1152646349528857,0.390070975709672,0.337166483748993,0.5453988415164546,0.4170740566448521,0.0515963336614173,0.0456139271653543,0.0598240649606299,0.0521304441437007,0.6319296330735351,0.4551348379154947,0.7913209115895742,0.6260860631590498,11.773200077454456,5.691895980322211,23.626134640666983,13.123040231413656,0.6059285138398387,0.4714265710677767,0.6978811872675283,0.5949704480576188,4.469706346101774,2.243245435750549,6.403447835751157,4.75413935762252,1.250008300164878,1.2498689725455503,1.2533043733875668,1.2816749446309046,-0.8729914068316701,-0.9470260973040788,-0.1227353872627877,375.9844943116584
latentB_K5_z64_n500_s0,test_indist,50,latentB,64.0,5.0,500.0,0.0,True,huber,False,1005361,0.1614586060642429,0.126380209546559,0.2100816036087006,0.1650798936172625,0.2854979151494099,0.1923637963059409,0.4256545818119183,0.3030200361272165,1.886589236557484,1.1524799406528472,3.3799536660313607,2.110764565383797,0.171144384707773,0.1347032871127409,0.2204881311741926,0.1750254468000245,0.6184484572317124,0.4020565206993423,0.9290859920410168,0.6434577250135186,3.775715945653558,2.939068268002373,4.999971426385977,3.8688411396930382,1.096040915431202,0.9808470715430008,1.2126753370836372,1.0914950593460804,0.252166748046875,0.20107421875,0.3009765625,0.2524044799804688,0.0,0.0,0.0,0.0,0.1560421016875212,0.0756098378177616,0.3582050448440247,0.195887739962846,0.6059127444757445,0.4484285309899181,0.8801311321150812,0.6310398531080548,0.0432609498031496,0.0370632381889763,0.0497693159448818,0.0432192728838582,1.1975379436490488,0.9311659283248483,1.5855717036194454,1.2250570509589722,12.76063727027458,5.025884690514685,24.22683582399149,14.07439910217612,0.342449804709216,0.2716994362730723,0.4084642987046761,0.3440207605055042,4.095080372562051,3.3132813429038923,5.412032017235744,4.241065605285724,1.2499950333403935,1.249843831745201,1.2505173814562898,1.256321597896726,-0.1916415852740488,-0.5957964187176519,3.647210774803321,1661.321369582068
latentB_K5_z64_n500_s0,test_ood_terrain,1,latentB,64.0,5.0,500.0,0.0,True,huber,False,1005361,0.0037923559617234,0.001849929967363,0.0062107208307375,0.0039987288449815,0.0184234185911989,0.0107518722101253,0.0270550106584474,0.019050594715732,0.2208336694166064,0.1401992231607437,0.2903462450951338,0.2193645941605791,0.0649732254179549,0.0454729475129081,0.0883597824789149,0.0666275400704654,0.6013021570629469,0.2535735810726952,3.1664833141939828,11.103197836445773,0.07875095399977,0.0340161330430128,0.1335937630989174,0.0809449953408408,0.0213673530244136,0.0026429307521714,0.0386437421842324,0.0208898627437778,0.00787353515625,0.0002197265625,0.015087890625,0.0077777099609375,0.0,0.0,0.0,0.0,0.4101026087263113,0.0268935476365504,0.9635817886339636,0.5118122348214297,0.6200818940957531,0.3160221348381786,0.8500610378761205,0.6170673718869008,0.016962967519685,0.0096272145669291,0.0381274606299212,0.0211148191437007,0.6062295137526569,0.3344578674316583,2.216090780375301,7.43515016341407,45.87728753513179,20.895376848615456,69.85443644468303,46.2957692995952,0.7597037713601128,0.6386650231721308,0.8178618492680262,0.7349609127496298,5.296408739774492,4.068217811784559,5.90050151019787,5.103950509894284,1.2500230086402055,1.2498978511822905,1.2680155621238598,1.293921712549931,-0.785799675562354,-0.8720379709970335,-0.0529287398481734,1.639851618791598
latentB_K5_z64_n500_s0,test_ood_terrain,5,latentB,64.0,5.0,500.0,0.0,True,huber,False,1005361,0.0179087680748587,0.0137802549484934,0.0234591104305717,0.0182148598456843,0.0442486651742694,0.036196110352189,0.0542388110424715,0.0449030004496091,0.2952498123049736,0.2399901807308197,0.4074221007525921,0.3065722699521575,0.0738528097834539,0.0613033068718374,0.0883511512826643,0.0745659769123305,0.6411901634298582,0.3748992286736982,1.226145854357253,0.7643604226472891,0.3830938503636389,0.2643965800932238,0.5067996719330786,0.3824612274887637,0.1008988914072274,0.0645528707492306,0.1445038019305699,0.1043959025527175,0.03521728515625,0.0193359375,0.0522644042968749,0.03551025390625,0.0,0.0,0.0,0.0,0.1412229676109764,0.0283983489023519,0.394273665838713,0.184838412312489,0.4506302557258642,0.3351001917401424,0.5674419416685514,0.4484644128015562,0.0325572096456692,0.0250030757874015,0.0403328001968503,0.0327392962598425,0.6535305779598815,0.4357675017591912,0.9974073920393848,0.7118024786875824,22.12093821447518,9.312652849677,39.86801485104329,23.632120504274507,0.6681005291925551,0.5077561515010214,0.749120921715057,0.6477682151263464,5.115649468413806,3.9319734449399473,5.6916319007783125,4.944189459821424,1.2499938374559267,1.2496628331035973,1.2502551026324409,1.2609179663756631,-0.7861848814511606,-0.8800455080596232,0.6572658293829496,706.0888718079486
latentB_K5_z64_n500_s0,test_ood_terrain,10,latentB,64.0,5.0,500.0,0.0,True,huber,False,1005361,0.0330910759553081,0.0273728951249946,0.0402560731194508,0.0333979023100105,0.0634559261058919,0.0549831261341203,0.0752783286065347,0.0642186338021904,0.3467065915465355,0.2862122718244791,0.4467115143314004,0.3608894013875396,0.0801471853687301,0.0686398991648572,0.0912110159099342,0.0802831829618053,0.5692026171013389,0.3317073361382012,0.8978082645765154,0.593781219654908,0.6911838846120192,0.4954361999677059,0.8782907017082509,0.6885410732385153,0.2104527742021105,0.1544927828125744,0.2715315272934141,0.2116904561956676,0.06146240234375,0.04039306640625,0.0898864746093749,0.062637939453125,0.0,0.0,0.0,0.0,0.1005701890673693,0.0269940762389787,0.2606403494894883,0.1234880709958348,0.4059622216928035,0.3200819200247287,0.5020513551363901,0.4101165457636199,0.0425227608267716,0.0350947342519685,0.0511257381889763,0.0428218811515747,0.597761715719912,0.4456883007692927,0.8371569120543385,0.627987411413368,17.103343258810156,6.7166311444298055,31.070434220017635,18.109206919971747,0.6057373734149427,0.4776004396635864,0.7061492885592903,0.6022994620391082,4.893173309467319,3.0206635866035176,5.762807293038728,4.629575529319271,1.2499928831479346,1.2498389050561372,1.2537062721609535,1.2762167283491688,-0.8393374721500906,-0.9186670641923556,0.2533320117851153,425.23946432907366
latentB_K5_z64_n500_s0,test_ood_terrain,20,latentB,64.0,5.0,500.0,0.0,True,huber,False,1005361,0.0572284869689259,0.0484596054114518,0.066504140298604,0.0576032255264423,0.0915491171939278,0.0784905320604267,0.1036242462794904,0.0914284984718299,0.4063233966007828,0.3352275311946869,0.5066657736897469,0.4182977548078634,0.0913876284220578,0.0825062008107801,0.1029668551981651,0.0923737055068654,0.3602729492857728,0.1955009529978809,0.5904780259573188,0.3807871469230396,1.0339721937990636,0.7503424136474743,1.2941592314929005,1.034241142483499,0.4154705140619219,0.3284551426967697,0.5230842969430728,0.4200349182872749,0.086517333984375,0.057421875,0.11966552734375,0.0877069091796875,0.0,0.0,0.0,0.0,0.075513566579104,0.0278190449264285,0.1595427063270296,0.0866720159947465,0.3664056747737729,0.294797253643679,0.4330421570467287,0.3657023625565198,0.0536263533464567,0.0476408710629921,0.0603407972440944,0.0537859867125984,0.5219498922993424,0.3636912642746699,0.6955528136513426,0.5180856034330215,13.44951369437927,5.4851213595902975,26.64438541478448,15.245307355155312,0.4808718374471488,0.3580057486347565,0.6105416647074368,0.4840995342870968,4.105029692514018,1.7931538320377916,8.57744043927719,5.12085892987737,1.249993138916163,1.249706214872899,1.2504756109261208,1.2491341831539404,-0.8795575727362694,-0.964720805231818,0.1983577549993204,198.87675285364816
latentB_K5_z64_n500_s0,test_ood_terrain,50,latentB,64.0,5.0,500.0,0.0,True,huber,False,1005361,0.1765211844445757,0.1336669418863593,0.2316628788741241,0.1799751078801531,0.3254927594522609,0.2167720641008304,0.4816921185158039,0.3392459364182635,2.160095326602459,1.2520707762800158,3.492460459470749,2.291272792806849,0.1847544772279003,0.1497400423510662,0.2473932208592662,0.1920351022480599,0.6951792515705911,0.3616092071432528,1.1103661426344436,0.7296241769194154,3.94342315643422,2.7059039081054803,5.60086266702519,4.048911804814051,1.028206383151494,0.9048355777821644,1.182800914879725,1.0415476426453067,0.247222900390625,0.19228515625,0.3113525390625,0.2498428344726562,0.0,0.0,0.0,0.0,0.222155196555087,0.1115507213620198,0.695116793388822,0.3294819497834014,0.6155925374582183,0.443206901614941,0.859792997451237,0.6412186014731924,0.0414154773622047,0.0356606791338582,0.0482314222440944,0.041492372047244,1.3273376865319717,0.8978433389554967,1.8309283898319308,1.3575696436493665,16.127264469626354,5.112435946744376,28.47183198404871,16.93423566807677,0.3337787929050069,0.272637510031557,0.4158127050752154,0.3389129277801997,4.343884986584481,3.282967876218707,5.458976337134965,4.350950279391706,1.249987555644296,1.2497624491187147,1.2514886379847314,1.2488011165940809,-0.144126319454515,-0.6099304519150771,6.092545364667601,852.9626875062858
latentB_K5_z64_n500_s0,test_ood_soil,1,latentB,64.0,5.0,500.0,0.0,True,huber,False,1005361,0.0036501574246066,0.0020328176895236,0.0063120014704909,0.0038830003188386,0.0192656765382822,0.0119933185133055,0.0293994756605382,0.020080318124021,0.2379818403132958,0.1569545485079288,0.321323174983263,0.2404591291212273,0.0760673718642381,0.0587274454505964,0.0966601690376097,0.0774948639924525,0.6926979250591361,0.2910129237485144,3.158827395929672,22.556158150154783,0.0805883706371287,0.0363471812989851,0.1473775281588458,0.0858518355753548,0.0198493896744708,0.0055263089385144,0.0410738951928314,0.0216553876191861,0.0,0.0,0.00372314453125,0.0009033203125,0.0,0.0,0.0,0.0,0.4437221268170362,0.0083782529744906,0.9822660198996808,0.4444226282373878,0.3748847350940764,0.2271490372718977,0.9227612224992918,0.5329021759708267,0.0152097687007874,0.0097440944881889,0.038425812007874,0.0192604269192913,0.6312301057753622,0.3961848891207737,2.161937867664781,16.930789433940145,46.70958730699292,22.292253407790028,69.72020308795,46.17777719833271,0.7722577548675486,0.6411085544581513,0.8251190068198283,0.7442868790883259,5.319208937155161,3.9662043781580127,5.965035503671431,5.116930122311365,1.2500068707379837,1.2499098320602602,1.2502381302196606,1.2542128959029244,-0.7660640724727299,-0.8471700957521274,-0.2408950951051073,6.740644406902975
latentB_K5_z64_n500_s0,test_ood_soil,5,latentB,64.0,5.0,500.0,0.0,True,huber,False,1005361,0.0177817678602579,0.0137460734558518,0.0223979648929661,0.0178961298560037,0.0470444407943232,0.0386910996424578,0.0559350139902665,0.0467779154777076,0.3168738596141338,0.262113634031266,0.3938486661761999,0.3236737371493655,0.0830204285557995,0.0721571370576963,0.0991276356192338,0.0845953017114898,0.6217928033199182,0.3994517427647606,0.99053182348226,0.6765855948121078,0.3947284153084684,0.2602002300059031,0.5066880064698716,0.3932575987139439,0.1135280685909801,0.0705081338730141,0.1508085406441289,0.111965008699151,0.00390625,0.0,0.0168579101562499,0.00634765625,0.0,0.0,0.0,0.0,0.1486199556826341,0.0113656591359667,0.5847572306599865,0.2379182596970402,0.2945431182530407,0.2338730639085526,0.7327719836821485,0.4204704918889855,0.0335875984251968,0.0281403789370078,0.0404158464566929,0.0341513902559055,0.5983080547515818,0.4466474306570946,0.819038633070301,0.6341092358385495,18.581196564898534,7.763839502325349,38.12367817502915,20.94111990410988,0.7402424068133383,0.615886814368294,0.7951483264170828,0.7165769648701792,5.109094114587922,3.9817938840190616,5.70636346157907,4.933096217610808,1.2500119817066329,1.249900029291368,1.2705537654966874,1.273914804572352,-0.8000307569604859,-0.8688618124553341,-0.2933402029864739,114.99314245338331
latentB_K5_z64_n500_s0,test_ood_soil,10,latentB,64.0,5.0,500.0,0.0,True,huber,False,1005361,0.0325544047394399,0.0267502709283131,0.0385490942974342,0.0326364328639976,0.0659701411227909,0.0555192607287592,0.0766870676925394,0.0659021660802389,0.3628082312643528,0.2938412420451641,0.4447570472955703,0.3674055398272139,0.0888710917036731,0.0775383805113546,0.1023953759380432,0.0894351091627566,0.6043574508987773,0.4240274179244855,0.7942637983980084,0.6134226929164166,0.7445764881430923,0.563243711937843,0.9382311626785989,0.7500047673230048,0.2188457310724836,0.1671073262968172,0.2775545604413493,0.2214444997392265,0.012725830078125,0.00252685546875,0.02923583984375,0.0145870971679687,0.0,0.0,0.0,0.0,0.1493382199444214,0.0135686996666587,0.354132781677092,0.1536614782184396,0.2877465670824203,0.2369039811662655,0.6237849730058043,0.3781912493026182,0.0469518946850393,0.0408741387795275,0.0550658218503937,0.0475373708169291,0.6147520986994871,0.4691611157128986,0.7455838506497964,0.6157087729159119,14.797461507975584,6.265820636670292,25.67241413989486,15.646647081473596,0.7067407190197591,0.5917440825732415,0.7763398267596949,0.6940909907575792,5.046170719245572,3.628983142801461,5.743901754084786,4.843462981949772,1.2500014280337814,1.2498934549915592,1.250213759172956,1.251839727630936,-0.8035010355847236,-0.8921910821497011,-0.1971967503684718,75.9091170711422
latentB_K5_z64_n500_s0,test_ood_soil,20,latentB,64.0,5.0,500.0,0.0,True,huber,False,1005361,0.0595417226041544,0.0508316423280019,0.0682553765013187,0.0593759322699523,0.096979606892715,0.0847762175875878,0.1120513073885268,0.0976969623843073,0.444593146443367,0.3802535919006914,0.5575821131467819,0.4593059710521993,0.1032539353073972,0.0914614227060292,0.1190847413122073,0.1048078250563147,0.4768301602106699,0.2696157870547316,0.661216044053414,0.4682150645201844,1.272445196141198,0.8708939761536407,1.6623995487378538,1.2685469073451807,0.4430221046692528,0.3650225155418991,0.5202275061187442,0.4443904568975089,0.025604248046875,0.01004638671875,0.046563720703125,0.0274850463867187,0.0,0.0,0.0,0.0,0.1021801366937189,0.0156735696925402,0.2032997860174505,0.1021322196247964,0.2845538853798058,0.2402976761549077,0.5050873287557547,0.3400706290985097,0.0584553395669291,0.0511165108267716,0.0656711368110236,0.0584877891240157,0.5669219848557135,0.3934070691828978,0.7131821627945041,0.5627659057959709,11.734019488170029,4.512325994783104,21.945580921301115,13.151744612604302,0.6154008797783146,0.4592807070190136,0.7129904361657646,0.5968116710150411,4.654783766550167,1.9449245055528257,7.316394206797155,4.901764393710735,1.2500000054270444,1.2498715564563814,1.2502515769788742,1.2622456690983646,-0.8548859572680301,-0.9564547935076564,-0.348569439806563,80.66501806430522
latentB_K5_z64_n500_s0,test_ood_soil,50,latentB,64.0,5.0,500.0,0.0,True,huber,False,1005361,0.1766614587790679,0.1445134628366855,0.2297941044349289,0.1819907949390243,0.3173394304225735,0.2174625055390743,0.4672934131443333,0.3322660637573835,2.205753080546856,1.1826993933471386,3.628348413109779,2.3189868218398626,0.1966796836832937,0.157491167015867,0.2473207663512599,0.2007281170409667,0.6287509651289316,0.4043208436689116,0.9272370899391018,0.6569806564536802,3.8767356815871112,2.9710815114961355,5.3535296506559975,3.9899628703912406,1.110562001958804,0.9820759707270278,1.2292357936885374,1.1093453293969409,0.144683837890625,0.101824951171875,0.2148010253906249,0.1521798706054687,0.0,0.0,0.0,0.0,0.0966439520878962,0.0316252007157738,0.3178462610707088,0.1442023210850838,0.4344184856003034,0.3202270189873876,0.6495203135647767,0.4632708107954028,0.047474778543307,0.0418922244094488,0.0532234251968503,0.0474352546751968,1.1050793304690814,0.8106551502512659,1.4312053167861474,1.114664365060506,12.959555219903388,4.721771353805932,24.110016291373583,13.901026476909127,0.3251870192666822,0.2570365912881141,0.4142795953096014,0.3314477508642208,4.067971200841026,3.295868542759956,5.4608339535541415,4.27470745191104,1.249992420272248,1.2498554879596488,1.2502758607369406,1.2525011748801482,-0.2761122616356744,-0.6236413957071651,5.142221060008518,502.97530731004485
latentB_K5_z64_n500_s0,test_ood_both,1,latentB,64.0,5.0,500.0,0.0,True,huber,False,1005361,0.0038313582661078,0.0019423240414782,0.0068250698868644,0.0042137822551553,0.0204597154606398,0.0121587492899179,0.0318070420445831,0.0212924996953522,0.25132577563636,0.1676814317703247,0.3373459184542298,0.2518984263928723,0.0816534183875103,0.0548207569742671,0.1063323195626551,0.0808552401302244,0.5768259801080189,0.2471241461188077,5.984330595023515,406.4638913198339,0.0714433894513604,0.0351629367523128,0.1378664465941146,0.0788217094075087,0.0204644613948054,0.0018050370709681,0.0416533222468132,0.0205519567056456,0.0,0.0,0.0065124511718749,0.0021038818359375,0.0,0.0,0.0,0.0,0.3471336840827547,0.0211319210555319,0.976153972781299,0.6686725435293388,0.5347798110202182,0.2191749370156797,0.8026231012994797,0.5850420301591462,0.0162401574803149,0.0100885826771653,0.0350393700787401,0.0202008489173228,0.5654640181803626,0.3475907005310373,4.095096843934837,215.76219859039105,47.638150298217816,23.82726491248813,68.25427121570786,46.30054205733044,0.7645488987419748,0.5748761429543556,0.8218887319009949,0.7248473281684239,5.195231918942131,4.1176862359003135,5.920874342472061,5.099078344080525,1.2500108724059755,1.2498757335534123,1.2505467971663515,1.2556109351503777,-0.7887357768801545,-0.8707199532423914,0.4328969547302535,63.66195299321139
latentB_K5_z64_n500_s0,test_ood_both,5,latentB,64.0,5.0,500.0,0.0,True,huber,False,1005361,0.0184492728316567,0.013963231438473,0.023761586551463,0.0187786710938766,0.0493141496761777,0.0389884578300959,0.0601022763570192,0.0495330385399662,0.3348450544290244,0.2802413328783587,0.4274345569312572,0.3469343544467119,0.0902734872312854,0.0759063287939347,0.1091419930206985,0.0917165769783582,0.6212306504458106,0.3704404253331288,1.2250784801647112,0.7777699168860158,0.3782004226911432,0.2488411313437046,0.4802923155084255,0.3710865222716492,0.102175300249489,0.0620127580033893,0.1397973467990698,0.1004353728212894,0.006317138671875,0.0004638671875,0.02467041015625,0.0093780517578125,0.0,0.0,0.0,0.0,0.101458400172213,0.0156564974462939,0.4421972287752969,0.1717491841712025,0.3599383934254427,0.2509343068715354,0.5035372298658948,0.3638935000046298,0.0319881889763779,0.0254213828740157,0.0397084153543307,0.0325361405019685,0.6148032957475675,0.4491407096129061,1.0338144631273152,0.703466044774043,24.111336634971856,8.209670863324737,43.11218605084397,24.98591855100738,0.6594741473056063,0.483705822743679,0.7593033143083336,0.6372601259884125,5.123982604556167,3.701563590142014,5.7443676209984575,4.910385221779798,1.2499942679252896,1.249676633863711,1.2516613153160048,1.257739657386812,-0.7778171434107479,-0.8874837020050051,6.519067034084685,793.2278840016729
latentB_K5_z64_n500_s0,test_ood_both,10,latentB,64.0,5.0,500.0,0.0,True,huber,False,1005361,0.0343095604788059,0.0278890489027405,0.0412691082944187,0.0344504213462854,0.0693961446970261,0.0595717242858652,0.0815615337467748,0.0700874230450068,0.386517196893692,0.3300022388808429,0.4954639047384262,0.4005596569611225,0.0955965935190427,0.0850186462632832,0.1109761095516006,0.097096935161621,0.5788594482219842,0.3719561871557131,0.9110957925560208,0.630332140503885,0.6743188520242076,0.5104536766528274,0.8801489892980973,0.6835136202154848,0.2031365261881519,0.1463365636823937,0.253245817933636,0.202969351822928,0.01470947265625,0.003411865234375,0.0359252929687499,0.0179522705078125,0.0,0.0,0.0,0.0,0.0692617973380307,0.0177336733970574,0.2406231946552146,0.1032054101791019,0.3219507668275998,0.2393111927190966,0.401835456576422,0.3207661171683482,0.0451525590551181,0.0370909202755905,0.0528820127952755,0.0450808932086614,0.5890322478249247,0.4429977103360167,0.8742544189193818,0.628793719600324,16.526668419326164,5.820810268773314,30.28894928619708,17.60258554153128,0.6113551701997766,0.4671094433368898,0.7265445098338826,0.5977274234781461,4.9376921640260765,3.197775582949091,5.854694287712431,4.761638053468959,1.2499928367875677,1.24972794484327,1.2502285086119476,1.2697885564936484,-0.8080657712680042,-0.9133118804600852,2.8010186170777374,652.7740466951534
latentB_K5_z64_n500_s0,test_ood_both,20,latentB,64.0,5.0,500.0,0.0,True,huber,False,1005361,0.061708586325051,0.0521785871945004,0.0718948952795321,0.0618882434849964,0.1018114746081605,0.0909254401193058,0.114980608936176,0.1026885133365691,0.4856913443654775,0.3943207751493901,0.5758641749620438,0.4865112845261319,0.1117180152133338,0.0988632591279671,0.1241824161231595,0.1117472859768904,0.3909861719024249,0.2241433701321997,0.5698796224875732,0.395075647987046,1.026683059712973,0.7835320596312415,1.3762522482721686,1.0599988214147913,0.420311699092146,0.3348320735125613,0.5081415400319403,0.4173470080982215,0.0274658203125,0.007965087890625,0.05135498046875,0.0293838500976562,0.0,0.0,0.0,0.0,0.046093388432209,0.014595077805175,0.1595095907376928,0.066836332462576,0.2807883154895642,0.2054527437613748,0.3470285038670255,0.2784149464315391,0.0570097194881889,0.0504952017716535,0.0632997047244094,0.0569974163385826,0.4903491627541831,0.3571888683778336,0.6641961476124313,0.498504984350166,13.790081058074277,4.496736744769073,24.285051034273987,14.448766655673577,0.5019133901749883,0.344482126244491,0.6411888138980419,0.4946616379034032,4.3351450675988135,1.705207293213591,9.322964788532357,5.23630358734524,1.249990378814301,1.249807678730002,1.2505803679732432,1.2555312286182514,-0.8981341992450858,-0.9648969347165008,0.4910733385955012,96.58741747919883
latentB_K5_z64_n500_s0,test_ood_both,50,latentB,64.0,5.0,500.0,0.0,True,huber,False,1005361,0.1836531829807626,0.1404836347571083,0.2395105722751926,0.1878047471229486,0.3350858214310618,0.2154062072321653,0.4885684172485169,0.3450825961890373,2.20950619969517,1.2272277154028417,3.5825068295001983,2.319198524569801,0.2015880737499428,0.1630501575624087,0.2610899789429701,0.2057888434187209,0.69955923707994,0.3862951415345183,1.1122930630853975,0.7216143694793848,3.961471526601073,2.520713103564373,5.537495795081516,4.004329748303118,1.039879687861482,0.8673013813749686,1.177894512124868,1.0383263038896045,0.16497802734375,0.112060546875,0.208026123046875,0.1629486083984375,0.0,0.0,0.0,0.0,0.1154131798832265,0.0624507578220169,0.2849203909755388,0.1648035360453615,0.4396412592126157,0.2957399483517006,0.6196257877358676,0.4526501008175354,0.0454908956692913,0.0393670029527559,0.0515625,0.0455927042322834,1.1659653301221309,0.8060954676663574,1.6488180601066806,1.197154341193979,14.2110316339685,5.71591030496164,26.06435487978581,15.379982725641849,0.3174808776193097,0.2556520539939202,0.4026701834409192,0.3231312462241266,4.288414877915912,3.3452704661853025,5.257027209677704,4.28614460886037,1.2500093969271058,1.2498308210023774,1.2508207977989283,1.2573624860006452,-0.2268708508016444,-0.6136525564225174,7.873397025080887,1370.8053508790051
latentB_K5_z64_n500_s0,test_ood_policy,1,latentB,64.0,5.0,500.0,0.0,True,huber,False,1005361,0.0035641480003661,0.0018852886197923,0.006392428857491,0.0038241475342498,0.0175371664159734,0.0105493800707624,0.0281482436285972,0.0185195187890757,0.2197556234896183,0.1380959354690276,0.2981956567891757,0.2193393305042036,0.0621542562372546,0.0433016444182461,0.081321385264817,0.0631040580976888,0.5466404134848409,0.2183599434906039,1.2797691349867288,6.211151621486676,0.0700948519979419,0.0307557362942382,0.1304831264707697,0.0755607461996474,0.02110746592398,0.0064405436262123,0.0418943340042562,0.022968823242018,0.00555419921875,0.0,0.013494873046875,0.0062753295898437,0.0,0.0,0.0,0.0,0.4260117777303382,0.0092862011375018,0.9635262429144116,0.4351228684483857,0.4304069236954512,0.2924374070995517,0.9105824228744636,0.5484904913165627,0.0167322834645669,0.0119617372047244,0.0397391732283464,0.0215046751968503,0.5349351712408071,0.3446852450168499,1.0393944754730764,4.303560523753339,46.377143186945766,17.44807548188717,65.31108842038041,44.24872132879599,0.7718499310844485,0.6807637916387623,0.812511233791292,0.754611930209279,5.070771790950465,3.7045302523054313,5.740066732315068,4.898665217014606,1.250012142449013,1.2498967710844382,1.2501970030020315,1.2606055599040866,-0.8051876871698682,-0.8665464034093773,-0.5842352614212188,0.6087094539239729
latentB_K5_z64_n500_s0,test_ood_policy,5,latentB,64.0,5.0,500.0,0.0,True,huber,False,1005361,0.0165956765230705,0.0119823969634122,0.0215575189063755,0.0165928875162354,0.0419091545030627,0.0329947592565723,0.0510541898415502,0.0418844504515354,0.2904316065832972,0.241624404489994,0.3424874499440193,0.2920782628175039,0.0674196255643753,0.0566678911383237,0.0794049345120661,0.0681762345030079,0.5373685645417583,0.3267479891061162,0.8358805924623659,0.5655837405401839,0.3408805865423091,0.2219209733399657,0.4631856617723307,0.3433681461306344,0.1098967584389116,0.0719777747427219,0.1435255137305355,0.1085580779879448,0.02825927734375,0.012310791015625,0.042669677734375,0.028074951171875,0.0,0.0,0.0,0.0,0.1403314898041278,0.0190700268193001,0.4969590446839574,0.2168420168842418,0.3736721769261277,0.3024190319270652,0.6960533807774892,0.4501586252636581,0.0343411663385826,0.0280327263779527,0.0403820127952755,0.0344508181594488,0.5588460168979259,0.4173076331961606,0.7644635556624415,0.5829967587182915,21.15850951851473,8.083381870419013,38.78071606708336,22.39697065625089,0.7249789354572771,0.554399551416954,0.7690193315896354,0.6891610684128969,4.905693725110849,3.209977313248072,5.618241874298508,4.60150439912788,1.249995634516766,1.2498060369190842,1.2502947076085342,1.2736967456720958,-0.8022812149560623,-0.883148439774316,-0.1012095397714041,4.299225342587561
latentB_K5_z64_n500_s0,test_ood_policy,10,latentB,64.0,5.0,500.0,0.0,True,huber,False,1005361,0.0306543377124885,0.0242297848614584,0.0371218019959149,0.0305309186579182,0.0594503407791629,0.0488329394050439,0.0690215346100712,0.059314688189339,0.3217254297342151,0.2687660425901413,0.3914425618946552,0.3268926541406244,0.0729949645669224,0.0630846027078454,0.0830759945983779,0.0732181422974825,0.5192071838569123,0.3181965918042811,0.6944430794953678,0.5161202257625659,0.660920224747244,0.4814791087060492,0.821687050171584,0.6601948247559138,0.2181917027708172,0.1591508028371648,0.27435567471707,0.2187431154912909,0.05322265625,0.035791015625,0.072393798828125,0.0527127075195312,0.0,0.0,0.0,0.0,0.1103428065759998,0.0257535455555686,0.3214060896512748,0.1493149070664229,0.3670030453228467,0.3190806626609598,0.5969406948546303,0.4176510995080659,0.0443836122047244,0.037644562007874,0.0507935531496063,0.0442873400590551,0.5812658938335596,0.4376309284843059,0.7165258386494296,0.581768081977366,15.33864927241995,6.771115494888105,28.902270783187006,16.414321082687344,0.6788446043686712,0.557198367930709,0.7537546576058347,0.664335124120068,4.903983508990232,3.433131588841561,5.6774840121468,4.664613593324098,1.2500016946062034,1.2498487993332512,1.2510752473806714,1.2681920626312682,-0.8359813964696808,-0.9002554358465176,-0.3075833890822813,127.37171181535444
latentB_K5_z64_n500_s0,test_ood_policy,20,latentB,64.0,5.0,500.0,0.0,True,huber,False,1005361,0.0526980011069226,0.0457734225192362,0.0624988466896446,0.0536710590350127,0.0852280565564701,0.0752708002858793,0.0983853687313691,0.0857100258674209,0.3975822255015373,0.3270306147634983,0.4945506587624549,0.4037768620875431,0.0837036311163772,0.0756948540476752,0.0979888479852279,0.0853330257925078,0.4012869223855053,0.2258078697200739,0.5865704342219774,0.4052593332821709,1.123684408918285,0.7889657769519756,1.471946350223008,1.13085748612769,0.4315302132142306,0.3583595310337108,0.5163502766908299,0.4343786913727339,0.08660888671875,0.061236572265625,0.117584228515625,0.0885595703125,0.0,0.0,0.0,0.0,0.0960172727973727,0.0299183554589554,0.1957720126294916,0.1058521279260523,0.3670561923508554,0.3174147541437037,0.5074027593202738,0.3922349623575221,0.0520423228346456,0.045210999015748,0.0592488927165354,0.0523114542322834,0.5605729069576664,0.3978849255414347,0.7264607967910737,0.5645081821864659,11.176052855745963,5.106825926754121,22.601133120573067,13.0176736959369,0.5814908585248468,0.434210775254224,0.6891437609252098,0.5712545517606877,4.431830761871288,1.904436873595672,6.74528811182597,4.561790339119786,1.24999799979807,1.249829169149674,1.2506027689563883,1.2690949419445725,-0.8611710619888306,-0.957532908676326,-0.2864471882895376,5.535723958004979
latentB_K5_z64_n500_s0,test_ood_policy,50,latentB,64.0,5.0,500.0,0.0,True,huber,False,1005361,0.149339190474026,0.1149177311317072,0.2084633183282056,0.155826525976194,0.2596413304706998,0.1582897675220064,0.4207040816751642,0.2766830935969342,1.754065701738,0.7157896958291531,3.271594354510307,1.8762387732082424,0.1608115307453607,0.1274607728258533,0.2236279984158515,0.1664735923586051,0.5245527192534348,0.2303800421208905,0.9454204801756828,0.5556424928201522,3.370824693853549,2.0897609429512567,4.863192529666085,3.4471400400265724,1.0826046159693217,0.9583313820157155,1.2103589532106651,1.084531504513676,0.22979736328125,0.166253662109375,0.2969482421875,0.2300885009765625,0.0,0.0,0.0,0.0,0.1447730405989021,0.061432239145674,0.3304059707191276,0.1799006551736199,0.5272284413319063,0.3624208640046601,0.803074667442041,0.5647499433539113,0.0441067913385826,0.0378998523622047,0.0502706692913385,0.0442381274606299,1.0626043954515207,0.6878391284315423,1.560507891753243,1.096445019740348,11.88440589437787,4.469191071332398,23.6386703848238,13.369361698477656,0.3300083978417553,0.2550848286515826,0.4374191293335306,0.3410060012603227,4.072353080727919,2.7058494158101483,5.331506613866578,4.052206061651202,1.2499908703823503,1.249814260421415,1.2504652539549863,1.260234992512451,-0.1116685236307408,-0.6230702495356798,4.875537155547558,1238.4135087527618
latentB_K5_z64_n500_s0,dev,1,latentB,64.0,5.0,500.0,0.0,True,huber,False,1005361,0.0035306053256644,0.0019706229285949,0.0061216998980293,0.0037890972652033,0.0175905734763705,0.0111924429963574,0.0272633123675269,0.0183034727822231,0.2062161616922821,0.1348541669140104,0.2888330712448805,0.2111759630543611,0.0581416904070619,0.0440094318385741,0.0764159681318225,0.059906649404494,0.6285416770656953,0.3173948263925273,1.6487492534958912,1.2590345913954837,0.0833287675394422,0.0401447591246236,0.1374747078780642,0.0854564970916535,0.0218445640953321,0.0075959349102759,0.0421000150788292,0.0235896654740569,0.00677490234375,0.00048828125,0.0145568847656249,0.0073031616210937,0.0,0.0,0.0,0.0,0.390236051753589,0.0183372023702459,0.96702142042372,0.4333861259079459,0.4497047674833472,0.3238985066533461,0.8977633045077393,0.5641825606346396,0.0158710629921259,0.0110912893700787,0.0315452755905511,0.0190577325295275,0.6036259145215818,0.3874603465781893,1.4241529836878852,1.0270634369600335,45.84206524286856,18.50041010543935,64.09650199499303,43.5029505754093,0.7779883055848289,0.6608746502924104,0.8183200657450577,0.7595735497264747,5.220448940788181,4.212887434085042,5.799051650030114,5.106378993545153,1.250005231145232,1.2498844773671345,1.2507609344334198,1.269469611652574,-0.7814436109534811,-0.8525992297591406,-0.3629134880604321,-0.6136392775315684
latentB_K5_z64_n500_s0,dev,5,latentB,64.0,5.0,500.0,0.0,True,huber,False,1005361,0.0172340183048387,0.0126955155606991,0.0217275147226041,0.017253931709515,0.0429174167323666,0.033236756341708,0.0519446137490199,0.0429650891860385,0.2892174199223518,0.2399926714599132,0.3676922500133514,0.2961390578732243,0.0673005684794416,0.0567130503209614,0.0790773929848978,0.0678473457921994,0.6283052102834499,0.4483554535434196,0.9839466712314814,0.6788702739865106,0.4206202504336023,0.2962526364360857,0.5194052482848232,0.4128770870129558,0.1132800734973976,0.0749802423885683,0.1566217634192744,0.1152673958083761,0.033966064453125,0.02041015625,0.0491760253906249,0.0346405029296875,0.0,0.0,0.0,0.0,0.2082732369544621,0.027113271162129,0.5026988093847382,0.2215737290672386,0.3827125873049247,0.3271637205694209,0.7099058447222427,0.4685352808077933,0.0346487450787401,0.0288139763779527,0.0400221456692913,0.0344114480807086,0.6234407866807408,0.4892395444260053,0.8369340249060959,0.6464109487709803,20.69951986605253,7.305634972405232,35.75328586558927,21.319787143528792,0.7298681021917276,0.6045056232080799,0.7851166675396672,0.7078184610486153,5.222784091538847,3.9969207964113553,5.755894275805947,5.004685872468697,1.2499999976432157,1.2498831359292468,1.2540229853992797,1.270415951362274,-0.7998629419204875,-0.861847806349485,-0.1726725006964606,-0.1742179572538999
latentB_K5_z64_n500_s0,dev,10,latentB,64.0,5.0,500.0,0.0,True,huber,False,1005361,0.0310493978020842,0.0252890194630642,0.0361581299328372,0.0309241733262553,0.0600835369886295,0.0512335654884901,0.0677218043937314,0.0599191015207656,0.3209392421413213,0.2752352226991206,0.4263447508215904,0.3402063272698433,0.0722559054829346,0.0633616770627754,0.0821034724782271,0.0728060199514463,0.6161004508951022,0.4352567950754548,0.7909299513433922,0.6145885867874052,0.7689464991679416,0.5779180892926816,0.9132285245640912,0.76168842276294,0.225190481683066,0.1678705975252251,0.2804151299988031,0.2246340534690086,0.063873291015625,0.04075927734375,0.08046875,0.0624188232421875,0.0,0.0,0.0,0.0,0.1429211475341984,0.0331019850495802,0.3098268875067973,0.157687737637811,0.3791135574615045,0.3329856548744696,0.6194031917473073,0.4370931930540326,0.0446911909448818,0.0390194389763779,0.0509534940944881,0.0450259904035433,0.640701848983566,0.4999639068167653,0.7749663470464302,0.63966776178164,15.150509807037889,5.912699944944842,27.5406785922256,16.10763019674536,0.6946997523074008,0.5824271209642855,0.7645353550816287,0.6807856595140487,4.918691252756272,3.4838332852766136,5.639518400178579,4.703887077527703,1.249994739270384,1.2497751955074996,1.2502018241196349,1.2562631908684805,-0.8230966474555104,-0.896332521123269,-0.0534697583502151,53.90961654822732
latentB_K5_z64_n500_s0,dev,20,latentB,64.0,5.0,500.0,0.0,True,huber,False,1005361,0.0541587281610437,0.0472753067660903,0.0626241470504305,0.0551283954420107,0.0870854061543375,0.0769218335605407,0.0984844710668771,0.0875039546345449,0.3946595378220081,0.3278566539287567,0.4885907791554927,0.4094913563241061,0.0852793206705455,0.0773328794604301,0.0961272421003274,0.0861981724690138,0.4812026380902136,0.2958124864822268,0.6517378923052423,0.475349640501106,1.3347368762357723,0.8754117169561925,1.6177856566287994,1.2919619350218643,0.4466115031552905,0.3662586300565452,0.5282391588728904,0.4466951176902816,0.1041259765625,0.069232177734375,0.13370361328125,0.1023818969726562,0.0,0.0,0.0,0.0,0.1110465676809954,0.038848949704242,0.2025924928188346,0.1159335499588312,0.3882493530884962,0.3388006910646305,0.5326011215575271,0.4136280237361948,0.0528112696850393,0.0461983267716535,0.0594211368110236,0.0527105376476378,0.6277639503597512,0.4273739707484842,0.7738293021034452,0.6098461898100547,12.217528072471907,4.616434339414806,23.157105053835675,13.4178919173844,0.6056383509738879,0.4663575647551204,0.6884092760409241,0.5875215397446404,4.496117406628816,1.777154763042077,7.843618987616471,4.778020900398632,1.2499960258597715,1.2497865353476474,1.2587517316862993,1.2476529358976864,-0.8706804542228788,-0.9619780576724064,-0.0198066061459623,210.57049610948783
latentB_K5_z64_n500_s0,dev,50,latentB,64.0,5.0,500.0,0.0,True,huber,False,1005361,0.1636946472748235,0.1299588460702371,0.2085848682022784,0.1665274019645071,0.2935214812372192,0.2037833108995285,0.4363276986253859,0.3098823166248051,2.0219266079366207,1.1715366650372745,3.5690760675817725,2.2133087467542647,0.1715475527998422,0.1426304579178876,0.2178097692979099,0.1775772841055812,0.6167972467225149,0.4047373337553839,0.8730780635663865,0.6379103699524576,3.805910937627132,3.0246399241854687,4.806467424071783,3.851906263359626,1.1116152041942031,0.9547110988441592,1.2188865735595171,1.093524718750048,0.247802734375,0.19600830078125,0.301275634765625,0.2502401733398438,0.0,0.0,0.0,0.0,0.1625135551019257,0.0733307332577886,0.3815053181098404,0.2183117219581689,0.5875571266622287,0.4474213330799167,0.8605271539618626,0.6329712928960812,0.042722687007874,0.0359836368110236,0.049095718503937,0.0426391793799212,1.217399357747841,0.9514030375727992,1.53069090113655,1.2283803487529894,12.393172048204304,5.736042244730175,23.09159769289958,13.662631347174957,0.3360665286039487,0.2664220948148462,0.4172616748128606,0.3445845567293761,4.097681137868283,3.16743140137733,5.317709452039913,4.194551791688356,1.250005576894611,1.2498430082513188,1.253207871783056,1.2634849762490243,-0.1785567908832362,-0.6122306106728346,7.647767594242216,1715.0064553737593
latentB_K5_z64_n1000_s0,test_indist,1,latentB,64.0,5.0,1000.0,0.0,True,huber,False,1005361,0.003616543799562,0.0018398088747074,0.0058145010369011,0.0037083721442417,0.0175132897949398,0.0105351319701263,0.026205977629142,0.0182873648194522,0.2182551082223653,0.1378606674727052,0.290339878454688,0.2135984353824824,0.0609781164725201,0.0468562931564949,0.0792407115692978,0.0619896269309741,0.6558351611874372,0.3302672313112248,1.9817814346193108,1.2691979590555196,0.0848320198874069,0.0378541333648237,0.1442095985890583,0.0897608059069346,0.0225851723149266,0.0073836986326416,0.0428068144950721,0.0234379799722542,0.005157470703125,0.0,0.014599609375,0.0064340209960937,0.0,0.0,0.0,0.0,0.4211158761592258,0.0075094477400226,0.9584607926326464,0.4383475352598781,0.4689366061307157,0.3063660601273322,0.9086519731623014,0.5713626393647232,0.0236681840551181,0.0151636318897637,0.0452940452755905,0.0276819328248031,0.5750962014767579,0.3989295504886982,1.6317944282583423,1.007406299334059,45.31198790914095,21.06872159799715,71.09785480775801,45.4618452388486,0.7679715044718509,0.687677594958664,0.8134492896932843,0.7556568122390867,6.144722543579756,4.688117464016796,7.407841563334164,6.095891787473879,1.2500006802695327,1.2498957639265935,1.2502986310399689,1.272544343722919,-0.8158012952382425,-0.8713186729243113,-0.4226164010759619,-0.654947582149882
latentB_K5_z64_n1000_s0,test_indist,5,latentB,64.0,5.0,1000.0,0.0,True,huber,False,1005361,0.0164960048986487,0.0123431148640233,0.021346855112776,0.0167387873962877,0.0414160351043517,0.0329365903224868,0.051131844881988,0.0417935742973127,0.2851259429007768,0.2404080845415592,0.3382960766553878,0.2892724215734097,0.0659765119353369,0.0560864856959708,0.0757419086710984,0.0660623712093295,0.7033547837723555,0.4827484049644284,0.9986224301448848,0.7514731899443078,0.4213062399315754,0.308892705229795,0.5474168987422398,0.4284797791756023,0.1161941484272974,0.0732166856678641,0.1498565380190817,0.1134662468135757,0.03570556640625,0.022271728515625,0.048114013671875,0.0355618286132812,0.0,0.0,0.0,0.0,0.1859437009110705,0.0282479584427228,0.5126316543526392,0.2424893764452959,0.3935155870709814,0.3278228241158745,0.7310610348787147,0.4739841071448873,0.0331569881889763,0.0272268700787401,0.0383335383858267,0.0329598302165354,0.6419087691647826,0.4736668016663393,0.8844539457103687,0.6742648901197975,22.104365956276904,8.036667337224458,37.66503671379026,22.348823182832383,0.7403955188812152,0.6255838724792915,0.7901422144606154,0.721942008252446,5.369954298337959,4.721726280940329,6.50458590277413,5.484920041829053,1.2500014525536995,1.2498814129537947,1.251048303104366,1.2580309278146518,-0.789681048945396,-0.8641387498523728,-0.1793501580128952,285.2601159378926
latentB_K5_z64_n1000_s0,test_indist,10,latentB,64.0,5.0,1000.0,0.0,True,huber,False,1005361,0.0299147822987906,0.0252654324017057,0.0367899837622939,0.0306242659090411,0.059431226792488,0.0503945273981428,0.0697706439986579,0.0595369444022446,0.3256848431192338,0.2702979234745726,0.4134098659269511,0.3361759517425889,0.0721191198011846,0.0636711428089163,0.082127501748745,0.072572393773643,0.6197865149758721,0.4526114789958304,0.8073013565809243,0.6302697292910842,0.8010726486890566,0.6072398778705093,0.9490838420867966,0.7795663211927917,0.2249067511155231,0.1718731234301999,0.2844905387959079,0.2252573724484335,0.058441162109375,0.038873291015625,0.076361083984375,0.05768310546875,0.0,0.0,0.0,0.0,0.1707009883707393,0.0435438077901309,0.3392417716503779,0.174908430348122,0.3721098065026738,0.3261245724083822,0.6121070050716277,0.4273736534505687,0.0438453494094488,0.0381059301181102,0.0503690944881889,0.044119248277559,0.6256602794074456,0.5045768946594754,0.8095155588914704,0.6431916687570084,15.872731931878205,5.447560560081173,28.97607591497759,16.7191739028846,0.6972643417773189,0.5988835728194191,0.7541845263791449,0.6863775629759594,4.803832571603111,3.9455600639200186,5.849657066950418,4.883336846681363,1.2499998137227917,1.249848071821822,1.25023922299819,1.2717684370192708,-0.8285605252402473,-0.9027709870062588,-0.1611068872514599,328.6593057711484
latentB_K5_z64_n1000_s0,test_indist,20,latentB,64.0,5.0,1000.0,0.0,True,huber,False,1005361,0.0578909204943687,0.0496951722150627,0.0697291744933718,0.0588908834604522,0.0926996090363248,0.080179551011309,0.1082271030574991,0.0935118151749776,0.4139221084769815,0.3502231996040791,0.5223985493183135,0.4341276079541421,0.091528606431484,0.0804688344519616,0.1048570799444273,0.0925259019518742,0.4145954826721746,0.2957622923534218,0.5234823265003473,0.4125253179019904,1.1875104378737555,0.942822166197165,1.3777817398286194,1.177989097088333,0.447810302839404,0.3730616695120436,0.5285453760401604,0.4494446190270619,0.074371337890625,0.05028076171875,0.10467529296875,0.0760321044921875,0.0,0.0,0.0,0.0,0.1352480353970729,0.0531026836016243,0.272160685145648,0.1491080986671688,0.3271386047042614,0.2791345411755425,0.5186320168219885,0.3675514854768004,0.0555948572834645,0.048314468503937,0.0622846948818897,0.0553840120570866,0.5460202350542068,0.4288511787289268,0.6423490676996226,0.5451943062244272,12.994267850351054,5.02787586801784,24.310855395379065,13.969289851116464,0.5099412529098734,0.3541955260741415,0.6309810548611172,0.5003810413985061,4.032361524771278,2.309982347344388,7.23983939739509,4.395678911848378,1.250008300164878,1.2498689725455503,1.2533043733875668,1.2816749446309046,-0.8725501293505099,-0.9427161528651622,0.0757143785167379,264.38704508174266
latentB_K5_z64_n1000_s0,test_indist,50,latentB,64.0,5.0,1000.0,0.0,True,huber,False,1005361,0.3783906356824124,0.3425097850209824,0.4498572348059013,0.3875910443601201,0.8601698469956685,0.7479305121686931,1.0457955850776712,0.87791090666589,4.891390144824982,3.935677148401737,6.09937734529376,4.9774038520104655,0.4069463443648452,0.3598025561391061,0.487027837572967,0.4142205755079933,2.0653625482082645,1.7585025212192569,2.6936619776407165,2.144810428238443,10.175797142294496,9.102920718257144,11.99183334021638,10.352947860931264,1.096040915431202,0.9808470715430008,1.2126753370836372,1.0914950593460804,0.33154296875,0.277984619140625,0.41278076171875,0.338800048828125,0.0,0.0,0.0,0.0,5.387030108591318,2.7721193367613983,9.517193719584345,5.978978479874762,0.8633155689387155,0.7345273012905867,1.0905783289827011,0.89187387498825,0.0332338828740157,0.0286847933070866,0.0382412647637795,0.0333590674212598,3.4134574135695503,2.8610834009145445,4.161761605778788,3.4624387873443503,13.385623782085174,4.809890853178895,23.01822692534129,13.331065618370417,0.3682386846343232,0.2900065800205129,0.4908398760032916,0.3805599177257608,4.514378760016944,4.284081890851872,5.142199600850144,4.630139867576624,1.2499950333403935,1.249843831745201,1.2505173814562898,1.256321597896726,0.5507649127729338,-0.2033346069569279,7.815036392147237,3049.952429373769
latentB_K5_z64_n1000_s0,test_ood_terrain,1,latentB,64.0,5.0,1000.0,0.0,True,huber,False,1005361,0.0036220161797682,0.0016042521716671,0.0057599224212945,0.0037344515036632,0.0182805704836104,0.0090470577923267,0.026677395163855,0.0182421344863777,0.2141783256083727,0.1275509674102068,0.2864736393094063,0.2116923916705127,0.064158573396673,0.0445639404273535,0.0854862013385818,0.0648567510528816,0.5448670423887092,0.1457606754892645,2.95241770528015,7.611076288312032,0.0670729801324341,0.0300655986499477,0.1324534547320108,0.0728602895617231,0.0213673530244136,0.0026429307521714,0.0386437421842324,0.0208898627437778,0.004486083984375,0.0,0.0139892578125,0.005621337890625,0.0,0.0,0.0,0.0,0.3706785898774574,0.0191634338082842,0.9626917419043012,0.4584938648579211,0.6174951232738619,0.2505257323590407,0.8383797933870171,0.5850962950919769,0.0292661171259842,0.0181102362204724,0.0497508612204724,0.0316841473917322,0.5389100566538253,0.2814254897420157,1.9766721721363685,5.200211251535854,45.81384458596477,20.91679273288401,69.59744276614671,45.92794406266607,0.7565121811222054,0.649834331259102,0.8220190493922754,0.7359282486031359,6.049561530988854,4.21693863931426,7.121834315656382,5.888300611484645,1.2500230086402055,1.2498978511822905,1.2680155621238598,1.293921712549931,-0.8339921341314869,-0.9061700679524696,-0.2592600238371073,0.8802282372958827
latentB_K5_z64_n1000_s0,test_ood_terrain,5,latentB,64.0,5.0,1000.0,0.0,True,huber,False,1005361,0.0172284783185348,0.0131666688862119,0.0223293292981757,0.0172852998263584,0.0425276687773286,0.0349366276187796,0.0531956296740768,0.0431087914634917,0.2883680555969476,0.2393972388468682,0.3920350208878516,0.2996496838139137,0.0702033040819522,0.0599468393326987,0.08585020242823,0.0715864923460341,0.6404606244127253,0.4183531507553171,1.0911296761316838,0.7405765073702892,0.3723901316210686,0.267141143749057,0.500232756282323,0.377644056045952,0.1008988914072274,0.0645528707492306,0.1445038019305699,0.1043959025527175,0.031829833984375,0.0194091796875,0.045074462890625,0.0326873779296875,0.0,0.0,0.0,0.0,0.1603184340227289,0.0335031919414054,0.4110084662055691,0.1985589034908527,0.4354120029764755,0.3123784154836598,0.5624265172558836,0.4344993316228316,0.030142716535433,0.0242741141732283,0.0378414124015748,0.0304750553641732,0.6300042769189262,0.4467201131592447,0.9637123826097084,0.6850509989355785,22.841575822350546,8.494168851391684,38.91492735043086,23.312815433613977,0.6863594165480142,0.5221645141103647,0.7622144883450276,0.6606930549584462,5.176848353108642,4.382879778506943,6.231828998509302,5.254101030009887,1.2499938374559267,1.2496628331035973,1.2502551026324409,1.2609179663756631,-0.8014349730264845,-0.8664599796851157,0.5337177441500951,672.0668916191022
latentB_K5_z64_n1000_s0,test_ood_terrain,10,latentB,64.0,5.0,1000.0,0.0,True,huber,False,1005361,0.0315804288320553,0.0263634415930668,0.0397836794702846,0.0324249885735721,0.0621588756328595,0.052902887732298,0.0734184045353802,0.0623708198089107,0.3265624493360519,0.2776427246630192,0.4475799024105072,0.3483326276545995,0.0779258826989342,0.0673687873961073,0.0882067030095872,0.0780361198906735,0.5558131041036505,0.377012463138788,0.8373653106842803,0.5927433509560831,0.6768612096858444,0.534362119158972,0.8611038239724441,0.6890626465560186,0.2104527742021105,0.1544927828125744,0.2715315272934141,0.2116904561956676,0.0537109375,0.031976318359375,0.07540283203125,0.0544549560546875,0.0,0.0,0.0,0.0,0.1253920220388301,0.0401779445507783,0.2856962681690062,0.145754613488492,0.3758736715029266,0.3041120094535698,0.4755713919618227,0.3841304051975199,0.0408310777559055,0.0344426673228346,0.0496985728346456,0.0414359313484252,0.5851045032052735,0.4655057938924876,0.8113143834218417,0.6210529503066313,16.526781965349585,7.109940185618312,30.24344091794602,17.634708406702646,0.6256338741049938,0.4858404376605382,0.7134275454481008,0.6170844278976663,4.684311301751391,3.449532639564608,6.0412303552601205,4.68779729773971,1.2499928831479346,1.2498389050561372,1.2537062721609535,1.2762167283491688,-0.8411915872561797,-0.9264851077597864,-0.2037746747656274,441.2034600201239
latentB_K5_z64_n1000_s0,test_ood_terrain,20,latentB,64.0,5.0,1000.0,0.0,True,huber,False,1005361,0.0601375537997925,0.050449288777706,0.0699254660981257,0.0604857624699992,0.0946310451351957,0.0825513686826032,0.1096566067471794,0.0953192279180873,0.4234715886414051,0.3471085827797651,0.5508158071897923,0.4403883257271809,0.0945421997713878,0.0831399751760795,0.1078762703970448,0.0953312179399998,0.4037873226583591,0.2349720748569053,0.5977543491958601,0.414383782357765,1.0867803639552405,0.8651834993670192,1.2786270297401865,1.087175448141987,0.4154705140619219,0.3284551426967697,0.5230842969430728,0.4200349182872749,0.07672119140625,0.046563720703125,0.1030029296875,0.076009521484375,0.0,0.0,0.0,0.0,0.1194784175419549,0.0642372183689257,0.2244368175073331,0.134165998809371,0.3283844424516541,0.2728681405344111,0.4052704381282318,0.3364662058340142,0.0547336368110236,0.0483759842519685,0.0618294783464566,0.0550047674704724,0.527668717177091,0.4055571713541843,0.6959969284145827,0.5364087272881737,15.803677209514952,6.738038537282248,28.61508827596345,17.047445796602325,0.4358819333319012,0.2939958744111293,0.5622290600901394,0.4317251108942559,4.452417694179706,2.3376176107704034,7.920696630524423,5.004659704120655,1.249993138916163,1.249706214872899,1.2504756109261208,1.2491341831539404,-0.8436080006406532,-0.9390269213779772,1.038272117355281,326.9015685196734
latentB_K5_z64_n1000_s0,test_ood_terrain,50,latentB,64.0,5.0,1000.0,0.0,True,huber,False,1005361,0.404984892158803,0.3507848452378532,0.4643935921024136,0.4087007535063269,0.9006253870713983,0.755156441031376,1.0034402505842157,0.894004919821484,4.98279232904315,3.898683638870716,5.966581869870424,4.955546842982585,0.4373137560306674,0.3705358266498803,0.5030112612239673,0.437983871572272,2.411204745018818,1.8311277607994056,3.0083823446596494,2.4292239590237057,11.083731474238204,9.29356353585539,12.866405901304752,11.049750605045036,1.028206383151494,0.9048355777821644,1.182800914879725,1.0415476426453067,0.370269775390625,0.2909423828125,0.457696533203125,0.3739407348632813,0.0,0.0,0.0,0.0,5.179778621754346,2.0335053455791434,9.669648272895396,5.566440500299311,0.871730795924095,0.7446350484136478,1.0156821929718711,0.8843792044288371,0.0313730314960629,0.0274698572834645,0.0370232529527559,0.0318500861220472,3.797563544655783,2.994212710223716,4.6443539306326365,3.801559152942202,14.414432035580385,6.191000485043566,27.0954509459728,15.489071237209815,0.3651661428811307,0.2858835559981547,0.4665423405289352,0.3744131250829113,4.629781619413347,4.238955589988062,5.722780003082713,4.802683323241811,1.249987555644296,1.2497624491187147,1.2514886379847314,1.2488011165940809,0.5317893797560606,-0.2433160140802445,11.11197905122043,1967.9104969959485
latentB_K5_z64_n1000_s0,test_ood_soil,1,latentB,64.0,5.0,1000.0,0.0,True,huber,False,1005361,0.0034990788963571,0.0019934182651666,0.0061979593844983,0.0038104977508007,0.0194550961625498,0.0122147292583078,0.0290313406266584,0.0200734372141298,0.2392138796276413,0.1593002259731292,0.3196745067194569,0.2407235043342007,0.076576110918203,0.0581555955352898,0.0954387472798098,0.0772671690268244,0.6969899825498252,0.3034816852312486,3.57881017640475,40.79780811689224,0.0772510046000218,0.0346989319034207,0.144021869301509,0.085017579608828,0.0198493896744708,0.0055263089385144,0.0410738951928314,0.0216553876191861,0.0,0.0,0.002685546875,0.0007867431640625,0.0,0.0,0.0,0.0,0.439904055122093,0.0077115552946502,0.9812155482155144,0.4364633489283057,0.3579366454276919,0.2155573046886058,0.9221248656282944,0.5222584189556239,0.0254521407480314,0.0167353592519685,0.0467888779527559,0.0289486958661417,0.5865145511562655,0.363299312903688,2.201573763147982,26.3006781292791,46.40143476422432,21.77808045396125,69.54360391925623,45.94127443160816,0.7713354751916869,0.6425392062054924,0.8271424454912852,0.7444368780900436,6.180175893444062,4.494696395832176,7.461159949471535,6.166120565169938,1.2500068707379837,1.2499098320602602,1.2502381302196606,1.2542128959029244,-0.8081596275838019,-0.8833566770900404,-0.3531634538740615,8.253345307159627
latentB_K5_z64_n1000_s0,test_ood_soil,5,latentB,64.0,5.0,1000.0,0.0,True,huber,False,1005361,0.0174110715760421,0.0134888238400052,0.0224137908857349,0.0175831617224279,0.0463285954217708,0.0381412342912248,0.0552159299278657,0.0462361523806986,0.3113711532205343,0.2598855738877318,0.389417220884934,0.3206430471700059,0.0815678213634791,0.0708417989657825,0.0964184627358954,0.0830474323377828,0.6872726132554376,0.4643572013431686,1.0051349722577525,0.7227115462330562,0.4217662079992875,0.2883704001593524,0.5232081467757826,0.4130151517981016,0.1135280685909801,0.0705081338730141,0.1508085406441289,0.111965008699151,0.00384521484375,0.0,0.015899658203125,0.0060244750976562,0.0,0.0,0.0,0.0,0.1601683944979795,0.0143221073461382,0.586095456950798,0.2458666724001801,0.2915751432802912,0.2323790701667539,0.727657102060912,0.4164796586059582,0.0326648622047244,0.0270669291338582,0.0382074311023622,0.032728684793307,0.6113408771965761,0.4716391142851687,0.8231032873297577,0.648180792575821,18.734255383787616,7.258729997502354,37.74358840990713,20.74840571703397,0.7420662406622462,0.6272636838383725,0.8004672133628015,0.72358573253233,5.328283775184866,4.42658916633831,6.294071993943127,5.380764799002797,1.2500119817066329,1.249900029291368,1.2705537654966874,1.273914804572352,-0.7913395353002949,-0.853430668020299,-0.3991568005586371,92.76549539851824
latentB_K5_z64_n1000_s0,test_ood_soil,10,latentB,64.0,5.0,1000.0,0.0,True,huber,False,1005361,0.0328723080796835,0.0266249421168078,0.038583568224772,0.0326885726306265,0.066496496103647,0.0546605827438128,0.0758937663359984,0.0661526404283782,0.366416685283184,0.3015821672976017,0.4556887485086918,0.3710517841283581,0.0901585875724404,0.0768376329682947,0.1030840695763198,0.089775626769155,0.6144593286648292,0.4146172206248887,0.8128819991096372,0.6226890873317624,0.7704297280667847,0.5747359421809289,0.9359910948937088,0.7577055216132126,0.2188457310724836,0.1671073262968172,0.2775545604413493,0.2214444997392265,0.010589599609375,0.001885986328125,0.025091552734375,0.01233642578125,0.0,0.0,0.0,0.0,0.1605344904027258,0.0212698001424667,0.3637714063901187,0.1642276240975397,0.272323820890635,0.2289943644823677,0.6201523073949472,0.36666321682385,0.0469211368110236,0.0404835137795275,0.0545029527559055,0.047179810531496,0.6095192025332119,0.4835747730442083,0.7329488795365251,0.6088434987848497,13.935301223545869,6.055189768931833,25.58770381253781,15.41414610401199,0.7100989420749986,0.5895450687245709,0.7714195240009603,0.6912084592025471,5.00802573584061,3.870499051054279,5.963009139302426,5.014142964316105,1.2500014280337814,1.2498934549915592,1.250213759172956,1.251839727630936,-0.8325235030304995,-0.9089320759285128,-0.3641201988183614,87.43622262126583
latentB_K5_z64_n1000_s0,test_ood_soil,20,latentB,64.0,5.0,1000.0,0.0,True,huber,False,1005361,0.0635020992753544,0.053155723111388,0.074233307827022,0.0641557647542853,0.1043140125197426,0.0890786566450719,0.1213758430301895,0.1060204804053596,0.4871400026604533,0.416235701367259,0.6160546850413083,0.5156388632842936,0.1125115698864631,0.0975145398775381,0.1264201010771878,0.112423594358166,0.4162186409184913,0.3010676166545709,0.5601242463079109,0.4261894130434521,1.1766202423778729,0.966069019671584,1.411405835647494,1.1869744754661162,0.4430221046692528,0.3650225155418991,0.5202275061187442,0.4443904568975089,0.019439697265625,0.004931640625,0.0431640625,0.021689453125,0.0,0.0,0.0,0.0,0.1132744913858853,0.0262446344533461,0.2356555548756638,0.1216072013734205,0.2401447986614935,0.2033990885734812,0.5090718628665285,0.3120847600442655,0.059931717519685,0.0528235728346456,0.067433562992126,0.0599832369586614,0.5044738596805037,0.4030336936879409,0.6331903250613361,0.5130833929584635,13.739361063808737,4.398679923510862,24.476733747947087,14.4602910665538,0.5251129788210891,0.3242295650288041,0.6356613773681012,0.5038638931957441,4.243727046406112,2.4896706548197374,7.357416670294649,4.7186747879486175,1.2500000054270444,1.2498715564563814,1.2502515769788742,1.2622456690983646,-0.8633353428844689,-0.9422890756140913,-0.1185575038685501,193.5723748822548
latentB_K5_z64_n1000_s0,test_ood_soil,50,latentB,64.0,5.0,1000.0,0.0,True,huber,False,1005361,0.3885083913159746,0.3411307429934664,0.4685766465546071,0.3980916303385566,0.8589709734231943,0.7624977694114838,1.0925920075914417,0.886781170165904,4.95969945192337,4.2546955771744255,6.337633642554283,5.0688031150882304,0.420183336057164,0.3633378492081834,0.5300012253711196,0.4348332331093216,2.00372421726881,1.6647030436504782,2.649216992999845,2.103665686554679,10.005498874146925,8.796732597849202,12.247087285410537,10.34617247425814,1.110562001958804,0.9820759707270278,1.2292357936885374,1.1093453293969409,0.22454833984375,0.192889404296875,0.3025817871093749,0.24164306640625,0.0,0.0,0.0,0.0,2.480679053207398,1.2352150888150364,4.277030916986616,2.6876178711173315,0.604056986045906,0.5227739414319345,0.7956529665495735,0.6340396418089026,0.036986343503937,0.0322773129921259,0.041984498031496,0.0368974532480315,3.0111180207059407,2.437301376587986,3.657069121303902,3.0382598774560203,12.596085870059758,4.830813511225539,21.95803553015004,12.814433231414052,0.3449524869845685,0.2613053223032179,0.4527211896940337,0.3507531145627358,4.493107631890648,4.289769684730612,5.433335018360604,4.691978370899737,1.249992420272248,1.2498554879596488,1.2502758607369406,1.2525011748801482,0.4515187581512339,-0.2548095671233861,11.6864989174184,1206.1167997400753
latentB_K5_z64_n1000_s0,test_ood_both,1,latentB,64.0,5.0,1000.0,0.0,True,huber,False,1005361,0.0036766692972172,0.0015753815408966,0.0065030368187699,0.0039428134069633,0.0205728625108151,0.009824766765885,0.0313279255994821,0.0203800091366519,0.2427074089646339,0.1423210740089416,0.3375715298578143,0.2426110520263319,0.0785013250979575,0.0460781682271999,0.1087366011732867,0.0787737074359826,0.5372120602187778,0.200882481395515,4.816779709909128,362.13000880285006,0.065214754646671,0.0307024975409294,0.119456946981385,0.068704030377408,0.0204644613948054,0.0018050370709681,0.0416533222468132,0.0205519567056456,0.0,0.0,0.0037353515624999,0.001090087890625,0.0,0.0,0.0,0.0,0.3101849844805395,0.0094577013461078,0.9627048625634352,0.5956546177117593,0.5206859745432576,0.1885356930961524,0.7910363352421566,0.5490926653414568,0.0314345472440944,0.0205308809055118,0.050968873031496,0.0333226193405511,0.507865208664547,0.2870641666725577,3.272392531481519,185.6272383074936,47.081626578716765,23.929261867273443,71.40014053912451,46.91061874936229,0.7656105504490089,0.6098906119523745,0.8215644751751067,0.7302322205583227,6.061081540180096,4.523179860114704,7.016149335461369,5.975356290403417,1.2500108724059755,1.2498757335534123,1.2505467971663515,1.2556109351503777,-0.8397093904979895,-0.9100455781631114,0.0669759717003681,50.05623339526285
latentB_K5_z64_n1000_s0,test_ood_both,5,latentB,64.0,5.0,1000.0,0.0,True,huber,False,1005361,0.0176835026941293,0.0131568184334689,0.0222602385657403,0.0179473704445476,0.0481472602041911,0.0380948847690082,0.0571822625127864,0.0479612997661283,0.3350638039410114,0.2809167556464672,0.4238836783915758,0.344162875446782,0.0878490594727821,0.0745299223130686,0.1033600851550366,0.0892645644143411,0.6262398474533297,0.3864471193918745,1.1442163467745137,0.7492807490077411,0.3590238941429562,0.2567758295156946,0.4650727930485009,0.3607964416865923,0.102175300249489,0.0620127580033893,0.1397973467990698,0.1004353728212894,0.003936767578125,0.0,0.01766357421875,0.0067007446289062,0.0,0.0,0.0,0.0,0.1191911821664688,0.0185397272952312,0.445661473602352,0.1801309971685246,0.3525733791488705,0.2235601315302292,0.4964603351650758,0.3501243284644506,0.0313422736220472,0.0237296998031496,0.0387887549212598,0.0312666092519685,0.5988888846304772,0.4366115361723454,0.9289654339377312,0.6701453514359812,24.150592192205657,8.207552410175428,41.63711175636446,25.14710363930028,0.6711135821411134,0.5081676235216601,0.7699085301660484,0.6512357317918611,5.168698837828742,4.381256375267,6.1784796500014405,5.231257647188418,1.2499942679252896,1.249676633863711,1.2516613153160048,1.257739657386812,-0.7855708772960639,-0.8870079477970539,7.049274511326759,868.9974305528843
latentB_K5_z64_n1000_s0,test_ood_both,10,latentB,64.0,5.0,1000.0,0.0,True,huber,False,1005361,0.0331879577165252,0.0279345558096959,0.0399716333939062,0.0337580485187353,0.067654810476773,0.0592696126964759,0.0808312928819418,0.0687171829025754,0.3757843300700187,0.3227914303541183,0.4953043513000011,0.3916572143731173,0.0948749367936986,0.0835363763998148,0.1084906130061141,0.0955100513587963,0.5585380039023429,0.3813784558746276,0.8789207599966037,0.6221246063833606,0.6730058843331883,0.5198014856062511,0.8308896696166049,0.6752716831539035,0.2031365261881519,0.1463365636823937,0.253245817933636,0.202969351822928,0.0101318359375,0.001708984375,0.0303466796875,0.0131936645507812,0.0,0.0,0.0,0.0,0.0832498145596582,0.0270562330005226,0.2463080333394453,0.1140820994214296,0.2961736100531529,0.2157524627312074,0.3942378747305232,0.3015290853325372,0.0443528543307086,0.035857529527559,0.0525682824803149,0.044099717027559,0.5816516456101961,0.4319904657671969,0.8241740042678591,0.614886611364208,15.981483295793904,5.808047915697419,30.60404410890138,17.539847154767134,0.6222107227084566,0.476041068059658,0.7291720829387645,0.6075358693403542,4.809008138120527,3.778908416655465,5.89974621037797,4.847907257826591,1.2499928367875677,1.24972794484327,1.2502285086119476,1.2697885564936484,-0.826449951834634,-0.9104324885798424,2.658710385879022,594.0192485087509
latentB_K5_z64_n1000_s0,test_ood_both,20,latentB,64.0,5.0,1000.0,0.0,True,huber,False,1005361,0.0648935974852773,0.0546829715440477,0.0775846167910423,0.0654784260645705,0.1062234775175506,0.094032126897906,0.1243760213343585,0.1082082045496318,0.4989962819963693,0.4209197957068681,0.6370629504323005,0.5297045097366209,0.1141332451925873,0.1029017511481138,0.1322145353548078,0.1161708741946274,0.3825116803465866,0.2737110278334539,0.5779808669290484,0.4210297912204654,1.0858890221584807,0.8917972837476283,1.2949574830753974,1.0909203824374034,0.420311699092146,0.3348320735125613,0.5081415400319403,0.4173470080982215,0.01910400390625,0.0055419921875,0.0475219726562499,0.0230816650390625,0.0,0.0,0.0,0.0,0.072568267114319,0.0370942618914683,0.1752296311479932,0.0905620169374868,0.2550847243025173,0.1937474220378629,0.3270386053162299,0.2586723105823156,0.059193528543307,0.0504675196850393,0.0666861466535433,0.0589886811023622,0.487923324748418,0.3849233361968193,0.6575894106990431,0.5064101750871062,14.718020811820509,6.669520433854475,28.02692794831532,16.10088358602593,0.4300640641974802,0.292585342943464,0.5725122931169492,0.4340053764909266,4.628406753517872,2.343890698774482,8.11840077258259,5.010060010379791,1.249990378814301,1.249807678730002,1.2505803679732432,1.2555312286182514,-0.857561292120935,-0.9500869692850736,1.1307366382448143,142.82232621161435
latentB_K5_z64_n1000_s0,test_ood_both,50,latentB,64.0,5.0,1000.0,0.0,True,huber,False,1005361,0.4093652386469038,0.357819634144987,0.4584585126993059,0.4106338879445415,0.8994299035116942,0.7395978096739627,1.0058230681587863,0.8889314916555946,4.952699594199657,3.832592446729541,6.010466688871383,4.961834970992059,0.4514926334991456,0.3750213931618317,0.5159983899972765,0.4484395549035219,2.355409720519563,1.8865184549178649,2.998774401940364,2.4175102582460664,10.902046051814724,9.317416753532187,12.502214651683012,10.926229621880788,1.039879687861482,0.8673013813749686,1.177894512124868,1.0383263038896045,0.271240234375,0.20789794921875,0.34898681640625,0.2755291748046875,0.0,0.0,0.0,0.0,2.547120127273097,1.0680742765184024,4.367826538885219,2.623408163285089,0.6121714940237205,0.5197761937341211,0.7226509069326941,0.6231913248744975,0.0349870816929133,0.030222687007874,0.0408802903543307,0.0353051181102362,3.2738033671555247,2.7021333568597856,4.020740570788177,3.325817989762593,13.012009179457044,5.739621044346804,22.76155929411308,13.6342297411385,0.3494989369377849,0.2597152006116034,0.4459815085006171,0.3548938657973315,4.696496186432696,4.247452179908445,5.694946857635483,4.842513218224871,1.2500093969271058,1.2498308210023774,1.2508207977989283,1.2573624860006452,0.4603897785599284,-0.2564934984887623,16.412213391324812,2607.2558259871075
latentB_K5_z64_n1000_s0,test_ood_policy,1,latentB,64.0,5.0,1000.0,0.0,True,huber,False,1005361,0.0034220236395173,0.0017635616781692,0.0062238780065331,0.0037074875843974,0.0174234635084001,0.0099612231932324,0.0276402500930746,0.0183081449731876,0.2179803624749183,0.1397884169709868,0.297281834212481,0.2182789381264774,0.0607709221127504,0.0434749247533165,0.0805352073446075,0.0622746125329014,0.5511304313429953,0.2758564059693559,1.4065197449434144,5.711853847615113,0.0739557009416456,0.0331840385172169,0.1306361240085669,0.0769170848781871,0.02110746592398,0.0064405436262123,0.0418943340042562,0.022968823242018,0.003143310546875,0.0,0.012945556640625,0.004910888671875,0.0,0.0,0.0,0.0,0.3953247977158512,0.0065187904128684,0.9658347796313062,0.4237285378804716,0.4067759812706548,0.2769134394305396,0.9070084061115375,0.5343503267234854,0.0281742125984251,0.0209092027559055,0.0510057824803149,0.0321839628444881,0.5020490266346169,0.340645013479281,1.0148914241618503,3.698420324692744,44.73685737948093,17.389528842516896,64.50288430847694,44.04777884436403,0.7720667566656545,0.6885509428881724,0.8124166101254007,0.7574147470944038,6.14670433285599,4.61648241504633,7.472719016179141,6.2035520552684895,1.250012142449013,1.2498967710844382,1.2501970030020315,1.2606055599040866,-0.8379878937793858,-0.8887998756418388,-0.6739639784644179,0.1721680547260728
latentB_K5_z64_n1000_s0,test_ood_policy,5,latentB,64.0,5.0,1000.0,0.0,True,huber,False,1005361,0.0162134726276705,0.0118542144955688,0.0209192525910873,0.0162491779662572,0.0411356697316099,0.0326676132378576,0.0504674716427061,0.0414303773635938,0.2922606876818463,0.239579702168703,0.3469602344441228,0.2939558130634623,0.066335920674546,0.0559622610533069,0.0776628388177326,0.0667497347308664,0.6070409706975519,0.3905699611466212,0.9131439775910868,0.6415444562539385,0.3705397758724701,0.244847413985684,0.4951863708421904,0.3746135130167857,0.1098967584389116,0.0719777747427219,0.1435255137305355,0.1085580779879448,0.029754638671875,0.012445068359375,0.046270751953125,0.02938720703125,0.0,0.0,0.0,0.0,0.1703007285601551,0.0305203904221083,0.5172307050068796,0.2339756944877516,0.3764346381501063,0.3028486586980987,0.6921992001544254,0.4474322658962265,0.0335568405511811,0.0273037647637795,0.0410033218503936,0.0340600393700787,0.5878523803615124,0.4451688823851928,0.799378326538937,0.609516603601155,20.874855984141533,8.475958958106476,38.94935541368778,22.32144633073652,0.7293049823813871,0.5850477769732767,0.7746755177209926,0.6997369494698075,5.257086998216661,4.370349556444754,6.2975771761302255,5.374032540536369,1.249995634516766,1.2498060369190842,1.2502947076085342,1.2736967456720958,-0.7977259227341587,-0.8780723423300459,-0.0058968004945483,3.310054113012884
latentB_K5_z64_n1000_s0,test_ood_policy,10,latentB,64.0,5.0,1000.0,0.0,True,huber,False,1005361,0.0301479919734885,0.0236047543745533,0.0369470076245809,0.0302841589972198,0.0594169975994581,0.0485699206044306,0.0694439583317401,0.0592195555728874,0.3233881504274905,0.2738459602929651,0.3933605596423149,0.3296726652139478,0.0724057011901596,0.0635911823893362,0.0830630605139105,0.0727511129349218,0.5478395062190891,0.3725026882908764,0.7106826728276527,0.5493878878662992,0.6876751604098287,0.524061730503403,0.8705687684949949,0.6889607478264361,0.2181917027708172,0.1591508028371648,0.27435567471707,0.2187431154912909,0.050201416015625,0.030029296875,0.06964111328125,0.0497738647460937,0.0,0.0,0.0,0.0,0.1358420226172299,0.0424093794038491,0.3357708216859543,0.1721515555756329,0.3562499377142438,0.3015806422212386,0.5866667708382769,0.4053245496688831,0.0451064222440944,0.0384719488188976,0.0513502706692913,0.0449487881397637,0.5829043709766416,0.433907221673716,0.7410373098657408,0.5876403254994979,15.281871503979245,6.810604444783468,27.565405149065555,16.384430669210623,0.6835371510951865,0.5579659388513675,0.7505205071165096,0.6685693217999875,4.787982884852301,3.730015504958049,5.782423418688638,4.79688536500893,1.2500016946062034,1.2498487993332512,1.2510752473806714,1.2681920626312682,-0.8464228754809833,-0.9119663816231548,-0.400639852911638,100.53448006317916
latentB_K5_z64_n1000_s0,test_ood_policy,20,latentB,64.0,5.0,1000.0,0.0,True,huber,False,1005361,0.056058219446166,0.0485438630979246,0.0682530463901149,0.0574371466118725,0.0897983395103356,0.0790158329474797,0.1052383022330691,0.0917252781981667,0.4095681235194206,0.3452023702673614,0.5028289366513491,0.4273489432373754,0.0899012323680439,0.0803797411467757,0.1034437818586812,0.0909664010290125,0.3670166292103986,0.2448980044756643,0.5003562027292027,0.3754495304452057,1.064072436989096,0.8585242667333152,1.276748295465903,1.074359717303117,0.4315302132142306,0.3583595310337108,0.5163502766908299,0.4343786913727339,0.067626953125,0.04605712890625,0.0944335937499999,0.0687136840820312,0.0,0.0,0.0,0.0,0.1391187628418989,0.0559514278128187,0.254679111938875,0.1456876352733717,0.3100037692459432,0.2724098063297215,0.5007770874331768,0.3514740936472987,0.0571327509842519,0.0501015009842519,0.0644992618110236,0.057640717273622,0.5113337088916552,0.4021191401977199,0.6258133111096176,0.5140995751416512,13.984489017321318,6.193390402470282,25.619230097255286,15.074181278911102,0.4974821813317284,0.3528763338304009,0.6120271239561369,0.4900517986499483,3.957114270355391,2.3153279275344936,7.276185488320096,4.416671129414706,1.24999799979807,1.249829169149674,1.2506027689563883,1.2690949419445725,-0.8730849085128289,-0.9426665152017232,-0.0688675057654699,11.162194820295516
latentB_K5_z64_n1000_s0,test_ood_policy,50,latentB,64.0,5.0,1000.0,0.0,True,huber,False,1005361,0.3839382360262092,0.3343646093077635,0.4552146748745891,0.3883107112047364,0.8587437038589024,0.7237551779146532,1.0398212706161307,0.8647082218159633,4.812804712448269,3.763898149132729,5.948522583395243,4.850435088836893,0.4125339024733755,0.3518446127013881,0.4855837146435707,0.4161146030090198,2.083791418854424,1.6908378768153502,2.738262555806939,2.1626022464753527,10.179946124745774,8.861109177906961,12.204456806032503,10.35633455193062,1.0826046159693217,0.9583313820157155,1.2103589532106651,1.084531504513676,0.33319091796875,0.274969482421875,0.423138427734375,0.3415975952148437,0.0,0.0,0.0,0.0,5.044140336160124,2.5941259426632293,8.267399602787766,5.376205869856206,0.8356444786351356,0.719111738556836,1.018885616221496,0.8530630146656085,0.0338951771653543,0.028291092519685,0.0386165108267716,0.0336174335629921,3.4439246179929546,2.8011338924513947,4.26795370291786,3.477541585791576,12.669773017193378,4.566587680685011,22.919053637200097,13.289361911889385,0.385394757973658,0.2795245045282669,0.4899583468444224,0.3856718909394094,4.557933617111864,4.368631245423231,5.21915247760683,4.703414216063106,1.2499908703823503,1.249814260421415,1.2504652539549863,1.260234992512451,0.7570064443625882,-0.2069809064103857,9.862815821651406,2604.601550581259
latentB_K5_z64_n1000_s0,dev,1,latentB,64.0,5.0,1000.0,0.0,True,huber,False,1005361,0.0034414149070548,0.0018638070769562,0.0058468473509335,0.003685325266048,0.0175758105435807,0.0106757991614612,0.0266016786928185,0.0181854421022927,0.2071808224718552,0.1334895506035536,0.2886914536356926,0.2105052837272842,0.0576092044970927,0.0445374750666887,0.0771195552282232,0.0592304252643213,0.6731618319575697,0.3245126704097675,1.4717820348829116,1.2704819457249057,0.0822479423953698,0.0360459358841162,0.1456287803720355,0.0869819718412279,0.0218445640953321,0.0075959349102759,0.0421000150788292,0.0235896654740569,0.003814697265625,0.0,0.0147338867187499,0.005723876953125,0.0,0.0,0.0,0.0,0.3796218938474705,0.0122837341535734,0.9668029065423824,0.4204741834966291,0.4212555090270041,0.299159008576948,0.8972916566544485,0.5500470850414501,0.027097687007874,0.0188607283464566,0.0439099409448818,0.0295084891732283,0.5615792622708419,0.3735889305003397,1.362146234488247,0.9648411044180586,45.61166958781154,18.196825128236654,66.32718978153129,43.49328806621422,0.7777535615646907,0.6747239413946345,0.8170427290639579,0.761276942470219,6.200809004140073,4.730212784268692,7.424246253936553,6.154137521736661,1.250005231145232,1.2498844773671345,1.2507609344334198,1.269469611652574,-0.8211000745717341,-0.8743053945164853,-0.5301270492908986,-0.6921522856710487
latentB_K5_z64_n1000_s0,dev,5,latentB,64.0,5.0,1000.0,0.0,True,huber,False,1005361,0.01669970280323,0.0126826882274773,0.0213375043934656,0.0169281266956851,0.042188569666956,0.0332065398235853,0.0515004768396168,0.0426374747094804,0.2886731466278434,0.2395628995262086,0.3699325256049633,0.2957831881444508,0.0657214106364621,0.0567220914962488,0.0790091726362766,0.0668377998823948,0.6756676908875061,0.4809757348312183,1.0234253514139109,0.7190203356360345,0.4224159226150451,0.3164035785121596,0.5553405366723919,0.4307493306647886,0.1132800734973976,0.0749802423885683,0.1566217634192744,0.1152673958083761,0.033935546875,0.020233154296875,0.05030517578125,0.0346087646484375,0.0,0.0,0.0,0.0,0.2053357079430434,0.0386399104376289,0.5096413504820273,0.2368212626953094,0.3829051185283257,0.3258074182860304,0.7059635059443687,0.4621273479605701,0.0330031988188976,0.0274052657480314,0.0392255167322834,0.0333037032480314,0.6221477848082976,0.5033187379434964,0.8318712049861355,0.654213704094715,20.102211340417824,7.26985822638806,34.78814950116884,21.157727385580458,0.7315183937533686,0.6071812896807406,0.7864875545896755,0.7136822734456034,5.482632923770161,4.808074657798296,6.507302317065174,5.596271896140065,1.2499999976432157,1.2498831359292468,1.2540229853992797,1.270415951362274,-0.7978439168268514,-0.8699430150348152,-0.2720835674693105,-0.2045743440864927
latentB_K5_z64_n1000_s0,dev,10,latentB,64.0,5.0,1000.0,0.0,True,huber,False,1005361,0.0306960249554462,0.025489789151873,0.0359499736985449,0.0307769754413284,0.0601740589109907,0.0514046446284605,0.0682190684850289,0.0599482606631186,0.3230263869045302,0.2749829972162843,0.4201975103409495,0.3385638125214609,0.0721378944594029,0.0633424779103185,0.081768118702817,0.072664953024965,0.6148249027697039,0.4693395061494327,0.7826899526261861,0.6278838110860234,0.7699982630570308,0.5989922164480214,0.9464143188135788,0.7732656769318562,0.225190481683066,0.1678705975252251,0.2804151299988031,0.2246340534690086,0.057373046875,0.037408447265625,0.07645263671875,0.0570108032226562,0.0,0.0,0.0,0.0,0.1634731036836338,0.0490453468578902,0.3411357268381926,0.1777888896231413,0.3678028993907475,0.3147960004406346,0.6048521598600501,0.4203873685711802,0.0452602116141732,0.0384165846456692,0.0518362450787401,0.0449904650590551,0.6247117831301706,0.5073767696009128,0.769953429903546,0.6356057184667379,14.597470256485618,5.920442381099178,26.94861877865392,15.81206110497209,0.6990189771933759,0.5776420927915971,0.7594425518258348,0.6805798948585985,4.877199223545218,3.82532303866838,5.805050246228803,4.8665585535586215,1.249994739270384,1.2497751955074996,1.2502018241196349,1.2562631908684805,-0.8362773482641894,-0.9036007425758515,-0.2751992500179637,35.993707386740525
latentB_K5_z64_n1000_s0,dev,20,latentB,64.0,5.0,1000.0,0.0,True,huber,False,1005361,0.05774071974718,0.0488235747769071,0.0685863680012789,0.0586857412399424,0.0920471877524756,0.0791500011639653,0.1066191594534411,0.0927314569214318,0.4149831496179104,0.3377031899988651,0.5076118536293507,0.4202172066867933,0.0912250587866403,0.0797108457169196,0.1033321756444613,0.0918318767434703,0.405138717202078,0.3126206415506904,0.5189638961832884,0.4101380056124092,1.185892572219474,0.9527538546131802,1.3637567435081808,1.1707606174985352,0.4466115031552905,0.3662586300565452,0.5282391588728904,0.4466951176902816,0.0758056640625,0.0538818359375,0.099920654296875,0.0766250610351562,0.0,0.0,0.0,0.0,0.1408397442210526,0.0587095399493228,0.2565155550515149,0.1474660767295175,0.3248917814960174,0.2743799419213701,0.5082966587562774,0.3643828794361052,0.0557178887795275,0.0486528051181102,0.063548843503937,0.0561160494586614,0.5295897625424928,0.4430216912765116,0.6533949570454582,0.5375170932302495,14.635079208366973,6.410748125443548,26.169126403860894,15.35139152112604,0.51366989035333,0.3829480195298737,0.626303997601393,0.5032855432538793,4.060915612694844,2.3120106016228785,6.507573017879803,4.39127698320444,1.2499960258597715,1.2497865353476474,1.2587517316862993,1.2476529358976864,-0.8623580648885744,-0.9381455339953354,0.055380970725101,344.14750665362806
latentB_K5_z64_n1000_s0,dev,50,latentB,64.0,5.0,1000.0,0.0,True,huber,False,1005361,0.3775392380039652,0.3293559192226173,0.4404028158678769,0.3826942890409175,0.8472146189734966,0.7321925992376468,1.0309090535798195,0.8624325652026136,4.858493007719517,3.964239712059498,5.962057819403708,4.935361299570505,0.4022587761701814,0.3468297591670009,0.4827310912945386,0.4104525752105983,2.057473460973175,1.679635006434616,2.661989403188538,2.1227840043862654,10.106103483978956,8.883088087952592,11.900778545601908,10.256069505615658,1.1116152041942031,0.9547110988441592,1.2188865735595171,1.093524718750048,0.33050537109375,0.276959228515625,0.423919677734375,0.340958251953125,0.0,0.0,0.0,0.0,5.239135301786838,2.233116861330462,7.759744549404314,5.2602401561131,0.8629762377126102,0.7307329204200248,1.0782420790610463,0.888417665073508,0.0336644931102362,0.0286755659448818,0.0386657234251968,0.0335456139271653,3.4092461189222263,2.7983983573556555,4.043281417438004,3.430499757351772,12.989501870137993,4.655448626318792,23.149731235902635,13.656810179799352,0.362836480221178,0.2936374285492885,0.4746158543501045,0.3757815823567844,4.53199751033682,4.31051083615875,5.452647998270855,4.703221197237451,1.250005576894611,1.2498430082513188,1.253207871783056,1.2634849762490243,0.6610887952624578,-0.2197453049633522,16.364416640238243,3229.623544148488
latentB_K5_z64_n4000_s0,test_indist,1,latentB,64.0,5.0,4000.0,0.0,True,huber,False,1005361,0.0035806155477918,0.001830764341599,0.006002728064572,0.0037089774219735,0.0175911903728485,0.0104192226446929,0.0263780882227619,0.0183910098985602,0.2181328814476728,0.140924228169024,0.2904814597422955,0.2139670848026799,0.0610860356942949,0.0459967590297505,0.0801868536414324,0.0627338217167576,0.663757492354385,0.3742179166694029,2.301530141346216,1.3060403004313057,0.0862158515047083,0.0390051950484797,0.143702660359277,0.090311229620724,0.0225851723149266,0.0073836986326416,0.0428068144950721,0.0234379799722542,0.006317138671875,0.0006103515625,0.012518310546875,0.0064505004882812,0.0,0.0,0.0,0.0,0.4478444566176457,0.0084733018662063,0.9633747049548138,0.4468384324735091,0.469471000115469,0.3062106484987082,0.9099858421803652,0.568913869043577,0.0176088828740157,0.0103038877952755,0.0346825787401574,0.0204698265255905,0.5646917741146058,0.4064611245263705,1.690313641231461,1.04968201967855,45.33025299143912,22.14327304143476,68.97379582978299,45.28687587970314,0.7697643873411284,0.672068918263663,0.8181708993868257,0.7563576208568952,6.405660125603889,5.015267421110909,7.18596661353991,6.2080331848523045,1.2500006802695327,1.2498957639265935,1.2502986310399689,1.272544343722919,-0.8269985765580592,-0.8745418052911867,-0.4592230669184033,-0.6269900806439606
latentB_K5_z64_n4000_s0,test_indist,5,latentB,64.0,5.0,4000.0,0.0,True,huber,False,1005361,0.0161484560726081,0.0120284966741358,0.0211283446174801,0.0164764061582422,0.0413469363035261,0.0331320649210388,0.0508606443889194,0.0416789148319541,0.2857107224408537,0.2373511933488771,0.3386892389855347,0.2880822523114693,0.0656787444179529,0.056456611776724,0.0761489657867866,0.0663165784981003,0.6757222382010093,0.4655121396997402,0.9425193635062916,0.724695674685381,0.4195473743262836,0.2996366572100704,0.5464219083214461,0.4201036826348192,0.1161941484272974,0.0732166856678641,0.1498565380190817,0.1134662468135757,0.03045654296875,0.017626953125,0.04296875,0.0300860595703125,0.0,0.0,0.0,0.0,0.1487604867976602,0.0196137061446131,0.4861647631522564,0.2217914662831232,0.3768058797286601,0.316984746842863,0.729617111350508,0.4622346645523526,0.0333261564960629,0.0276297982283464,0.0403081938976377,0.0337587659940944,0.5978879064839497,0.4507258379038082,0.8276385080512562,0.635247372915482,22.607391778466408,7.301998827073127,37.07230953691938,22.30249307393609,0.7395346541479624,0.624181521697169,0.7920709447028536,0.7228565872514554,6.433612465067881,5.225496513914916,7.074273572504482,6.224450706282798,1.2500014525536995,1.2498814129537947,1.251048303104366,1.2580309278146518,-0.8348439216192687,-0.883062285992553,-0.3681748775140552,258.8006959056032
latentB_K5_z64_n4000_s0,test_indist,10,latentB,64.0,5.0,4000.0,0.0,True,huber,False,1005361,0.0294886778817762,0.0247753015892486,0.0358783450040477,0.0299892731905086,0.0590031704495567,0.0498016830499468,0.0680768478908302,0.0589563280767253,0.3258239650167525,0.2695164906326681,0.4149139381945133,0.3378885207366602,0.0710679540957053,0.0630981446986365,0.0810832431049992,0.0716093922210409,0.6695699871783619,0.5093130576182793,0.8603051226303635,0.6765142303969782,0.8237851035450223,0.6315931826474772,1.010546973817096,0.8218378772939237,0.2249067511155231,0.1718731234301999,0.2844905387959079,0.2252573724484335,0.057647705078125,0.04068603515625,0.0749755859375,0.0578884887695312,0.0,0.0,0.0,0.0,0.1311028825752516,0.0262494881596394,0.3152336663307833,0.1530647093031535,0.3716660175848609,0.3245817452077885,0.6122752121948046,0.4286497568997237,0.0447373277559055,0.0376814714566929,0.0511687992125984,0.0447093380905511,0.6306727149870954,0.5085814812154069,0.8137091835505785,0.6537294495061872,15.524521198213682,6.039963134760106,28.70875453444339,16.448727047916417,0.7078202499817211,0.616751935885764,0.7619252322201354,0.6995313050680726,6.286716126884717,4.428053651392502,7.002718710998486,5.99208094680359,1.2499998137227917,1.249848071821822,1.25023922299819,1.2717684370192708,-0.8307380120016982,-0.8866088769173663,-0.2295899678068262,326.9394101958456
latentB_K5_z64_n4000_s0,test_indist,20,latentB,64.0,5.0,4000.0,0.0,True,huber,False,1005361,0.0553523360543397,0.0483472271202381,0.0645639851204272,0.0560356483789637,0.0868419366463015,0.0781319608215632,0.1013839955519941,0.0888027463438508,0.4061422729864716,0.3317699491977691,0.5292316395090892,0.4255346972880215,0.0858542392467261,0.0772719384824155,0.0975770424649925,0.0868389767923804,0.6238365582722177,0.4536319837629738,0.755106401055807,0.6146539621239319,1.5511758139422889,1.196539640456795,1.885595214050764,1.5439678947378317,0.447810302839404,0.3730616695120436,0.5285453760401604,0.4494446190270619,0.10870361328125,0.083050537109375,0.139453125,0.1093991088867187,0.0,0.0,0.0,0.0,0.1161699198048041,0.0333518790068196,0.2274613414695284,0.1200052747092942,0.3795991086893616,0.3309405990204066,0.5445654794173139,0.4103934146728832,0.0500123031496063,0.0439929872047244,0.0568743848425196,0.0502408341535433,0.7158230751407535,0.567977470404976,0.8517586211878211,0.7102915895546205,12.37737118034694,5.47173770507676,22.978679087337063,13.49647356991381,0.6144164598907795,0.5001035201233172,0.7053440251657566,0.607268043829375,4.942438385329741,2.116274101093796,6.450218109683582,4.629420998764844,1.250008300164878,1.2498689725455503,1.2533043733875668,1.2816749446309046,-0.7912817849523729,-0.8858060397181687,0.2165937833289435,417.4729014278762
latentB_K5_z64_n4000_s0,test_indist,50,latentB,64.0,5.0,4000.0,0.0,True,huber,False,1005361,0.1196409935017583,0.1028887338489373,0.1416622932167086,0.1220674108020271,0.1735604034865127,0.1427820701547957,0.2537353997872936,0.1882452909095308,1.01748426258564,0.588668056577444,2.306821832060814,1.2807948677497187,0.1328283161961639,0.1156014094063579,0.158509329180552,0.1356316173769189,0.3775312394053456,0.2578100990467277,0.5213124330104462,0.3810707870818776,2.749101341164576,2.206036075992958,3.2378626766512832,2.738774494630912,1.096040915431202,0.9808470715430008,1.2126753370836372,1.0914950593460804,0.186859130859375,0.1525390625,0.227056884765625,0.1888458251953125,0.0,0.0,0.0,0.0,0.1344530366252421,0.0638113503395829,0.2658872371765715,0.1678343488986322,0.452044804706966,0.3528913462142733,0.6689516238229362,0.4893470342431686,0.0458753690944881,0.0399544783464566,0.0513994832677165,0.0457603346456692,0.7699933212819268,0.6015993701032326,0.9900119076274758,0.78545615407606,15.547903609603212,5.866924118263135,26.961803213976903,15.99008653800689,0.3227614000562668,0.2623631301552644,0.4163280950045683,0.3359256759989313,5.357188528089241,3.508706853624651,8.572494634893783,5.745149194733351,1.2499950333403935,1.249843831745201,1.2505173814562898,1.256321597896726,-0.8937100457862249,-0.9561134145978634,0.0245004838562624,230.00466772292847
latentB_K5_z64_n4000_s0,test_ood_terrain,1,latentB,64.0,5.0,4000.0,0.0,True,huber,False,1005361,0.0034287101718706,0.0017253435520555,0.005761208489725,0.0036266377393324,0.0174211453931638,0.0100126679432082,0.0260010946071643,0.0180138273280524,0.2101845871657133,0.1323728065937757,0.2865690514445305,0.2115822169941384,0.0650068593083291,0.0455039132347393,0.0837854432333261,0.0649584465101626,0.491685434664771,0.1635347788755426,3.825419663286721,8.126096307000122,0.0650603254364978,0.028149001558163,0.1178752274532598,0.0708240511557604,0.0213673530244136,0.0026429307521714,0.0386437421842324,0.0208898627437778,0.005462646484375,0.000244140625,0.01251220703125,0.005716552734375,0.0,0.0,0.0,0.0,0.3855783506643118,0.0230490808994871,0.9632672755740485,0.4743764983964043,0.6073690973401207,0.266671185954524,0.8403530062390739,0.5761715382118427,0.0234375,0.0100086122047244,0.0406988188976377,0.0252771284448818,0.5198591257884188,0.2726059428944514,2.400502199302525,5.283775804004211,46.12612980357811,21.372271521112506,66.87974802131917,45.55371208180418,0.7592695173217984,0.6256077304940437,0.8194214256045658,0.7343537184811373,6.27907425371747,3.6227438196915167,7.114219609583901,5.897811843066787,1.2500230086402055,1.2498978511822905,1.2680155621238598,1.293921712549931,-0.8353302096045128,-0.8992913956435161,-0.2581405971025943,0.7199946749472451
latentB_K5_z64_n4000_s0,test_ood_terrain,5,latentB,64.0,5.0,4000.0,0.0,True,huber,False,1005361,0.0164056993774577,0.0125473677116171,0.0212178669033639,0.0166986306433373,0.0416915560557179,0.0338526189703577,0.0523704703749676,0.0423088224848837,0.2882510535418987,0.2366303203627467,0.3775490015745163,0.2971058531690505,0.0693025482489256,0.058795846067432,0.0850380256654546,0.0707348785337463,0.5881540543817524,0.3599717912330401,1.1353747718693934,0.6979462298495217,0.3731553015034843,0.2319493214869754,0.4760365793229103,0.3615680940032317,0.1008988914072274,0.0645528707492306,0.1445038019305699,0.1043959025527175,0.0286865234375,0.013812255859375,0.044940185546875,0.0294589233398437,0.0,0.0,0.0,0.0,0.133211178744614,0.0240840933894221,0.3919425867284321,0.1783696273993847,0.4231958124303426,0.2862751731233816,0.5586635248901001,0.4204574597768784,0.0315729576771653,0.0248554379921259,0.0392101377952755,0.03205078125,0.5848979069254023,0.4116861887616048,0.8631172386957995,0.6344771816759981,22.80483438024612,8.749167985127345,38.66642253283956,23.137681030464424,0.6910706819423211,0.5388090219348832,0.7662743927225097,0.6695006338150137,6.317864403609478,3.808900323283362,7.134119664760092,5.914434458219493,1.2499938374559267,1.2496628331035973,1.2502551026324409,1.2609179663756631,-0.8404149237934089,-0.8943628434751282,0.3271206296025776,517.4527475124289
latentB_K5_z64_n4000_s0,test_ood_terrain,10,latentB,64.0,5.0,4000.0,0.0,True,huber,False,1005361,0.0306656835894325,0.024848625630973,0.0383680900783033,0.0311146980966589,0.0607361176403317,0.0514065291497871,0.071456527125673,0.060664851982273,0.3262585569173097,0.2726064141839742,0.4283396884799003,0.3439936900127213,0.075057148103305,0.0664177322948925,0.0856580081892962,0.0756748571747317,0.5836143326840247,0.3589894779395109,0.9141175988233718,0.6160136903945638,0.7253289384790698,0.4982067259273937,0.9022949571192678,0.7103567419285752,0.2104527742021105,0.1544927828125744,0.2715315272934141,0.2116904561956676,0.057403564453125,0.0357177734375,0.08531494140625,0.05856201171875,0.0,0.0,0.0,0.0,0.0989004211797008,0.0268851257194312,0.2528421600387467,0.122685861435045,0.3886837676246871,0.3016244595283283,0.4852319253009252,0.389042395852061,0.0412463090551181,0.0340797244094488,0.0489788385826771,0.0416547736220472,0.5954284051723566,0.4434997579573498,0.8121056895802461,0.6189464572793648,17.012919874640062,6.646565063086326,28.981295053970207,17.438484283553965,0.6504865650652507,0.5425318475290639,0.7408282960372735,0.6430824151066885,6.214432251985169,3.3070850293866587,7.100165459992422,5.727293122651624,1.2499928831479346,1.2498389050561372,1.2537062721609535,1.2762167283491688,-0.8430308572954384,-0.9019000421029284,0.1352529162382612,401.92020471076046
latentB_K5_z64_n4000_s0,test_ood_terrain,20,latentB,64.0,5.0,4000.0,0.0,True,huber,False,1005361,0.056687586291988,0.0474448956663684,0.0651259008809329,0.0566480012197009,0.0903781736368714,0.0768811285151568,0.1004645315275096,0.0895447826400377,0.414678044617176,0.3322891619056463,0.5215792700648307,0.4241780058853328,0.0887640936102535,0.0790014622718125,0.0990717424059722,0.0888273684756894,0.4986009309176557,0.266822644056785,0.7841769424637501,0.5241172659229966,1.2913168378357935,0.8639300270568876,1.6535490693755606,1.2763665945370537,0.4154705140619219,0.3284551426967697,0.5230842969430728,0.4200349182872749,0.097808837890625,0.062921142578125,0.145672607421875,0.1020809936523437,0.0,0.0,0.0,0.0,0.102245336495535,0.0387580745480982,0.19016260598205,0.1104850258013589,0.3809069663786448,0.2884247983860141,0.4366892318726927,0.3713977456556867,0.0494894192913385,0.0420736958661417,0.0562653789370078,0.0493122539370078,0.6297766879230053,0.4562594199985932,0.8381641171835362,0.6373928765496348,12.83062440463551,6.331686827327971,25.071777963445573,14.541707411048558,0.5492624250746998,0.418089986541716,0.6603593496637722,0.5377489165351966,3.27200396734055,1.5213864816550169,5.874570992860068,3.531265792258312,1.249993138916163,1.249706214872899,1.2504756109261208,1.2491341831539404,-0.7363127237384473,-0.8879508806862626,2.195521354421797,748.9275261665488
latentB_K5_z64_n4000_s0,test_ood_terrain,50,latentB,64.0,5.0,4000.0,0.0,True,huber,False,1005361,0.1215333598041312,0.103346469942127,0.1511383099778283,0.1248814398189841,0.1758145216267828,0.1437225482123998,0.2741789142814617,0.1988271570849902,1.1113614290952682,0.5998114071786403,2.5675970315933223,1.3929940279433504,0.1346628391342142,0.1168412849637601,0.1657003488662346,0.13872633692673,0.3296965549135447,0.2155090053389952,0.4740982694557635,0.3468633005069642,2.432635853418288,2.0281917438961687,2.96263628720799,2.4638500980009126,1.028206383151494,0.9048355777821644,1.182800914879725,1.0415476426453067,0.175018310546875,0.13768310546875,0.22208251953125,0.1788082885742187,0.0,0.0,0.0,0.0,0.1521686541711154,0.0752905899560785,0.3147659411805454,0.1875971895627433,0.4449833227440714,0.350246669531311,0.665165563821381,0.4853086213860089,0.0438914862204724,0.0384719488188976,0.0501845472440944,0.0440180548720472,0.7255155728566458,0.5844948368951055,0.9558806044576408,0.7586283749296018,18.22590752881306,7.817560808962292,30.137234286135783,18.82196078396445,0.3075209160071721,0.2546852500670112,0.3906694503482366,0.3180723539155319,6.356238196118424,2.850657268721704,9.059141733651444,6.270256178971054,1.249987555644296,1.2497624491187147,1.2514886379847314,1.2488011165940809,-0.8147143511915492,-0.9608196233485856,1.149441553934634,448.257804069512
latentB_K5_z64_n4000_s0,test_ood_soil,1,latentB,64.0,5.0,4000.0,0.0,True,huber,False,1005361,0.0033149478646765,0.0018316920779504,0.0062897945956152,0.0037311128042848,0.0188806416609522,0.0116367881135643,0.0294444792982952,0.0198271561918274,0.2392074299859814,0.1528270677081309,0.3220257634297013,0.2382998337569551,0.0748875608419108,0.0580885751796621,0.0958729269648836,0.076549716069488,0.6779450375216008,0.3517662449623364,3.339731164536038,34.59548021212494,0.0775556769773175,0.0366077763373979,0.1420574563842707,0.0830740748319009,0.0198493896744708,0.0055263089385144,0.0410738951928314,0.0216553876191861,0.0,0.0,0.0023437499999999,0.000758056640625,0.0,0.0,0.0,0.0,0.4509109229363671,0.0082297024948075,0.9824525276063752,0.4422821255140751,0.3566997958870309,0.2117413992053176,0.9247963587735624,0.5217061445378508,0.0172551673228346,0.0096825787401574,0.0402682086614173,0.021490372785433,0.5779701320729994,0.396589707217736,2.167265893627153,21.40929232040453,47.690282673710286,20.567080145106708,67.97190766084894,46.09825484733408,0.7751820981888795,0.650633216895158,0.8304261260477144,0.7508182543108017,6.363257077676089,4.445709097649017,7.11972398233283,6.094138018673424,1.2500068707379837,1.2499098320602602,1.2502381302196606,1.2542128959029244,-0.816022963289619,-0.8776910765052175,-0.3623750853614134,5.822411410045719
latentB_K5_z64_n4000_s0,test_ood_soil,5,latentB,64.0,5.0,4000.0,0.0,True,huber,False,1005361,0.0169780168384673,0.0131392996989225,0.0224186730743458,0.0173706903924468,0.046456557172972,0.0380955402354979,0.0557962745022783,0.0463425474356393,0.3132809475064277,0.2610472616215702,0.3956208139657974,0.322072554997394,0.0829626906551316,0.0723558434123645,0.0977743987642598,0.0839670139457368,0.6432095536037135,0.4260527735330133,0.8731020851175469,0.6775553267243994,0.3993832369155473,0.2671450460039305,0.5269233783651274,0.3980129466195021,0.1135280685909801,0.0705081338730141,0.1508085406441289,0.111965008699151,0.00360107421875,0.0,0.015203857421875,0.0057919311523437,0.0,0.0,0.0,0.0,0.1526334573099609,0.0105184313467558,0.5801068724130852,0.2360437585320187,0.2803644632487766,0.2229294156016161,0.7253204208585294,0.4089374343735967,0.0331416092519685,0.0279865895669291,0.0406619094488188,0.0337778358759842,0.5839414694726586,0.4370354803761017,0.7439177696468376,0.6011208977344432,18.96931776314085,6.916481747759546,37.41700760939123,20.81706482624034,0.7425306991317824,0.6180392564011777,0.8003975426598808,0.7224755963625279,6.3020146437828295,4.181877078605281,7.042879471030223,6.006148642445847,1.2500119817066329,1.249900029291368,1.2705537654966874,1.273914804572352,-0.8305419598123527,-0.8895042025963911,-0.4532024469411863,98.03048213362388
latentB_K5_z64_n4000_s0,test_ood_soil,10,latentB,64.0,5.0,4000.0,0.0,True,huber,False,1005361,0.0316540464432325,0.0258701563689953,0.0380198479810943,0.03198886577933,0.0655103516018972,0.0551691020658737,0.0750472230645138,0.0652657843486164,0.3586675636470318,0.2961872695479542,0.4580834284424782,0.367709098651394,0.0876236074142788,0.0772834475765435,0.1002459379551491,0.0887536896756796,0.6515620546076939,0.431904005047859,0.8391373994194455,0.6446702437705331,0.7803551401733448,0.5589034065046801,0.987812518990737,0.7802076316303734,0.2188457310724836,0.1671073262968172,0.2775545604413493,0.2214444997392265,0.011444091796875,0.00194091796875,0.025823974609375,0.0128781127929687,0.0,0.0,0.0,0.0,0.1342342556876875,0.0121990840761751,0.3524903407968824,0.1524054982896654,0.2703330034358063,0.2261490633919047,0.6199513415747181,0.3659427632073584,0.0470287893700787,0.0409971702755905,0.055367249015748,0.0477608267716535,0.6020134526946661,0.4740132539703741,0.7454215416709414,0.606283068768743,14.38162354796346,5.89033293372472,25.415774467201828,15.171932319672557,0.7149495895759927,0.610718004042577,0.7775369705039806,0.704589502626714,6.284398464097232,3.73503442122917,7.057904056071259,5.897984468082169,1.2500014280337814,1.2498934549915592,1.250213759172956,1.251839727630936,-0.8359846797515215,-0.8977994044672947,-0.3282520336452501,86.7097764038911
latentB_K5_z64_n4000_s0,test_ood_soil,20,latentB,64.0,5.0,4000.0,0.0,True,huber,False,1005361,0.0597606876044032,0.0515588017451254,0.069483990430722,0.0600482069882979,0.0976240329967289,0.0860791163804052,0.1123509956114059,0.098171618919438,0.4540307074785232,0.3776276588439941,0.5664379894733429,0.4657238297609001,0.1033184609925063,0.0911441828641878,0.1186745622353667,0.1040884841540639,0.6099320889300128,0.3585954094353213,0.7595058500593583,0.5762131965334654,1.4763769942693536,1.052740138548892,1.868340890734914,1.460863814409521,0.4430221046692528,0.3650225155418991,0.5202275061187442,0.4443904568975089,0.028594970703125,0.01201171875,0.050714111328125,0.0307693481445312,0.0,0.0,0.0,0.0,0.103745007978703,0.0167889576930076,0.218538328734176,0.1058215364277358,0.2760610420193714,0.2400035958913143,0.5111120482500285,0.3368514569291807,0.0571635088582677,0.0492064468503937,0.063837967519685,0.0566819943405511,0.6420907305064136,0.4824269783915034,0.7752180750350265,0.6338577438391833,11.557949275953687,4.401212052845692,21.03329827157991,12.415387050175008,0.6252287118544314,0.4557127979438934,0.7238758689576434,0.607123401980772,4.489982403307184,1.8944301935245864,6.408801087831428,4.317721408974677,1.2500000054270444,1.2498715564563814,1.2502515769788742,1.2622456690983646,-0.7814051938601001,-0.8881488877612463,0.0725792887379459,547.3350125252241
latentB_K5_z64_n4000_s0,test_ood_soil,50,latentB,64.0,5.0,4000.0,0.0,True,huber,False,1005361,0.131849961176956,0.1138189730836113,0.1586853247866226,0.1339804339411176,0.1838911161372984,0.1584850029100754,0.2752456795730066,0.2025770960378101,0.9804477989673616,0.6210051741451025,2.434711571782828,1.2744505665970791,0.1527538720410418,0.1331209673072073,0.1788644729287198,0.1550901093684771,0.3551285194962192,0.2085271493708218,0.4832362582800477,0.3518728268653597,2.6803780743801893,2.052215536264314,3.2667938891718302,2.6581936869338474,1.110562001958804,0.9820759707270278,1.2292357936885374,1.1093453293969409,0.08172607421875,0.0538818359375,0.1243103027343749,0.0860870361328125,0.0,0.0,0.0,0.0,0.0980654998231208,0.0312655899941643,0.1907312163828977,0.1075548393827593,0.3212104849153649,0.2389278907560705,0.52212504343261,0.3574860493500768,0.050658218503937,0.0443220964566929,0.0568159448818897,0.0508542999507874,0.6634445190743861,0.498348183320885,0.8525794707102807,0.6769391561107849,14.102405186830325,5.293850919127362,25.27847341640403,14.976564299145023,0.3187092853395586,0.2569791307756716,0.4182777030210867,0.3274930664800585,5.203098585845478,3.086303629172662,8.270684142531993,5.606273856354124,1.249992420272248,1.2498554879596488,1.2502758607369406,1.2525011748801482,-0.8833300996604765,-0.9604149084087756,0.4268891096610066,92.26253722602542
latentB_K5_z64_n4000_s0,test_ood_both,1,latentB,64.0,5.0,4000.0,0.0,True,huber,False,1005361,0.0035627217941631,0.0015486169998032,0.0066659445021415,0.0038719015358971,0.0200638594410128,0.0095474849380583,0.0314146090231838,0.0202027756113927,0.2419279422610998,0.1465103469789028,0.3349353730678558,0.2417861278404598,0.0765373796928021,0.0492811495840727,0.1089649290886363,0.0782260674702495,0.5284229621204184,0.1451109512056292,4.8234339819410055,338.74637545392835,0.0635718317737064,0.0266385274985114,0.1127923753578452,0.0680121075637565,0.0204644613948054,0.0018050370709681,0.0416533222468132,0.0205519567056456,0.0,0.0,0.0032470703124999,0.0011578369140625,0.0,0.0,0.0,0.0,0.3316594921631277,0.0174977662798927,0.9669233807411436,0.752650587517644,0.5071965615132581,0.1920956820432368,0.7936076298913584,0.547861020444338,0.0218996062992125,0.0104392224409448,0.0403328001968503,0.0244538939468503,0.500925475803347,0.2760936566928938,3.041528117995441,166.43458542788227,48.74508668572783,23.068365400213267,68.71789791883916,46.52407129985831,0.7671399636095265,0.6073467611573485,0.8207345533666143,0.7306759612364137,6.195830181787413,3.048506951138372,6.965504895928999,5.677618496328507,1.2500108724059755,1.2498757335534123,1.2505467971663515,1.2556109351503777,-0.8339113663539204,-0.9058881481488684,0.0522919463187458,39.715909375211005
latentB_K5_z64_n4000_s0,test_ood_both,5,latentB,64.0,5.0,4000.0,0.0,True,huber,False,1005361,0.0170087981105622,0.0128821938359745,0.0222457566858985,0.0173215472365267,0.0471928592862618,0.0375498762326926,0.0578896204707606,0.047115590544917,0.3319684285670519,0.2771392468363046,0.419798931479454,0.3398379988456145,0.0875074085829691,0.0733242744858031,0.1031402998373846,0.088597840675189,0.6085257522612013,0.3311312554912773,1.0759249298869704,0.6938081500282327,0.3490919322089486,0.2309856078921112,0.4692483201412506,0.3445560144890593,0.102175300249489,0.0620127580033893,0.1397973467990698,0.1004353728212894,0.00286865234375,0.0,0.0181762695312499,0.006031494140625,0.0,0.0,0.0,0.0,0.0969585556417569,0.0145921622058778,0.4148886578822204,0.1669955237582836,0.3374258806209926,0.2105092111254365,0.4946833022636356,0.3417116692457989,0.0320189468503937,0.0242002952755905,0.040668061023622,0.0325481360728346,0.5562364791355565,0.3827766065791083,0.862865187520504,0.6166125334497006,23.825489065681616,8.430138636286292,41.65040406720234,24.89934210650449,0.6830913662316649,0.5157555508087677,0.7777156668662997,0.6640850791657951,6.267794211088033,3.737129358622697,7.007345160174318,5.819677412499735,1.2499942679252896,1.249676633863711,1.2516613153160048,1.257739657386812,-0.8220249548597613,-0.9036088337431862,5.522241957518625,714.1855392934388
latentB_K5_z64_n4000_s0,test_ood_both,10,latentB,64.0,5.0,4000.0,0.0,True,huber,False,1005361,0.0318128984618812,0.0259740150492832,0.0384567094779542,0.032339332872076,0.066259358453828,0.0565306647895779,0.0766729722178877,0.0667756275120977,0.3752385191619396,0.3101322516798973,0.4880314037203788,0.385387980270898,0.0913993690812774,0.080588928410307,0.1047771716789381,0.0926977242561809,0.6064370276496359,0.3465100533918846,0.979603019122648,0.6382712742402332,0.7009863979251988,0.4914169838882664,0.8916023486288506,0.6934323722144613,0.2031365261881519,0.1463365636823937,0.253245817933636,0.202969351822928,0.011016845703125,0.002197265625,0.033221435546875,0.0142672729492187,0.0,0.0,0.0,0.0,0.0613263973168524,0.0193688008316085,0.2382317196453402,0.1020804878147882,0.304854459921391,0.220426420858017,0.4003012313748359,0.305678896121532,0.0450602854330708,0.0357006643700787,0.0522699311023622,0.0444712721456692,0.5688797621944688,0.4248572170626323,0.8145378052845393,0.610439638696145,16.72367429369077,5.896384592441398,28.533837424256426,17.232426290474436,0.6498330701186018,0.4889815082425363,0.7558057963643093,0.6363943465976669,6.031946004938905,3.287229921499183,7.060570375677658,5.656651933739292,1.2499928367875677,1.24972794484327,1.2502285086119476,1.2697885564936484,-0.831331922243662,-0.9016614501797782,2.513870325377782,629.4944248957837
latentB_K5_z64_n4000_s0,test_ood_both,20,latentB,64.0,5.0,4000.0,0.0,True,huber,False,1005361,0.0605831897056018,0.0518471895111049,0.0714576697529076,0.0608433475607678,0.0995861430522155,0.0866194432026312,0.113694542815286,0.099857846185323,0.4664335716515779,0.3897354522719979,0.5787839217111468,0.4793726034264546,0.1066249542603225,0.0955230655889501,0.1197165645126349,0.1072130118558697,0.5218362601554407,0.2902601733579474,0.7889901174534862,0.5330054215415077,1.311657898597896,0.8538539894950993,1.6940566081703203,1.286004319150614,0.420311699092146,0.3348320735125613,0.5081415400319403,0.4173470080982215,0.029632568359375,0.011566162109375,0.058843994140625,0.03266845703125,0.0,0.0,0.0,0.0,0.0649958006792992,0.0231914434074436,0.1664712314998087,0.0794730957086875,0.2822568796128964,0.2111815051646795,0.3421354909946636,0.2815288927176825,0.053580216535433,0.0451833169291338,0.0618202509842519,0.0535589936023622,0.5951521026602843,0.4204321145136207,0.7865427970725233,0.6038025698373805,12.781127096414387,4.19171336075937,23.12636199485336,13.585069412880635,0.5486008781762908,0.4202629204328166,0.6837791104035211,0.5477513485806634,3.777280505695881,1.4983303091438718,5.944400345231982,3.740871094202696,1.249990378814301,1.249807678730002,1.2505803679732432,1.2555312286182514,-0.7828588647398679,-0.9016049905438196,2.526347349594783,217.9675613840633
latentB_K5_z64_n4000_s0,test_ood_both,50,latentB,64.0,5.0,4000.0,0.0,True,huber,False,1005361,0.1303654821358505,0.1120468195422953,0.1626278154441426,0.1357176017453913,0.1925779672090938,0.1583153476984308,0.3161977760722601,0.2165761822599274,1.1312590185552835,0.6549161776900292,2.829048806428909,1.435122917618719,0.1531779510319484,0.1349359024179749,0.1889827868836615,0.1587525848869957,0.3373084613146201,0.2218178602782084,0.5239710158255986,0.3682345613139066,2.493548408521802,1.973045362324427,3.0879004393376643,2.536073535658632,1.039879687861482,0.8673013813749686,1.177894512124868,1.0383263038896045,0.092498779296875,0.05206298828125,0.12833251953125,0.0925375366210937,0.0,0.0,0.0,0.0,0.0818162267330419,0.0361390957498781,0.1669557272608983,0.1024046070788768,0.3257091638261553,0.2482482083800777,0.4737560570634247,0.3502248867669166,0.0497354822834645,0.0434208907480314,0.0553734005905511,0.0496321358267716,0.6522398065256052,0.5254135626108702,0.9271130821146032,0.6966193341644318,14.5191093993376,6.655018288420735,27.57932522601969,15.675782991902102,0.3108211259777278,0.2548576353960307,0.4084250190702864,0.3220150280451535,5.986413786056751,3.0382835622020727,9.440885982573723,6.330356128200378,1.2500093969271058,1.2498308210023774,1.2508207977989283,1.2573624860006452,-0.8264154762422655,-0.9572789845564604,1.464446111256504,486.5619045332714
latentB_K5_z64_n4000_s0,test_ood_policy,1,latentB,64.0,5.0,4000.0,0.0,True,huber,False,1005361,0.0033871248292824,0.0017291208298002,0.0061742049443643,0.0036742275262256,0.0171678723638919,0.0104670350945458,0.0276405880288289,0.0183093271186767,0.2190922442823648,0.1410371098201722,0.2982288503713789,0.2200224552702639,0.060863031856228,0.0445005175115175,0.0814839000525958,0.0620180007536604,0.553846640620871,0.2675399555652994,1.2486914262609865,5.555794451101955,0.0737403283573248,0.0312686718444092,0.1315241806604903,0.0774376004189564,0.02110746592398,0.0064405436262123,0.0418943340042562,0.022968823242018,0.00518798828125,0.0,0.010626220703125,0.00522216796875,0.0,0.0,0.0,0.0,0.4095473046722259,0.0083236913964342,0.966258501220558,0.4319258887643176,0.4019379584992351,0.2745417246196482,0.9052806472852982,0.5361458003584156,0.0206077755905511,0.0106729822834645,0.0398745078740157,0.0232077386811023,0.4997244618640788,0.3510349275976797,0.9938529810727412,3.547734229008868,46.02769865298538,17.58772990790601,65.23637364713174,44.38143506520417,0.7723503830821286,0.681487950140473,0.813240765812746,0.7568679356495107,6.38305501240329,3.77553550735384,7.082573603432299,5.9260663317026685,1.250012142449013,1.2498967710844382,1.2501970030020315,1.2606055599040866,-0.8400988397573317,-0.8896390264667051,-0.6087317082732273,0.0823877759631044
latentB_K5_z64_n4000_s0,test_ood_policy,5,latentB,64.0,5.0,4000.0,0.0,True,huber,False,1005361,0.0160112790572158,0.0115415265762253,0.0206502554349897,0.0160041532262714,0.0412552075519895,0.0325863618865242,0.0502869123802995,0.0413365131762136,0.2937435981584713,0.2362271141260862,0.3430031903088092,0.2932492544117758,0.0665350827858883,0.0559054825044842,0.0785405964359706,0.0670546810999238,0.5696407147192555,0.3511257670340286,0.8369509134787791,0.5952705750084085,0.3566440430687908,0.2218387898160618,0.4803449487684374,0.3571151884593347,0.1098967584389116,0.0719777747427219,0.1435255137305355,0.1085580779879448,0.02484130859375,0.010906982421875,0.036334228515625,0.02413330078125,0.0,0.0,0.0,0.0,0.1297312972883652,0.0196198275082023,0.508139178689649,0.2165180479088011,0.3549943001180244,0.2890841115424701,0.6907970907994919,0.435864875980461,0.0347102608267716,0.0276790108267716,0.0418737696850393,0.0348688176673228,0.5507028437437287,0.4147552893861698,0.7236284440187053,0.5638207735660606,20.756213102586955,8.146510144479745,37.26693015241652,21.834004986803624,0.7297818801696647,0.5894534954003903,0.7735398680104658,0.700861155752514,6.28193187176781,3.2109683581215784,7.091445512824544,5.777714501490088,1.249995634516766,1.2498060369190842,1.2502947076085342,1.2736967456720958,-0.8403229443330477,-0.9065440606500736,-0.2422382772334151,3.092203736937217
latentB_K5_z64_n4000_s0,test_ood_policy,10,latentB,64.0,5.0,4000.0,0.0,True,huber,False,1005361,0.029791412867964,0.023215100566587,0.0368668539520957,0.0298526906821989,0.0588404831609976,0.0484632133509426,0.0690047793464154,0.058864574311227,0.3205550796119496,0.2664602882228791,0.3988886358216404,0.327752427738269,0.07281824199558,0.0626671803544551,0.0824975465072425,0.07247922963396,0.5492002880679885,0.3774772386148077,0.7186592874346146,0.5522059355886619,0.6877750811618473,0.516285171138281,0.8785863674740013,0.6933420992608881,0.2181917027708172,0.1591508028371648,0.27435567471707,0.2187431154912909,0.048309326171875,0.0317138671875,0.06552734375,0.0479421997070312,0.0,0.0,0.0,0.0,0.105670156026207,0.0260725075971484,0.3160265326187348,0.150119806486016,0.3477961932297807,0.3018178702964234,0.591526585847407,0.4032646659755145,0.044675812007874,0.0381397637795275,0.0509719488188976,0.0444352854330708,0.5684300213175044,0.4351191126422776,0.7118089752560607,0.5738320228400778,15.206091101972016,5.77682592600292,27.58835261116834,15.98512309477766,0.689406629890386,0.581234378416288,0.7538801806393911,0.6749782454748717,6.24250955641819,3.05102134971813,7.085093817684516,5.652568970118916,1.2500016946062034,1.2498487993332512,1.2510752473806714,1.2681920626312682,-0.8508042689087885,-0.9082631481994788,-0.3967867329431779,75.55564792688851
latentB_K5_z64_n4000_s0,test_ood_policy,20,latentB,64.0,5.0,4000.0,0.0,True,huber,False,1005361,0.0532548485910973,0.0448655327966466,0.0652785397849935,0.0544387408650197,0.0855195055647177,0.0738037509126867,0.1026482018754043,0.0873694784719236,0.4059641463682055,0.3228251016698777,0.526834917999804,0.4287061461742268,0.0842854690107485,0.0748034482672088,0.0981334055993984,0.0856064021027515,0.5044671105343437,0.3488807031321038,0.6424520840400998,0.4938892594061116,1.2814841204887224,0.9534620929324568,1.5875204437343462,1.2848966127107446,0.4315302132142306,0.3583595310337108,0.5163502766908299,0.4343786913727339,0.091766357421875,0.06309814453125,0.117315673828125,0.0910635375976562,0.0,0.0,0.0,0.0,0.1051243241903954,0.0324978570068535,0.2129662646436385,0.1144473039208762,0.3605378037461347,0.3118689579918799,0.52003928563167,0.3884395062195402,0.0510273129921259,0.043156373031496,0.0585168553149606,0.0509459584153543,0.6272326246951236,0.4901872249175852,0.7543925062064849,0.6217696304072273,11.47491350949151,4.608215509585783,21.64892438272656,12.69291067739249,0.597977374911211,0.4462719152684142,0.6810878340934909,0.5775479161413657,4.410265529913737,1.893484442678538,6.381499875830907,4.288143796499939,1.24999799979807,1.249829169149674,1.2506027689563883,1.2690949419445725,-0.7988852075710098,-0.8867866241963036,0.1404718054178077,24.86204122189529
latentB_K5_z64_n4000_s0,test_ood_policy,50,latentB,64.0,5.0,4000.0,0.0,True,huber,False,1005361,0.1174443202453128,0.1015461370045286,0.143274232428795,0.1208884059828903,0.1680030497282697,0.1404773510218641,0.2514844728265387,0.1835849299800626,1.0055199153721333,0.5909037619829178,2.033956179767847,1.1801010204978957,0.1321485218999521,0.1149370248294265,0.157297009016356,0.134364140515111,0.316843294305048,0.1996332954908255,0.4700293441777776,0.3302627210062231,2.529865100140105,1.967214665179757,3.021327564065728,2.4997547487467067,1.0826046159693217,0.9583313820157155,1.2103589532106651,1.084531504513676,0.173614501953125,0.133929443359375,0.2113586425781249,0.1725299072265625,0.0,0.0,0.0,0.0,0.1405448022708352,0.0605332670164559,0.264864580979915,0.1620209383317202,0.428868869915991,0.3302902723840453,0.6285077803795102,0.4599465882448648,0.0461214320866141,0.0406188484251968,0.0512426181102362,0.0459273499015747,0.7185772537236417,0.5542999623614074,0.9243653692485008,0.7258633581514425,14.669984809834498,6.465772717880858,25.51737487543866,15.218015375024695,0.3236721671071337,0.2450209702725408,0.423119738140092,0.3278361863835762,5.341114379456744,3.0689807250803747,9.69590394296834,6.077225049619999,1.2499908703823503,1.249814260421415,1.2504652539549863,1.260234992512451,-0.8778380583482934,-0.9677525230937344,0.4339628027332923,220.2054058838154
latentB_K5_z64_n4000_s0,dev,1,latentB,64.0,5.0,4000.0,0.0,True,huber,False,1005361,0.0032752992960776,0.0018097001225909,0.0060022870745757,0.0036295007396626,0.0175382803438637,0.0105535708177934,0.0269531163009657,0.0180677120588623,0.2068044877960346,0.1312950319144875,0.2885773211717605,0.209687805978283,0.0575915646435951,0.0424793377811342,0.0765108820415114,0.0592227913568118,0.6341109753997703,0.3517172218540765,1.500801847805763,1.232138608374742,0.0781542909916912,0.0429692003079542,0.1407291006431259,0.0857838690757947,0.0218445640953321,0.0075959349102759,0.0421000150788292,0.0235896654740569,0.0054931640625,0.00047607421875,0.01275634765625,0.0061093139648437,0.0,0.0,0.0,0.0,0.3862444451965581,0.0140702195633544,0.9673683129334618,0.4288307978329254,0.4217919167589917,0.311363803861804,0.8942386141701252,0.5506644483318588,0.0196081446850393,0.0108852116141732,0.0376599409448818,0.0223422121062992,0.5470047582713101,0.3806137607603831,1.3523190612794718,0.9459399077108332,44.360007709418646,18.31989367771164,66.18962976645975,43.33759041481566,0.7790646971213647,0.6670022002979685,0.8180784469518243,0.7633320722810292,6.552366271955021,5.2122171445672585,7.194416584509474,6.306238778160502,1.250005231145232,1.2498844773671345,1.2507609344334198,1.269469611652574,-0.8308265719252085,-0.8774397360028315,-0.5369321829396918,-0.6916422511175413
latentB_K5_z64_n4000_s0,dev,5,latentB,64.0,5.0,4000.0,0.0,True,huber,False,1005361,0.0164204719607237,0.0122786555640693,0.0211457232728355,0.0167042508494308,0.0422778004881563,0.0330444630147944,0.0511615094880337,0.0425369622385361,0.2901583283673972,0.2406117185950279,0.3613805338740348,0.2946113231198706,0.0664095922259218,0.056583251576912,0.0789827506487449,0.0671998726187775,0.652748570626918,0.4642167461364783,1.0032489818829344,0.6929713232154349,0.4259521674931057,0.2977208978298259,0.5397683550564136,0.4203732500725434,0.1132800734973976,0.0749802423885683,0.1566217634192744,0.1152673958083761,0.029296875,0.017681884765625,0.041082763671875,0.0295718383789062,0.0,0.0,0.0,0.0,0.1822976148941323,0.0252392970493195,0.5013076463133074,0.2174516319620804,0.3594432219635053,0.3100521064636243,0.704357698547897,0.4516632524831733,0.0338490403543307,0.028660187007874,0.0389548474409448,0.0340895669291338,0.6018981948038342,0.4738271123358464,0.8024004692615028,0.616580854460038,19.31486665822733,7.690298628948761,35.13385856608089,21.052923655183864,0.7329862209243445,0.6108782821134944,0.7885933480414192,0.7146313410828969,6.497402240657697,4.3802128515861325,7.142757636649279,6.210124540895626,1.2499999976432157,1.2498831359292468,1.2540229853992797,1.270415951362274,-0.8403332563428688,-0.8840455135992447,-0.3543498986092298,-0.3506608754156797
latentB_K5_z64_n4000_s0,dev,10,latentB,64.0,5.0,4000.0,0.0,True,huber,False,1005361,0.0301051008086326,0.024979722061881,0.0353863801040908,0.0302233024722444,0.0596223169991342,0.0508629552470155,0.0672147796242778,0.0594430753551169,0.3209550678730011,0.2713468242436647,0.4267957702279091,0.3380597891214711,0.0714572425062802,0.0632242969418215,0.0801655944488288,0.071929908356486,0.6640302052362694,0.4903722599995044,0.8287008279209276,0.6636015742169815,0.7970629519672862,0.6277613539491502,0.97913363339153,0.8053980375241818,0.225190481683066,0.1678705975252251,0.2804151299988031,0.2246340534690086,0.056732177734375,0.03819580078125,0.075750732421875,0.0570489501953125,0.0,0.0,0.0,0.0,0.1350419943316711,0.0312793157238003,0.3144737797556034,0.1559399299409934,0.362778762155731,0.3159614350811686,0.6017386636556463,0.4206883074406635,0.0454293799212598,0.0389087106299212,0.0511257381889763,0.0451477915846456,0.6382921768028931,0.4950582690070359,0.7760177452481982,0.6401155947590129,15.018147793061384,5.2159611789999465,26.92477454190284,15.879445756595578,0.707599804638405,0.6008207718643025,0.7655577953305347,0.691607988715916,6.346388205425932,4.079755141776448,7.023086052766287,5.899482081049055,1.249994739270384,1.2497751955074996,1.2502018241196349,1.2562631908684805,-0.8330529925851791,-0.8942776079289643,-0.0316998256484499,60.65910174799389
latentB_K5_z64_n4000_s0,dev,20,latentB,64.0,5.0,4000.0,0.0,True,huber,False,1005361,0.0550710771507394,0.0476279017097606,0.0648804526321045,0.0557980435138964,0.08809907121954,0.0770683754462595,0.1009036183901318,0.0886504526985122,0.4205058291554451,0.3353937670588493,0.5346126422286034,0.4260688782714715,0.0856159570846965,0.0769487650747391,0.0962165687283143,0.0861963741575778,0.6104390653745643,0.4301202344679544,0.7467186395080535,0.6012806444648054,1.5305715951553869,1.1877597628528076,1.8448756258770749,1.513275778681191,0.4466115031552905,0.3662586300565452,0.5282391588728904,0.4466951176902816,0.10650634765625,0.07906494140625,0.133404541015625,0.1068505859375,0.0,0.0,0.0,0.0,0.1162560365654047,0.0342708385084151,0.2181238908798905,0.1201408971974353,0.3775733756962643,0.3245711884408156,0.5292384037814253,0.4055124853217072,0.0506889763779527,0.0456569881889763,0.0585691437007874,0.0512884473425196,0.6904426169445396,0.5530789876441066,0.8280540885769937,0.6919283900816455,12.153338671033035,3.7236430911058576,22.06438098123417,13.168315432961904,0.6151820451512793,0.48849237220621,0.7001434606728528,0.6023843812081043,4.455230348785583,2.163981694131808,6.246485006424475,4.333177017457336,1.2499960258597715,1.2497865353476474,1.2587517316862993,1.2476529358976864,-0.7797636470428921,-0.8859713707515474,0.2865928351964694,336.46685481851785
latentB_K5_z64_n4000_s0,dev,50,latentB,64.0,5.0,4000.0,0.0,True,huber,False,1005361,0.1200420124846604,0.1037398432129937,0.1399291725820765,0.1220079567615658,0.1723369710903995,0.1453959353254643,0.253568349659263,0.1886931072415808,1.0406860783696177,0.5811036741244606,2.537757015228272,1.2951231142730102,0.1342353888889229,0.1176722462485229,0.1565088269210225,0.1357202137452383,0.3576262967931274,0.249472720227465,0.5004032596894287,0.3693594029658327,2.6994062453380447,2.2120351223089307,3.210456163579349,2.6877414812691187,1.1116152041942031,0.9547110988441592,1.2188865735595171,1.093524718750048,0.186431884765625,0.150140380859375,0.21634521484375,0.1843234252929687,0.0,0.0,0.0,0.0,0.1412059132716074,0.0684712416845668,0.2431635098127302,0.1648094511530123,0.4518301065012063,0.3391935599508437,0.6799759755648733,0.4863437190542347,0.0461983267716535,0.0396438238188976,0.0515655757874015,0.0459479576771653,0.7607140857104281,0.5808148407667437,0.9624166718495354,0.7765246716711774,15.035376343974962,6.478789053296745,25.16506744922044,15.694823069815287,0.3197448014351116,0.256645606976352,0.401275615375895,0.3264178454044195,5.541005069969079,3.269990862319657,9.171369154123015,5.93985042185411,1.250005576894611,1.2498430082513188,1.253207871783056,1.2634849762490243,-0.8638757463684352,-0.960974547346179,0.7632845993328413,169.76085298927606
latentB_K5_z64_n6000_s0,test_indist,1,latentB,64.0,5.0,6000.0,0.0,True,huber,False,1005361,0.0035700627690345,0.0017621812430262,0.0057231352975837,0.0036354600324772,0.0177167352237572,0.010116448706642,0.0257665780521902,0.0181248754702511,0.2182801980525255,0.142999174632132,0.290332881885115,0.2139082712135586,0.0592683006690758,0.0448782555518067,0.0778396953633792,0.0609305087157031,0.6611181601856121,0.3597410653004366,1.9788146292357487,1.1916265258468126,0.0847402712158691,0.0352000909639497,0.1442749446153773,0.0903320989259229,0.0225851723149266,0.0073836986326416,0.0428068144950721,0.0234379799722542,0.00775146484375,0.001708984375,0.013671875,0.0079904174804687,0.0,0.0,0.0,0.0,0.4221083657635557,0.0086306153747333,0.959541627699411,0.4447853357512493,0.4749058101557576,0.3293278499071347,0.9137938869318324,0.5794753973772758,0.0210691437007874,0.013099778543307,0.0339966781496063,0.0233149298720472,0.5804587000152521,0.4385509802421137,1.63073038408857,0.9945338672481976,45.17730874372244,22.442789834380783,68.17473997181847,45.09431359100656,0.7730886912469703,0.682091461403557,0.816929481274885,0.7599281992425448,5.685558331806549,3.834163501872773,6.828114586948228,5.586374816959044,1.2500006802695327,1.2498957639265935,1.2502986310399689,1.272544343722919,-0.7965687459537256,-0.8594999102502677,-0.3652775286148612,-0.6307220748191708
latentB_K5_z64_n6000_s0,test_indist,5,latentB,64.0,5.0,6000.0,0.0,True,huber,False,1005361,0.0161451462078834,0.0118913529320482,0.0212736281813103,0.0164211876536097,0.0411417006412465,0.0326429125610497,0.0507169234131133,0.0414597909556822,0.285831362940371,0.240350392460823,0.3421520326286554,0.2899551085318216,0.0647087932330581,0.0547025989658982,0.0756563792553245,0.065236442780334,0.6926955637033326,0.4612674143886555,0.94556151573101,0.7272280606878715,0.4155436526650704,0.3008247245027983,0.5389042157449417,0.421546770849213,0.1161941484272974,0.0732166856678641,0.1498565380190817,0.1134662468135757,0.038116455078125,0.02440185546875,0.051336669921875,0.038236083984375,0.0,0.0,0.0,0.0,0.1469891016458887,0.0174459580923472,0.483626516757513,0.2168065076912022,0.3991131252411037,0.3374571920700813,0.7354618033664602,0.4782607040902216,0.0325110728346456,0.0262949064960629,0.0388625738188976,0.032169968011811,0.6237119797761161,0.4847568348476051,0.889542015560781,0.6679581113392399,22.345623379025227,6.567844123460578,37.29891369953511,22.21633507915616,0.7421762688031921,0.6334077161672149,0.7930049420207009,0.7262650498289619,5.583557337650796,4.101977232392973,6.613835935215112,5.417164966641208,1.2500014525536995,1.2498814129537947,1.251048303104366,1.2580309278146518,-0.8053509292675881,-0.8672252978117511,-0.3166096663843648,278.278876502382
latentB_K5_z64_n6000_s0,test_indist,10,latentB,64.0,5.0,6000.0,0.0,True,huber,False,1005361,0.029499026817356,0.0245872341256532,0.0360568339959843,0.0298346747481609,0.0583004328288012,0.0499223328788531,0.0681117232060207,0.0585966271753884,0.3277890989556908,0.2757535122334957,0.4221543155610561,0.3400119580001637,0.0698740158451632,0.0622950723275939,0.0802012631915467,0.0704266787334327,0.6613865677070485,0.5183016107164602,0.8619604034966785,0.6774799053506467,0.8007995199224025,0.6464217761443981,0.9989801624298073,0.8226645145531832,0.2249067511155231,0.1718731234301999,0.2844905387959079,0.2252573724484335,0.0728759765625,0.05380859375,0.094366455078125,0.07309814453125,0.0,0.0,0.0,0.0,0.1291020511331334,0.0250985364043485,0.3095328966243718,0.1488082886426433,0.3985946895832856,0.3523895826365396,0.6206658418335329,0.4480947945662884,0.0422151820866141,0.0358544537401574,0.0474009596456692,0.0417341289370078,0.6632824162822915,0.5555312896320419,0.8363740787123004,0.6853188830744594,15.300712059570172,5.737771766542393,28.14649683777392,16.324953760605965,0.7147182073969831,0.6368083610254722,0.7664315425590476,0.7052780279056375,5.247172133083779,3.822144557223752,6.514484342175366,5.221598612882685,1.2499998137227917,1.249848071821822,1.25023922299819,1.2717684370192708,-0.7965119427655489,-0.8721368436722209,-0.0108287631183867,365.471723314568
latentB_K5_z64_n6000_s0,test_indist,20,latentB,64.0,5.0,6000.0,0.0,True,huber,False,1005361,0.0545670319758279,0.0480483353054238,0.0623165581481274,0.055181149450847,0.0863257399728778,0.0783173743301756,0.0977829929422339,0.0874685580487999,0.4117117300629616,0.3466569028794765,0.5289433397352695,0.4262750122882426,0.0844153749154268,0.0761600156206178,0.0954455088816529,0.0851545271918079,0.6278383413366346,0.479992753727644,0.7607102015499253,0.6209530354465692,1.5618678511496618,1.2413281601187147,1.852935409920224,1.5535011513896944,0.447810302839404,0.3730616695120436,0.5285453760401604,0.4494446190270619,0.13323974609375,0.099664306640625,0.16168212890625,0.1321078491210937,0.0,0.0,0.0,0.0,0.1048425539117961,0.034939090107832,0.2205479248196512,0.1176914200797244,0.4042491141366707,0.3582415355267722,0.5669170710521418,0.4343902291816411,0.0492741141732283,0.0439499261811023,0.0555087352362204,0.0496942667322834,0.7392109564107601,0.615692940258572,0.88908029889488,0.7457938457728751,11.975832415986744,4.931675009266727,22.23880653078775,12.88393014680541,0.641858190396119,0.5175065319805097,0.7114134783628637,0.6285575185324178,4.350630053273883,2.168059756477424,6.033473310883242,4.221857591833274,1.250008300164878,1.2498689725455503,1.2533043733875668,1.2816749446309046,-0.7461741403120423,-0.8786193293004235,0.7140436813876482,588.481393946136
latentB_K5_z64_n6000_s0,test_indist,50,latentB,64.0,5.0,6000.0,0.0,True,huber,False,1005361,0.14382010405114,0.1244766988760775,0.1905906033150882,0.1496805955856728,0.2286007800029683,0.1875297590203128,0.4103288281363295,0.2642676425455447,1.727025719359517,1.071138571947813,3.1817892037332056,1.974105136909348,0.1554976436645038,0.1329690135949567,0.1938358503446388,0.1601206201431277,0.5505551770688891,0.4091411195291231,0.7374983982145247,0.5686757806171778,3.529423046467211,2.894985779367439,4.277301275740086,3.552833787925185,1.096040915431202,0.9808470715430008,1.2126753370836372,1.0914950593460804,0.28009033203125,0.238104248046875,0.319970703125,0.2786624145507812,0.0,0.0,0.0,0.0,0.1354820904868536,0.073142082179967,0.2203236516709178,0.1441990127762155,0.6691988410184102,0.5501336993269245,0.9171022859067154,0.7061707606534944,0.046013779527559,0.0409664124015748,0.051439468503937,0.0462884473425196,1.075114169040464,0.877456018459989,1.401145134258847,1.126687954752296,13.85042558835589,5.230339052429449,23.87372147176698,14.160148823768647,0.3226544947646259,0.2499515805247767,0.4126904265255593,0.3310948056413434,2.15314486023873,1.2590985371333692,3.2668902848041843,2.2269771468737742,1.2499950333403935,1.249843831745201,1.2505173814562898,1.256321597896726,-0.5846788557335068,-0.7970976633173138,1.9119189547005624,810.9494040587625
latentB_K5_z64_n6000_s0,test_ood_terrain,1,latentB,64.0,5.0,6000.0,0.0,True,huber,False,1005361,0.0034576531673813,0.0016502537901987,0.0055669130941043,0.0035528382891641,0.0176055270237927,0.0100835574690371,0.0254291754981409,0.0176085534013612,0.2110218084417283,0.1274315010756254,0.2866987094283104,0.2110470956354402,0.063074446688227,0.0433230627317979,0.0821885419742489,0.0632634296518548,0.5113340599892664,0.1933442645869395,4.058805299918068,8.038073224519847,0.0658756407466489,0.0306593763781529,0.1197151484393798,0.0715468940348706,0.0213673530244136,0.0026429307521714,0.0386437421842324,0.0208898627437778,0.0069580078125,0.00169677734375,0.013555908203125,0.007230224609375,0.0,0.0,0.0,0.0,0.3860663986943499,0.0237375469272597,0.9627835243712328,0.4563818860761019,0.6114607085565724,0.2980179928599222,0.8529314132856152,0.5955997879452344,0.0239296259842519,0.0144808070866141,0.0409295029527559,0.026789185531496,0.5200336866976807,0.3193371868151103,2.656741164378553,5.524285869660396,46.37917854094088,21.83902951420988,68.12748061990058,45.83155718906701,0.7620116048137255,0.6327778481566386,0.8223803995184149,0.7400970340935988,5.480819240764015,3.779516206825317,6.508238943836876,5.30654054462383,1.2500230086402055,1.2498978511822905,1.2680155621238598,1.293921712549931,-0.8175491582864987,-0.8749012874260067,-0.1137128100557281,1.0336343729322204
latentB_K5_z64_n6000_s0,test_ood_terrain,5,latentB,64.0,5.0,6000.0,0.0,True,huber,False,1005361,0.0159902158258468,0.0122992758079444,0.021422430891323,0.0164815337136086,0.0413118504492256,0.0333239944677549,0.0511151721480365,0.0418157749467031,0.2879769802093506,0.2378596840426325,0.3776409327983856,0.2979510952651617,0.0672042194696245,0.0577722239427322,0.0833325572107759,0.0688826823137251,0.62083799805484,0.442672341600809,1.0605182226598648,0.7215325587222969,0.3728273137685574,0.2651949026844614,0.4873125816182329,0.3728609030173391,0.1008988914072274,0.0645528707492306,0.1445038019305699,0.1043959025527175,0.03607177734375,0.023529052734375,0.048406982421875,0.0363446044921875,0.0,0.0,0.0,0.0,0.1055261131720218,0.0230510345541595,0.3936018803425803,0.1727986074289395,0.4389361068986066,0.3338040480539272,0.5736656033104396,0.4434327793852152,0.0299735482283464,0.0237420029527559,0.0373523622047244,0.0306260765255905,0.6186544463617856,0.4676382342354183,0.9056509620947524,0.6792012384348008,23.2291146620596,8.458172568001944,38.44711572831776,23.24701307612561,0.6935307261179537,0.5456551658750982,0.7779099639859572,0.6756450651997058,5.412508821817406,3.757888947018556,6.490229747811153,5.268215164236053,1.2499938374559267,1.2496628331035973,1.2502551026324409,1.2609179663756631,-0.8025361297647268,-0.8718350812087229,0.3174937312675737,646.1005796563925
latentB_K5_z64_n6000_s0,test_ood_terrain,10,latentB,64.0,5.0,6000.0,0.0,True,huber,False,1005361,0.0305780644349491,0.0253569379558897,0.0376373479372361,0.0309420798536233,0.0599341691222756,0.0512038963302961,0.0711309423616888,0.0603564145268358,0.340060802642256,0.2813306584954261,0.4426161484792829,0.3537136061635101,0.0731787612152157,0.0646296061393096,0.0850216201714197,0.0743411156522096,0.610489178028869,0.4508326901808756,0.8971862107885249,0.649713922045581,0.7245714951549964,0.5889822576613234,0.89678906138154,0.739184754969419,0.2104527742021105,0.1544927828125744,0.2715315272934141,0.2116904561956676,0.07305908203125,0.05506591796875,0.091845703125,0.0730245971679687,0.0,0.0,0.0,0.0,0.0907130139119634,0.0247255544206458,0.2612023613659783,0.120895667743624,0.4158209550555078,0.334020386759712,0.5020139059174721,0.4179243423170793,0.0398006889763779,0.0335260826771653,0.0455431840551181,0.0397567052165354,0.638952636960443,0.5153160665651116,0.8700699286420859,0.6675692973221107,16.418160443768233,7.233617341191456,29.761980703491624,17.48082245591821,0.6567621981976586,0.5426445925401566,0.7509375836196205,0.6500807181087663,5.332536987872047,3.753203981185911,6.693365536600739,5.274931469971846,1.2499928831479346,1.2498389050561372,1.2537062721609535,1.2762167283491688,-0.8199004001606275,-0.879423993316464,0.2366121259969575,590.5043045934925
latentB_K5_z64_n6000_s0,test_ood_terrain,20,latentB,64.0,5.0,6000.0,0.0,True,huber,False,1005361,0.0561587976349483,0.0497338665550564,0.0662700995281737,0.0569096007247216,0.0893092305773014,0.0786316336956757,0.1022402014163379,0.0898025656345419,0.4264093339443207,0.3345090895891189,0.5248327451641671,0.4309028081659926,0.0872903481250677,0.0765983995972553,0.0989690273805936,0.0882818304996891,0.5712657230765971,0.3971798439126932,0.76769050584746,0.5891350134034344,1.3751678701931591,1.0856367469992585,1.6733042914991667,1.38439518542384,0.4154705140619219,0.3284551426967697,0.5230842969430728,0.4200349182872749,0.13104248046875,0.09808349609375,0.15552978515625,0.1293484497070312,0.0,0.0,0.0,0.0,0.0901505906333306,0.0358610402784352,0.1736584135457601,0.1009543315029763,0.4116949775979112,0.3562549796634232,0.4714089322219926,0.4108862983949756,0.047720841535433,0.0418307086614173,0.0542722687007874,0.0478586368110236,0.706313296136146,0.5844494708532917,0.8977061308709706,0.7180758575822926,12.692433160076806,5.834206147832607,25.01647069390007,13.92673638417792,0.5664334655512722,0.4310014447693989,0.6652515086646621,0.5563879382185819,3.6642898355424025,1.9513665534926825,5.225739804152438,3.620642927239714,1.249993138916163,1.249706214872899,1.2504756109261208,1.2491341831539404,-0.674053666607262,-0.8618270518284387,2.985533685682221,1133.885709445673
latentB_K5_z64_n6000_s0,test_ood_terrain,50,latentB,64.0,5.0,6000.0,0.0,True,huber,False,1005361,0.1607697488113462,0.1335438342247793,0.2132800891980642,0.1662467702454789,0.3002857249815434,0.2051886317827948,0.5524331340606875,0.3394551018076789,2.4261405616998672,1.325404864177108,4.79212189912796,2.681924105268772,0.1695196724480123,0.1443379817123884,0.2252575802208965,0.178053610257853,0.6102506433665238,0.4151070059388272,0.9503386756617505,0.6538135527750053,3.588998205442552,2.851522703231493,4.640473176049469,3.709659876595118,1.028206383151494,0.9048355777821644,1.182800914879725,1.0415476426453067,0.274810791015625,0.228997802734375,0.314996337890625,0.2722537231445312,0.0,0.0,0.0,0.0,0.1299461025848122,0.0805338727450841,0.2607331699721178,0.1544810041513836,0.7463982511638725,0.5961023324829814,1.0682663839040798,0.7904665951432182,0.045521653543307,0.0392593503937007,0.0508489173228346,0.0452070004921259,1.213480599760722,0.9128510375178396,1.8811156427424427,1.3199111813379931,14.252903603431,5.911326652744556,24.000631497121976,15.023792109151236,0.3282334234017125,0.2719188612452876,0.4083624040729308,0.3358654120863905,2.499829431005833,1.58440390145185,3.3643181542030223,2.537662614323585,1.249987555644296,1.2497624491187147,1.2514886379847314,1.2488011165940809,-0.4987834853275324,-0.7995319536937137,4.097233278725882,753.4257775620617
latentB_K5_z64_n6000_s0,test_ood_soil,1,latentB,64.0,5.0,6000.0,0.0,True,huber,False,1005361,0.0033889503082452,0.0018655677371389,0.0060850977624833,0.0036957664151015,0.0186346855172245,0.0117594943180828,0.0287814072133054,0.0195253551216831,0.2361941076815128,0.1564014509087428,0.3149314163543749,0.2358047000248098,0.0728039990949479,0.055267306279496,0.0954104739855021,0.0750025176774446,0.6766855584868401,0.3254541295933004,2.7298657330835785,41.58941824010972,0.0796985404885406,0.0339174178773673,0.1466949343534224,0.0843487203019591,0.0198493896744708,0.0055263089385144,0.0410738951928314,0.0216553876191861,0.0,0.0,0.00244140625,0.0006744384765625,0.0,0.0,0.0,0.0,0.4444168860359645,0.0091331263432885,0.9827010261990596,0.441389181193119,0.3736822300982558,0.2254931402590475,0.9249788090569768,0.5322703312756055,0.0218073326771653,0.012789124015748,0.0378075787401574,0.0242725762795275,0.6010798672992741,0.4091926997285012,1.946757645293996,27.500883754297234,47.52086243458276,21.77337424553896,68.72734836621964,45.87478859183862,0.7804261011059187,0.6717140256453121,0.8323548639350339,0.7542381406614068,5.595233723156188,3.6821102343649614,6.9646658888108615,5.47472481910491,1.2500068707379837,1.2499098320602602,1.2502381302196606,1.2542128959029244,-0.7963076661912054,-0.8593815287064521,-0.3795174653897136,9.213546083796125
latentB_K5_z64_n6000_s0,test_ood_soil,5,latentB,64.0,5.0,6000.0,0.0,True,huber,False,1005361,0.0168215320910063,0.0132396076695988,0.0220025979659951,0.0171371704635509,0.0453932023274174,0.0368318179276984,0.0544477588559534,0.0453624499851105,0.3090408127754926,0.2589450558181852,0.3938776671886443,0.318724928933243,0.0794555027331515,0.0696316002739638,0.0932934506856349,0.0812589458460916,0.6611915779608227,0.4662265940885851,0.8946274984838936,0.6928350905427476,0.4090312667764838,0.2849709133217639,0.534738332814902,0.4044493191351856,0.1135280685909801,0.0705081338730141,0.1508085406441289,0.111965008699151,0.003631591796875,0.0,0.0147705078125,0.0057073974609375,0.0,0.0,0.0,0.0,0.1384228912660939,0.0090376284827495,0.5715984124382543,0.2341230183738741,0.2958787118847328,0.2378292413336435,0.731994610366786,0.4196070569628217,0.0337260088582677,0.027429872047244,0.040523499015748,0.0340135949803149,0.6173330709596826,0.4772405380097349,0.802210686709771,0.6395560714754907,18.64837061153276,7.049790613022323,36.7208709043918,20.63723326884673,0.753482585948323,0.640324800581673,0.8044157702329411,0.7345635041542553,5.387354363593806,3.628107755269218,6.519268439187079,5.256316186198931,1.2500119817066329,1.249900029291368,1.2705537654966874,1.273914804572352,-0.8080695519841259,-0.8650931986751283,-0.366722020299127,115.72339260579336
latentB_K5_z64_n6000_s0,test_ood_soil,10,latentB,64.0,5.0,6000.0,0.0,True,huber,False,1005361,0.0312416742618499,0.0257945448482636,0.0375922272497033,0.0315366605416025,0.0634900749462445,0.0539776277786213,0.0731972946306782,0.0639129441469306,0.3523040860891342,0.295605177571997,0.4573499054065905,0.364357588515777,0.0854476339584477,0.0753405753033084,0.0975064393408628,0.0859614062978401,0.655125736378475,0.4509004000289631,0.8375367407877348,0.6599676403957594,0.7894810888226598,0.5918797780832367,0.9756303665424646,0.7923575076726643,0.2188457310724836,0.1671073262968172,0.2775545604413493,0.2214444997392265,0.0125732421875,0.00255126953125,0.025830078125,0.0138897705078125,0.0,0.0,0.0,0.0,0.1290983648198932,0.0120274240947853,0.353346528779682,0.1511636701931436,0.2896675263278502,0.2461689932706092,0.624342942528549,0.3789403268410135,0.0460599163385826,0.0396684301181102,0.0527897391732283,0.046396561269685,0.6380795481824353,0.5300182060696697,0.7862725388520916,0.6456384479218464,13.970091483832434,5.266820569575158,25.95798127843281,14.944265969267152,0.7271519604895922,0.6346366691448495,0.7817679686275623,0.7184509709969131,5.351093237360393,3.776821002886287,6.445561483166752,5.209780597678623,1.2500014280337814,1.2498934549915592,1.250213759172956,1.251839727630936,-0.8043218916483037,-0.8708297626529856,-0.1716704646555315,97.53002256021378
latentB_K5_z64_n6000_s0,test_ood_soil,20,latentB,64.0,5.0,6000.0,0.0,True,huber,False,1005361,0.0588934582825002,0.0503428263806116,0.067394214739865,0.0586771682030204,0.0950101218284876,0.0843449538766122,0.1079247548833523,0.0954326879916808,0.4529676251113415,0.3689432352781295,0.5490481649525464,0.4574949897433544,0.1005634832688226,0.0892480339385184,0.114182217058241,0.1008533808001578,0.6004122578888292,0.4121706198871722,0.7353637424564354,0.5930182382882965,1.4744250179614222,1.1583285385072053,1.8368832536755395,1.4875430845407922,0.4430221046692528,0.3650225155418991,0.5202275061187442,0.4443904568975089,0.032623291015625,0.014288330078125,0.055322265625,0.0340426635742187,0.0,0.0,0.0,0.0,0.099648939110606,0.0166729502559329,0.2181061219805797,0.1043447585819893,0.293793629280206,0.2568761012810045,0.5205173249382061,0.3514607781316927,0.0556256151574803,0.0474563238188976,0.0641486220472441,0.0555511811023622,0.6677698407266972,0.5685992794499153,0.7914452840673637,0.6737632969263072,12.21308137593553,4.604773003922942,21.290798825469924,12.261786855851687,0.6590856072011935,0.5257873957713833,0.7309264674270929,0.6355267935537645,3.791380228573352,2.026081468106422,5.502735823233424,3.8471805892528335,1.2500000054270444,1.2498715564563814,1.2502515769788742,1.2622456690983646,-0.7419269401493164,-0.8724755526305913,0.352745840016636,303.8527214035625
latentB_K5_z64_n6000_s0,test_ood_soil,50,latentB,64.0,5.0,6000.0,0.0,True,huber,False,1005361,0.1539085752178115,0.1313721000996188,0.1893099704927263,0.1580117467253184,0.2451388654695275,0.1893597609950549,0.3676286489072823,0.2651924060142646,1.6823162389919162,0.9523660151171498,2.920925825089216,1.83849405173678,0.1732658429612153,0.1467852148266152,0.2068138024485936,0.1768144469234231,0.5349360863631027,0.3955605669947654,0.6944374996190742,0.537945125314361,3.4432295896021383,2.809525518480183,4.102253622183171,3.4734654437225747,1.110562001958804,0.9820759707270278,1.2292357936885374,1.1093453293969409,0.152740478515625,0.12513427734375,0.18641357421875,0.1541900634765625,0.0,0.0,0.0,0.0,0.0922329621884803,0.0363833582412449,0.1671504307216879,0.1002818918259777,0.462856889761901,0.3738527293389073,0.6613789509907941,0.4929844746254173,0.0511964812992126,0.0454847440944881,0.0571604330708661,0.051146499753937,0.9497736729873744,0.7801538502010646,1.1570575996394767,0.9726100052589338,12.357121699026823,4.884550209672254,23.04464879481095,13.052580327516877,0.3125657028542706,0.2607138843866962,0.3978265464205036,0.3223360588419514,2.181042561842175,1.2253288795196149,3.4345150233898885,2.255924009899484,1.249992420272248,1.2498554879596488,1.2502758607369406,1.2525011748801482,-0.6089786111448263,-0.8202021772715358,3.531153110552935,280.12995138953147
latentB_K5_z64_n6000_s0,test_ood_both,1,latentB,64.0,5.0,6000.0,0.0,True,huber,False,1005361,0.0034307619151717,0.001575157554647,0.0066049462925864,0.0038182105733371,0.0193936253417617,0.0098954852753301,0.0313895270394262,0.0199215653121429,0.2395163830369711,0.1505695555359125,0.3339172415435314,0.2402054586436134,0.0755484556631305,0.0537444124433916,0.1094181656421734,0.077812689919006,0.5244125462320266,0.1323422733299439,4.572901064655787,193.1296134607607,0.0609785944863506,0.0279055025722364,0.1208850308204519,0.0687601859049376,0.0204644613948054,0.0018050370709681,0.0416533222468132,0.0205519567056456,0.0,0.0,0.0031494140624999,0.00125732421875,0.0,0.0,0.0,0.0,0.3265431425326382,0.0132888905846314,0.967271510197111,0.619800720038481,0.5319102724212896,0.2051382516658433,0.8040218168188435,0.5609657338233883,0.0218380905511811,0.0134381151574803,0.0445066437007873,0.0260786786417322,0.5238987252242735,0.3011774260587229,3.242618079942761,115.90608715290992,47.45523248246676,24.172625599579,68.73686341527582,46.37885186839501,0.7696747926247833,0.6426124738582175,0.8238766575253251,0.7366569637561162,5.299714436077998,3.49207461856114,6.387212323557052,5.092498392926772,1.2500108724059755,1.2498757335534123,1.2505467971663515,1.2556109351503777,-0.8158788219496573,-0.8823313005151195,0.3418404377749624,43.00295234975112
latentB_K5_z64_n6000_s0,test_ood_both,5,latentB,64.0,5.0,6000.0,0.0,True,huber,False,1005361,0.0170145102095164,0.0125783950666728,0.0216227644463489,0.0171762938879971,0.0464469758379181,0.0367655174187554,0.0560176910740433,0.0463999075229418,0.3284865636378526,0.2754799846559763,0.4192098140716552,0.3376533166936133,0.0852625353895561,0.0718725791385866,0.1028197030977316,0.0865868099651057,0.6297726545960223,0.3993022074538112,1.056996291302516,0.714318874706665,0.3496908864588477,0.2419302600068413,0.4712400256662732,0.3546075104234417,0.102175300249489,0.0620127580033893,0.1397973467990698,0.1004353728212894,0.005218505859375,0.00059814453125,0.01849365234375,0.0072378540039062,0.0,0.0,0.0,0.0,0.0909752519819752,0.0124784729691628,0.4192217874671141,0.1634806838953822,0.347086579111812,0.2309213622700365,0.5042076741583347,0.3559396544235081,0.0318805364173228,0.0247201033464566,0.0386534202755905,0.0320214074803149,0.5897310428039952,0.442422373386129,0.8943412359702703,0.6572885858364154,23.946172128722576,8.57667087899518,41.74027902445535,24.73564672064053,0.6909603654032968,0.5247282621262181,0.7868490668762284,0.6705421262574288,5.47260654827922,3.852206145553848,6.555671772531801,5.283939088015193,1.2499942679252896,1.249676633863711,1.2516613153160048,1.257739657386812,-0.8011889899264216,-0.8798305952558804,5.881079098379539,809.8154537046757
latentB_K5_z64_n6000_s0,test_ood_both,10,latentB,64.0,5.0,6000.0,0.0,True,huber,False,1005361,0.0317628398762452,0.0263670851051824,0.0378979318524108,0.0319643291135728,0.0653664853693662,0.0567843054522727,0.0767746426798101,0.0656966879960593,0.3737867102026939,0.3091021838597953,0.4935309961438178,0.3856238972669235,0.0892968666432411,0.0788526879893821,0.1040941679682438,0.0904085570272595,0.6080931138561008,0.4495096606300362,0.9173039916095264,0.6636786053374061,0.6917522196876236,0.5314305882729169,0.9189022725992512,0.7162462410824187,0.2031365261881519,0.1463365636823937,0.253245817933636,0.202969351822928,0.01409912109375,0.003643798828125,0.0339355468749999,0.017100830078125,0.0,0.0,0.0,0.0,0.0604023640265017,0.0167685789130948,0.2396685680340518,0.1009148390097172,0.3180067517992788,0.2372915703122494,0.4129820351605081,0.3228717806114251,0.0439991387795275,0.0361528051181102,0.0506090059055118,0.0435436146653543,0.6119214207187338,0.4980333214428934,0.8552722030676373,0.6522604704664523,16.510114159484885,6.174370746843066,28.81764763102965,17.004946994603635,0.66166746839177,0.5052475955099005,0.766418380468607,0.645370191182692,5.1937206039718165,3.644401358312255,6.463014207907122,5.171802153789943,1.2499928367875677,1.24972794484327,1.2502285086119476,1.2697885564936484,-0.7949760697250075,-0.8855094716845464,3.1668493390045005,696.9427058802718
latentB_K5_z64_n6000_s0,test_ood_both,20,latentB,64.0,5.0,6000.0,0.0,True,huber,False,1005361,0.0603039261674618,0.0521707287722998,0.0702337418818722,0.0608995649729562,0.0983528245947877,0.0869829389748599,0.1139917405854145,0.0995038936792922,0.4664633646607399,0.3899719573557377,0.6032415822148323,0.4882511163805611,0.1049130829092807,0.0934305598443532,0.1192371398762413,0.1059132922700741,0.5708377170369872,0.3876634755186261,0.7666467871647071,0.5735266844178368,1.3434195786394596,1.0079600964142994,1.710423475136315,1.3558287609288595,0.420311699092146,0.3348320735125613,0.5081415400319403,0.4173470080982215,0.038482666015625,0.01788330078125,0.065802001953125,0.0403768920898437,0.0,0.0,0.0,0.0,0.0501060377676033,0.0222922030990387,0.1642063324075201,0.0734038724424914,0.3091285740776949,0.2465033600568504,0.3666977829136387,0.3055884297022389,0.0522576279527559,0.0433378444881889,0.059851747047244,0.0520707738681102,0.6517887455699882,0.5239572760474639,0.8105720129469676,0.6640287144595353,12.418282408135097,4.707573953817028,22.33656920432678,13.400705769505848,0.5677616015643141,0.3967519184104995,0.688329369808088,0.5544443348557045,3.632760386570893,1.7007992090349031,5.72906820529195,3.680566809953915,1.249990378814301,1.249807678730002,1.2505803679732432,1.2555312286182514,-0.7005887992318967,-0.8811841075740771,2.4520793919752126,322.37368045523715
latentB_K5_z64_n6000_s0,test_ood_both,50,latentB,64.0,5.0,6000.0,0.0,True,huber,False,1005361,0.1709338469821197,0.1412046527142149,0.2328285522631653,0.1786702458985586,0.3138237890769709,0.2255322397950573,0.5835232776348783,0.3540550094603775,2.364479474723339,1.3750456243753433,4.806083846092224,2.744918998686189,0.1947522842031608,0.1604839753356516,0.2517019358286135,0.198725344460378,0.6106851297895621,0.4344998473738115,0.9853634706779696,0.6650438068169592,3.641621603487716,2.87457382743065,4.660774768236137,3.74172798221634,1.039879687861482,0.8673013813749686,1.177894512124868,1.0383263038896045,0.158447265625,0.12296142578125,0.199127197265625,0.1597650146484375,0.0,0.0,0.0,0.0,0.07932816643942,0.0393083598097701,0.1759544613718098,0.0982864553431002,0.5242280608659535,0.4326266248240246,0.790375144143729,0.5668270492853904,0.0483975147637795,0.0416707677165354,0.0555671751968503,0.0484994771161417,1.0940105210745048,0.8360373463450027,1.6547595096285943,1.1869410632359756,12.884984896708268,5.688255926021582,21.97165337885902,13.670461104025415,0.3144938805606078,0.2546397319132451,0.3962521899974958,0.3217989132769991,2.6132291060962656,1.666955063439319,3.546303064653796,2.645043448982865,1.2500093969271058,1.2498308210023774,1.2508207977989283,1.2573624860006452,-0.4842317644959236,-0.7652639303444367,3.812798933676919,1095.5047743722312
latentB_K5_z64_n6000_s0,test_ood_policy,1,latentB,64.0,5.0,6000.0,0.0,True,huber,False,1005361,0.0033646123630976,0.0016958413282488,0.0059289535223399,0.0036534800138505,0.0172201558704175,0.0098951234850789,0.027304540657003,0.0181756804582009,0.2174315899610519,0.139901300339261,0.2981315571727463,0.2184800887958044,0.0600341625803249,0.042901111508234,0.0804811753509592,0.0615922325098006,0.5240945858599148,0.1753752584417022,1.0669957183485024,5.107183713816173,0.0686728775036692,0.0239737882892915,0.1335916921618382,0.0728371711746098,0.02110746592398,0.0064405436262123,0.0418943340042562,0.022968823242018,0.006561279296875,0.00023193359375,0.0135131835937499,0.0066555786132812,0.0,0.0,0.0,0.0,0.4172657308552919,0.0082246506746963,0.965950134212878,0.4293310008507788,0.4237297461472167,0.2897277877582192,0.9060481265095696,0.5471002874623268,0.0220380167322834,0.0145761564960629,0.0444328248031496,0.0263424274114173,0.5032553483099118,0.3354435716000084,0.942006327198874,3.544128776563172,46.49240557285452,16.292002375914404,65.4019068543859,44.10206369537005,0.7715825347751821,0.6907604522957072,0.8127535097313898,0.7584834945239707,5.382906527009042,3.137840554126412,6.619916935791481,5.141444778462905,1.250012142449013,1.2498967710844382,1.2501970030020315,1.2606055599040866,-0.8182437280313363,-0.8724662382117533,-0.5974067374742761,0.3032389965985018
latentB_K5_z64_n6000_s0,test_ood_policy,5,latentB,64.0,5.0,6000.0,0.0,True,huber,False,1005361,0.0157229860347032,0.0116890323935243,0.0206145939602607,0.0159790221266283,0.0406875442511289,0.0325903693088352,0.0502558376823422,0.0410489959720777,0.2923294825013727,0.2351970394141972,0.3422188609838485,0.2920578607412062,0.0658799474600579,0.0559434866195668,0.0788161437738324,0.066554558837411,0.5207959679222158,0.3292977559257002,0.806192504092357,0.5513106111365118,0.341186278720943,0.2085601198772983,0.4684307029325544,0.3402685814194784,0.1098967584389116,0.0719777747427219,0.1435255137305355,0.1085580779879448,0.0306396484375,0.015643310546875,0.0439697265625,0.0301812744140625,0.0,0.0,0.0,0.0,0.1213390740199187,0.0168749863035822,0.4974541769367211,0.2124743152012869,0.3709464255464736,0.3116895757457591,0.6960237965847511,0.4496754082673313,0.0322034940944881,0.0264117864173228,0.0412924458661417,0.0329730561023622,0.5423435195357418,0.425488546427119,0.72979153506483,0.5657248233750631,20.70468268934253,7.962319973170779,38.01496198511258,21.88837665504747,0.7328021218297338,0.6021344559811849,0.7773667096904445,0.7029280377632997,4.923263607277242,3.086879616579158,6.41603284476484,4.850875855630395,1.249995634516766,1.2498060369190842,1.2502947076085342,1.2736967456720958,-0.8081206871576794,-0.8847504525985788,0.0897392999647725,3.135691327148613
latentB_K5_z64_n6000_s0,test_ood_policy,10,latentB,64.0,5.0,6000.0,0.0,True,huber,False,1005361,0.0295596121165098,0.0233661542030518,0.0363500288353095,0.029600718850771,0.058028176128104,0.0474734338473063,0.0678996753510373,0.0580627762079962,0.3160837075847666,0.2669705089181661,0.3929905712604523,0.3254465952514146,0.0710174774297388,0.0614019064462762,0.0810801957777116,0.0711761038793704,0.5345166022378631,0.3758340212959134,0.696745768251502,0.5336059582650584,0.669506896927305,0.5027098197653429,0.8689093652188953,0.678991216677456,0.2181917027708172,0.1591508028371648,0.27435567471707,0.2187431154912909,0.0595703125,0.041571044921875,0.080645751953125,0.060421142578125,0.0,0.0,0.0,0.0,0.0989926377337435,0.0249304648081559,0.323434995398426,0.1477518470377413,0.3710562663912652,0.327589451282539,0.5984447688077053,0.4223139332931502,0.0416307824803149,0.0357314222440944,0.0476808562992126,0.0415428149606299,0.5884974305049548,0.4599561893116713,0.7303194541446273,0.5919718834235548,14.676291593811657,5.910480521853695,27.062592893511468,15.760202053542034,0.6971642275771194,0.5781301365161756,0.763182699573288,0.6829573170443239,5.1437598494486085,3.3679192973632484,6.332029851164574,4.980721184364098,1.2500016946062034,1.2498487993332512,1.2510752473806714,1.2681920626312682,-0.8247648786267787,-0.8861852908421802,-0.2486135141777623,92.69952670287051
latentB_K5_z64_n6000_s0,test_ood_policy,20,latentB,64.0,5.0,6000.0,0.0,True,huber,False,1005361,0.0529038187149198,0.0450579421033757,0.0626798950950678,0.0534403446941082,0.0837266239595528,0.07334404522802,0.0977370072767654,0.0849659569424459,0.3998584132641554,0.3197071870788932,0.5127575136721134,0.4142234060060582,0.0822807762389612,0.0731762451691325,0.0952677553043001,0.0835513150952089,0.4933320513264748,0.3430817566915744,0.618503636867604,0.4863488423402006,1.2771060997527257,0.9798056545739752,1.5773365035153255,1.2733460333019706,0.4315302132142306,0.3583595310337108,0.5163502766908299,0.4343786913727339,0.111328125,0.08087158203125,0.1375061035156249,0.1106390380859375,0.0,0.0,0.0,0.0,0.0995569076999068,0.0332452240700025,0.2033177306719144,0.1116793651743301,0.3841001387422437,0.3325837445816675,0.5265093190380716,0.4081214752698834,0.0504429133858267,0.0436946358267716,0.056437623031496,0.0500933501476378,0.6546766470603137,0.5253550821038935,0.7562180927506954,0.6477239170121522,10.898410047878762,4.3968945934901,21.46472939722314,12.265859831745242,0.6117453300538229,0.497353272748774,0.6924400094521518,0.6022725538499516,3.6814829115428473,1.6990456371064209,5.327953935169592,3.5948619138606297,1.24999799979807,1.249829169149674,1.2506027689563883,1.2690949419445725,-0.7496849667505703,-0.8715980780886102,0.6238025347532762,6.727335341527849
latentB_K5_z64_n6000_s0,test_ood_policy,50,latentB,64.0,5.0,6000.0,0.0,True,huber,False,1005361,0.1462006943593543,0.1215875086781588,0.1882248355096567,0.1507207687799409,0.2392366525921712,0.1809679450781229,0.413195228824033,0.2685390126019124,1.6335236728191376,1.0100371778011323,3.292583313584328,1.9026414979958648,0.1581372171070684,0.1331025414011274,0.1963514677887696,0.1620576754115041,0.5206571783356999,0.3650587620525056,0.700269261653679,0.530328115356071,3.308381258242565,2.6209690112513804,4.115450851599434,3.362481470215504,1.0826046159693217,0.9583313820157155,1.2103589532106651,1.084531504513676,0.261688232421875,0.216632080078125,0.30382080078125,0.2613082885742187,0.0,0.0,0.0,0.0,0.1487904586940699,0.0854270955945731,0.241118667211287,0.1640723091386063,0.6592654727881377,0.5419029304211996,0.8770778504888174,0.6823938246280836,0.0465981791338582,0.0404712106299212,0.0526051919291338,0.0465535802165354,1.0636039245113285,0.8057702661649291,1.3930131407918729,1.0899992637495526,12.536162682498272,5.130501441127862,22.92409667187715,13.461166130272671,0.3246447621908771,0.2554164413379264,0.4311238062926099,0.3380982804979631,2.3533508028112,1.3510922265790333,3.6747873789592815,2.4830086502217483,1.2499908703823503,1.249814260421415,1.2504652539549863,1.260234992512451,-0.5136479052359653,-0.8051940350718199,2.2758086193310785,603.4215287807908
latentB_K5_z64_n6000_s0,dev,1,latentB,64.0,5.0,6000.0,0.0,True,huber,False,1005361,0.0033481320909796,0.0017677467604339,0.0058122153998361,0.0035831385601692,0.0173321711504736,0.0102393547312736,0.0261656190400073,0.0178939578263006,0.2065392136864829,0.1293689951300621,0.2889707967638969,0.2093860751371039,0.0552750502732106,0.0425467428809196,0.0754339626779382,0.0580783901133023,0.6373305523244546,0.3660832621722713,1.251918413832387,1.2444072740084542,0.0783507329618426,0.0384187161213202,0.1486432634804969,0.0866644806285754,0.0218445640953321,0.0075959349102759,0.0421000150788292,0.0235896654740569,0.007537841796875,0.001458740234375,0.014532470703125,0.008031005859375,0.0,0.0,0.0,0.0,0.3822685987630707,0.0163507561604037,0.9682952337941082,0.4266842040113499,0.4485186737494703,0.3246442148822567,0.893238431629116,0.5645589622534096,0.0226377952755905,0.0143577755905511,0.0384504183070866,0.0251922367125984,0.5658097529570257,0.4163141739950031,1.3835074852854046,0.9987683246245118,44.220373411681805,18.79446897680871,66.12426599949845,43.4418444482204,0.781161382995448,0.6918280697793852,0.8187005978886023,0.7666928110134636,5.662672265949219,4.0342237449923575,7.0100486955042856,5.631283142509426,1.250005231145232,1.2498844773671345,1.2507609344334198,1.269469611652574,-0.8043533623806544,-0.861559007887206,-0.4772703564334201,-0.6406946658644083
latentB_K5_z64_n6000_s0,dev,5,latentB,64.0,5.0,6000.0,0.0,True,huber,False,1005361,0.0162271436012508,0.0121669337056148,0.0210246230969786,0.0165540489899572,0.0417240324161631,0.03163231869188,0.0507535723023541,0.04219284966079,0.2918156373198144,0.2397834405303001,0.375011261831969,0.2976574203812061,0.0650900314452416,0.0540839324591592,0.0781974300248899,0.0657019914435856,0.6591690074683251,0.4730696814427065,1.0240614201530722,0.6967707459488196,0.4213589973600603,0.2983550268228652,0.54311319062633,0.4230219980223081,0.1132800734973976,0.0749802423885683,0.1566217634192744,0.1152673958083761,0.0380859375,0.023675537109375,0.050848388671875,0.0378494262695312,0.0,0.0,0.0,0.0,0.1662532466789716,0.023361780797737,0.5035282653025491,0.2139057096014883,0.3844138122204559,0.3346983855744069,0.7063256900811159,0.4685044438507057,0.0327263779527559,0.0272514763779527,0.039250123031496,0.0332085076279527,0.6165081182504175,0.4995413195065893,0.8335181891468032,0.6468646182778974,19.48022436376448,8.04287097495029,34.225791323192034,21.18841814394013,0.7424686640334363,0.6224670784660926,0.7915747634306259,0.7202277943851079,5.447250231244355,3.837307488241196,6.797406027858088,5.43713938908459,1.2499999976432157,1.2498831359292468,1.2540229853992797,1.270415951362274,-0.8137889552103632,-0.86709452510724,-0.1712275948157154,-0.2399294653848486
latentB_K5_z64_n6000_s0,dev,10,latentB,64.0,5.0,6000.0,0.0,True,huber,False,1005361,0.030135538474397,0.0248468072830983,0.0346482716625959,0.0300057989911534,0.0590188754996662,0.0502350056910519,0.0667433840170425,0.0590122245171823,0.323709249321837,0.2738115206360817,0.4320132404565811,0.3419113473585458,0.0704371269683852,0.0617895935367367,0.0813411775805686,0.0705887756771085,0.6571786115245828,0.4969542467624075,0.824269817336901,0.6666946491899047,0.7998270855266438,0.6365216217939708,0.9922092422782678,0.8081739048496914,0.225190481683066,0.1678705975252251,0.2804151299988031,0.2246340534690086,0.072021484375,0.050177001953125,0.090789794921875,0.0718133544921875,0.0,0.0,0.0,0.0,0.136388214667644,0.0278918613819764,0.3159989777852794,0.1538329440161189,0.3881353140562413,0.3428998194823371,0.618612748388053,0.4409762409897699,0.0421998031496063,0.0357960137795275,0.0486589566929133,0.0425312192421259,0.663576717769266,0.5367067947197688,0.8177446477933324,0.6715866188497225,14.956449374158316,5.256782964504756,26.975792621101075,15.88137348743528,0.7118922964933783,0.6181166058304217,0.7715603549900892,0.6985313100719819,5.340978160670769,3.5816154368463864,6.455580855616708,5.168798168777954,1.249994739270384,1.2497751955074996,1.2502018241196349,1.2562631908684805,-0.8106248632202097,-0.872270255277038,-0.1039271407409203,68.67960272087984
latentB_K5_z64_n6000_s0,dev,20,latentB,64.0,5.0,6000.0,0.0,True,huber,False,1005361,0.0544146116252399,0.0476900696226707,0.0631088266160068,0.0549485411287704,0.0867971351791719,0.0771538824865629,0.0973152571121123,0.0872690577034399,0.4146489351987839,0.3401176467537879,0.516388925164938,0.4239620703726541,0.0837977324442663,0.0754653409709191,0.0929442702881319,0.0843644973867412,0.6225053858600702,0.4651082265686511,0.7554121785516605,0.6151495603931049,1.560147237422095,1.2241768938089022,1.8049201960384105,1.5358976352764366,0.4466115031552905,0.3662586300565452,0.5282391588728904,0.4466951176902816,0.135498046875,0.099481201171875,0.159185791015625,0.13243408203125,0.0,0.0,0.0,0.0,0.1034528575743172,0.0386127427280821,0.2165053982078031,0.1184706724440259,0.405389078078627,0.3572067350959825,0.5496528446535398,0.4312765075208829,0.0500584399606299,0.0440421998031496,0.0569359005905511,0.0501604023129921,0.7290258133700169,0.607662512914427,0.8814218560531175,0.7322155559380643,11.818086192922523,4.41718610189514,21.46780500983416,12.890073645196242,0.6447036055797593,0.5313188001976697,0.7115529128442225,0.6256541791109265,4.097055395758333,2.4169985515208774,5.580068993524028,4.073128136803022,1.2499960258597715,1.2497865353476474,1.2587517316862993,1.2476529358976864,-0.7766250618687125,-0.8699605983746921,0.2767030991695658,508.6320895830039
latentB_K5_z64_n6000_s0,dev,50,latentB,64.0,5.0,6000.0,0.0,True,huber,False,1005361,0.1425453066768786,0.119900516904458,0.1764369765890028,0.1463382594585202,0.2293744054835914,0.1737071738335125,0.3808096860448482,0.2514952578324575,1.5532209920347668,0.9395257890224455,3.08940808661282,1.791301689636748,0.1552080715138518,0.131235672301713,0.1841020345119483,0.1580587444531413,0.5365998617577245,0.3867740957144951,0.6928173867205325,0.5490975970511233,3.485091887278622,2.727276084333864,4.143451664210787,3.470939913599332,1.1116152041942031,0.9547110988441592,1.2188865735595171,1.093524718750048,0.28338623046875,0.2414306640625,0.320855712890625,0.2792562866210937,0.0,0.0,0.0,0.0,0.1316555759010571,0.0772836099149333,0.2184427241996683,0.143458651032855,0.6464921986360109,0.5290862260816609,0.8896936228370963,0.6738314340775249,0.0464443897637795,0.0396161417322834,0.0520146407480314,0.0461320435531496,1.0786966621918308,0.8746709552029148,1.3563705042576917,1.1010363645540324,13.370866117528276,4.906709611817006,24.189798554482195,14.526136903994928,0.327254292772686,0.2496900077763396,0.414452458187848,0.3323163613242271,2.020283665166939,1.200194469423189,3.569763442162818,2.189804947927416,1.250005576894611,1.2498430082513188,1.253207871783056,1.2634849762490243,-0.5915887318146971,-0.8038004209239775,3.078977956468516,794.4626372192574
unet_K5_noact_n2000_s0,test_indist,1,unet,64.0,5.0,2000.0,0.0,False,huber,False,1008558,0.0048088727266917,0.0016688344101887,0.0091727900715598,0.0051016621226179,0.0253009814065107,0.0114396655651511,0.040487311240499,0.0259917729891565,0.2992164200404659,0.198577459732769,0.3927113224403001,0.295326477641131,0.0963175202251344,0.0658659592698322,0.1239929921251084,0.0955161701212773,-0.253364587284962,-0.2614857284998144,-0.2434840556618607,-0.2517440344752253,-0.0004134072420735,-0.0006045469626136,0.0004425619118846,-0.0001842524271967,0.0225851723149266,0.0073836986326416,0.0428068144950721,0.0234379799722542,0.0,0.0,0.0,0.0,0.0,0.0,0.0,0.0,0.4005159947991541,0.0039529704867401,0.9567736493780028,0.4132906316824601,0.1721857392543884,0.0902059500193466,0.8978266722562417,0.4186522465150959,0.0294506643700787,0.025867372047244,0.0329447588582677,0.0295315575787401,0.0309408999657877,0.0105746224112588,0.1244920257037311,0.0952907239908474,48.71369063831765,18.08992541419548,81.33831735706097,48.93772663894191,0.2410247294378146,0.1669815647163237,0.3507463843749803,0.2525723119984327,0.8225155442305003,0.6816094816224394,1.0913577186854069,0.8663730967999412,1.2500006802695327,1.2498957639265935,1.2502986310399689,1.272544343722919,-0.9617100129730974,-0.9859047218096492,-0.8695499259248781,-0.8911824850720488
unet_K5_noact_n2000_s0,test_indist,5,unet,64.0,5.0,2000.0,0.0,False,huber,False,1008558,0.0231907401247868,0.0153318144912866,0.0307490035478336,0.0228315187644625,0.0594889225329714,0.0443807687968467,0.0730382722492067,0.0587731374107801,0.3775381060258951,0.3162375738844275,0.4318838126142509,0.3755444734574757,0.101731842813024,0.0860809859211105,0.1192030689389515,0.1023011914055746,-0.2539283651679166,-0.2573638093737689,-0.2444588716559481,-0.251395338184995,-0.0020421803571214,-0.0030043216036377,0.0022584564669014,-0.0008909927345984,0.1161941484272974,0.0732166856678641,0.1498565380190817,0.1134662468135757,0.0,0.0,0.0,0.0,0.0,0.0,0.0,0.0,0.0835226314362655,0.0009609809919027,0.450516699230279,0.1825843305478184,0.0651126633290938,0.044355248764954,0.6752279480304307,0.267577653126532,0.0354176919291338,0.031046998031496,0.0407295767716535,0.0355754798228346,0.0287548615845107,0.013492291477849,0.0796460862848012,0.0413687477061707,28.622548889151943,12.525109599374312,49.74349900270432,29.407203907949626,0.2824463712354633,0.2039097640891843,0.3916760894175049,0.2880592784708923,0.8240851777219422,0.6823253661256627,1.0956627333672877,0.8687341347191527,1.2500014525536995,1.2498814129537947,1.251048303104366,1.2580309278146518,-0.9631428704719052,-0.9862942313048838,-0.8254258834603022,99.22368863832412
unet_K5_noact_n2000_s0,test_indist,10,unet,64.0,5.0,2000.0,0.0,False,huber,False,1008558,0.0395437152407778,0.0303172450195383,0.0500132384598615,0.0399894441813809,0.0790942511468933,0.0663321867278325,0.0935680784069083,0.0790460662550422,0.3972702324390411,0.350383462337777,0.45100244974019,0.3989662385385781,0.1041937927156274,0.0885983064493035,0.1173060825652808,0.1040030725268023,-0.2538481873380576,-0.2573799180281201,-0.2445353498622455,-0.2516495430851112,-0.0040217505713901,-0.0059620925309857,0.0046449103161576,-0.0017062213168034,0.2249067511155231,0.1718731234301999,0.2844905387959079,0.2252573724484335,0.0,0.0,0.0,0.0,0.0,0.0,0.0,0.0,0.0477899881679043,0.0006315957063941,0.2707889938631628,0.1065689868189829,0.0441567533884435,0.0329582923256236,0.5387452728405359,0.2068989201380817,0.039908341535433,0.0352731299212598,0.0455247293307086,0.0401302595964566,0.0383673450386836,0.0164918398453222,0.075360510871587,0.0426272965519462,25.06975716677151,11.368478331692732,43.634641175840734,26.33572289223348,0.3007555229432004,0.2157157719220577,0.3951198990162735,0.3030753983470518,0.8262282662653413,0.6838203683153461,1.1009629260542049,0.8718249006569094,1.2499998137227917,1.249848071821822,1.25023922299819,1.2717684370192708,-0.9583019192764282,-0.9854733219061858,-0.7906499827244295,81.2586496439256
unet_K5_noact_n2000_s0,test_indist,20,unet,64.0,5.0,2000.0,0.0,False,huber,False,1008558,0.0643165789702149,0.0535638497272454,0.0763467576485175,0.0647628154956982,0.1014606860079471,0.0888117189015938,0.1168347517428891,0.1029626912078532,0.428311713039875,0.3779673628509045,0.5052321758354082,0.4342252992984868,0.1065761075919996,0.094551427647165,0.1186487028792534,0.1071478756386591,-0.2536267324576149,-0.2568016771045156,-0.2444773480149498,-0.2514946821074824,-0.0077893666200969,-0.0117358494102101,0.0097986845126797,-0.0031094358710999,0.447810302839404,0.3730616695120436,0.5285453760401604,0.4494446190270619,0.0,0.0,0.0,0.0,0.0,0.0,0.0,0.0,0.0359720136938647,0.0003956619373446,0.1604451492332741,0.0671535799530635,0.0346385503881341,0.0253350946223993,0.4260780737544425,0.1616777165615004,0.0450602854330708,0.0397391732283464,0.049920029527559,0.0451793184055118,0.0394611174811536,0.0210677433069105,0.0860363759565808,0.0501867068210654,22.579906470124143,10.514866868833534,37.56126706254808,23.592641544658903,0.3172625283514746,0.2339802143711293,0.4183330312857082,0.3206225283337863,0.8305685344880951,0.6875457380528648,1.1118878062576334,0.8784381413299016,1.250008300164878,1.2498689725455503,1.2533043733875668,1.2816749446309046,-0.9627516726950124,-0.9854690841282056,-0.7671409472683044,84.47518738444164
unet_K5_noact_n2000_s0,test_indist,50,unet,64.0,5.0,2000.0,0.0,False,huber,False,1008558,0.1023442482350643,0.0888876762166332,0.1160922965759172,0.102437861196553,0.1363426524822505,0.1209633884003843,0.1540544390266923,0.1367995517201841,0.4873328581452369,0.417881952598691,0.5728247920516878,0.4930314480504603,0.1170459921498826,0.1046246901350723,0.1334572894459826,0.1177034432991902,-0.2536111726841766,-0.2566100690403348,-0.2434263342170809,-0.2511313089812824,-0.0175421620319036,-0.0278802270370239,0.0282282146759771,-0.0055212040445827,1.096040915431202,0.9808470715430008,1.2126753370836372,1.0914950593460804,0.0,0.0,0.0010986328125,0.000274658203125,0.0,0.0,0.0,0.0,0.0259652323486223,0.0003209774433539,0.0987035760923538,0.043137101780615,0.0289405781057187,0.0229920025814533,0.3258818975570532,0.1240773071256795,0.0459522637795275,0.0394254429133858,0.0523499015748031,0.0461092827263779,0.0626222385803686,0.0338767428401216,0.1236119779578786,0.0736970018548614,22.89667363368993,10.501080932434364,37.40176481511727,23.725570736379904,0.3715141739627749,0.2543677015831938,0.4900490740995004,0.37336229376806,0.8448441778640043,0.7032820006093549,1.14741611276057,0.901164361650891,1.2499950333403935,1.249843831745201,1.2505173814562898,1.256321597896726,-0.960266599994432,-0.9866635689410964,-0.7386167616240016,73.10332661987647
unet_K5_noact_n2000_s0,test_ood_terrain,1,unet,64.0,5.0,2000.0,0.0,False,huber,False,1008558,0.0043520398422398,0.0007453604507684,0.0079684198135716,0.00442978505898,0.0239290425862393,0.0056170006789331,0.0366382341973169,0.022716029348026,0.2881508693099022,0.1241774352267384,0.366351543366909,0.2645271577811218,0.0923141817690863,0.048848902735642,0.1208813133624959,0.0868314548429351,-0.241503490266376,-0.2596034005837265,-0.1780628656404541,-0.2146501452198953,0.0009217645878288,-0.0006199986216724,0.0023533534554171,0.0008009989404376,0.0213673530244136,0.0026429307521714,0.0386437421842324,0.0208898627437778,0.0,0.0,0.0,0.0,0.0,0.0,0.0,0.0,0.3465483729408931,0.0060996026419186,0.961488516048416,0.3932308461761124,0.5127650005071855,0.095953962284395,0.8069520363981263,0.422917848653736,0.0252368356299212,0.0179256889763779,0.0329047736220472,0.0253231114665354,0.0362744174746541,0.018536731200678,0.1914312392462649,0.4832584403817173,47.94670400030412,20.22935205593921,80.203828915235,48.79084028321785,0.3112849261855644,0.1935468935168534,0.4305358887677882,0.3107112845319386,1.3337337674076446,0.7935099005287714,2.039857866297576,1.348883046395243,1.2500230086402055,1.2498978511822905,1.2680155621238598,1.293921712549931,-0.9623348919765398,-0.9818455723890396,-0.8141595471526731,-0.4715792069002342
unet_K5_noact_n2000_s0,test_ood_terrain,5,unet,64.0,5.0,2000.0,0.0,False,huber,False,1008558,0.0202361494519803,0.0131775473945578,0.0286406795396564,0.0205855603023773,0.0556871316755827,0.0404217117461641,0.069003692017036,0.0549073712809106,0.3673720806837082,0.2934555642306805,0.4286594539880752,0.3670444479468278,0.0985562216554108,0.0818901560741439,0.1149969781283575,0.0985142313354987,-0.2375883939073364,-0.257391210708364,-0.2137677091739123,-0.2378954436620294,0.004627892726794,-0.0030984345842916,0.0117351538679931,0.0040026297503898,0.1008988914072274,0.0645528707492306,0.1445038019305699,0.1043959025527175,0.0,0.0,0.0,0.0,0.0,0.0,0.0,0.0,0.0433671680187489,0.0013330278734703,0.3744966621254612,0.1377368302912089,0.1763949101589036,0.0488417774242308,0.4518281614166705,0.2254659897645393,0.0308962844488189,0.0222379429133858,0.0393177903543307,0.0307452632874015,0.0425224598939085,0.0255318493647857,0.0704349782593844,0.0473911164232976,28.907100249098736,8.784334103614073,50.50732701638,29.8309585859566,0.3011608816170484,0.2282485879260904,0.4050977577542248,0.3089796589087822,1.3371611362783864,0.792224139726208,2.040424221092072,1.3488870369895016,1.2499938374559267,1.2496628331035973,1.2502551026324409,1.2609179663756631,-0.9603530797866678,-0.9828496700084034,-0.6508805890296289,136.3894353844029
unet_K5_noact_n2000_s0,test_ood_terrain,10,unet,64.0,5.0,2000.0,0.0,False,huber,False,1008558,0.037560136913038,0.0282104823737094,0.0480042768742185,0.0377787556670623,0.0753089763158992,0.0608952129571443,0.0896608547275935,0.075732435518649,0.3870143741369247,0.3331144437193871,0.4479241728782653,0.3888414168357849,0.1007483726429958,0.0861763798599076,0.1145981317037298,0.1009526025012639,-0.2372200062011953,-0.2568871320256949,-0.2175637822651318,-0.2392261991924377,0.00930184676723,-0.0061915723895963,0.0233897094227577,0.0079990064459673,0.2104527742021105,0.1544927828125744,0.2715315272934141,0.2116904561956676,0.0,0.0,0.0,0.0,0.0,0.0,0.0,0.0,0.0253145337850898,0.0007673358551829,0.220808671757461,0.0802105458592898,0.1266888553567717,0.0366185057770348,0.3471957287699989,0.1687743671684748,0.0359867125984251,0.0274175688976377,0.043626968503937,0.0354692113681102,0.0451995676630291,0.0290696203826709,0.0707501824347586,0.047651705922466,24.606026003604995,9.802209334219782,41.69394717664412,25.417949535903777,0.3012463323577131,0.2367810891194109,0.3921758565415134,0.3116968134793138,1.3413005657209158,0.7908127791542235,2.03932046351838,1.348797558033633,1.2499928831479346,1.2498389050561372,1.2537062721609535,1.2762167283491688,-0.9643105479687824,-0.982523134029046,-0.7397389483796806,115.79217912498947
unet_K5_noact_n2000_s0,test_ood_terrain,20,unet,64.0,5.0,2000.0,0.0,False,huber,False,1008558,0.0619415441663218,0.0491777121235112,0.0743411643973039,0.0618099163058317,0.0995715682962223,0.0824340774304183,0.1146508317068892,0.098863697448315,0.4104727488011122,0.3519271433353424,0.4771215664222836,0.4146018561560777,0.1038353424409724,0.0900367060454571,0.1183888455000805,0.1039060459932943,-0.2382002153065229,-0.2568781195079949,-0.2183040610464891,-0.2391967321578575,0.0187791277647556,-0.0123546112399926,0.0464511359554962,0.0159708103788415,0.4154705140619219,0.3284551426967697,0.5230842969430728,0.4200349182872749,0.0,0.0,0.0,0.0,0.0,0.0,0.0,0.0,0.0161264319124313,0.0004758358503798,0.1257933781533083,0.0470042565870644,0.0978436164041774,0.0304949802749099,0.272330007427047,0.1288167085187968,0.0410310039370078,0.0332092765748031,0.0477085383858267,0.0407923228346456,0.0551984831172521,0.0347194486466432,0.07570444266865,0.0555982177940414,22.33315475870977,9.75887846217534,38.57861594536974,23.323305412976666,0.3101228781444387,0.2372825689806277,0.4192270413496654,0.3168979863068686,1.3494438888209794,0.7885332873915866,2.036097213200389,1.3483234242613378,1.249993138916163,1.249706214872899,1.2504756109261208,1.2491341831539404,-0.9578511874599772,-0.9813635329042032,-0.5133393823419509,104.6839138969118
unet_K5_noact_n2000_s0,test_ood_terrain,50,unet,64.0,5.0,2000.0,0.0,False,huber,False,1008558,0.0980695473783295,0.0847418423836178,0.1151938282210768,0.0994562489864482,0.1317373375330712,0.1159199187855252,0.152876895600856,0.1327369948212646,0.4687669917475432,0.4010270357131958,0.554241631180048,0.4743831566371955,0.1138946246614413,0.0988756881060972,0.1309998550678287,0.1144029512054858,-0.2387523842159388,-0.2569213510212799,-0.220608501577858,-0.2397112090513814,0.0480747078843251,-0.0307008992990377,0.1143731792383559,0.03969070394592,1.028206383151494,0.9048355777821644,1.182800914879725,1.0415476426453067,0.0,0.0,0.0103393554687499,0.0023477172851562,0.0,0.0,0.0,0.0,0.0070547481727206,0.0004855970410595,0.0832642868330863,0.0283540787664614,0.0824166034226848,0.0316699318227257,0.2006845116136562,0.10200927980287,0.0435070127952755,0.0360051673228346,0.0504582923228346,0.0434597994586614,0.0810499448092757,0.0537138567854201,0.1052027411200418,0.0810867980512053,22.101809522176687,8.823739753003146,34.88368408370222,21.741490943091744,0.3531554412253175,0.262194499671081,0.4851433022392707,0.3631061104838508,1.371677998145259,0.7833027834809585,2.0203970604391097,1.34496880645855,1.249987555644296,1.2497624491187147,1.2514886379847314,1.2488011165940809,-0.9662956572122752,-0.9836942227344108,-0.7523671109805996,40.34195973695533
unet_K5_noact_n2000_s0,test_ood_soil,1,unet,64.0,5.0,2000.0,0.0,False,huber,False,1008558,0.0044817284816162,0.0013078773847888,0.0088557556136614,0.0048431051279164,0.0269993643972996,0.0117397123193984,0.0451464510517274,0.0277703642284055,0.3831998288515024,0.2348139499605168,0.5004060626029968,0.3716314142334249,0.1155753193161064,0.0729687131829585,0.1489615234324244,0.1136128160015433,-0.2541270979651171,-0.2655544351555252,-0.2483579222392437,-0.2791485425838357,-0.0005503100634649,-0.0006036081351101,0.0001277183574766,-0.0003311467621127,0.0198493896744708,0.0055263089385144,0.0410738951928314,0.0216553876191861,0.0,0.0,0.0,0.0,0.0,0.0,0.0,0.0,0.4084995161690744,0.0023236814704332,0.9806605882382584,0.4215985353870264,0.1449162214530176,0.0668566895498235,0.9157115494396396,0.422407158278917,0.0304349163385826,0.0270915354330708,0.0351654773622047,0.0309087413877952,0.0344461040922118,0.0099110177434762,0.141965924579284,2.701936501785858,48.17192900218928,21.27751878521889,72.68598964716621,48.39799538156165,0.2208975287214464,0.1500977784837745,0.2977562500082655,0.2225275355518857,0.807711486958107,0.6825601897623844,1.0272225833833686,0.8382695504850559,1.2500068707379837,1.2499098320602602,1.2502381302196606,1.2542128959029244,-0.9596047559249296,-0.9867463679871656,-0.8358313181825682,2.05429199466411
unet_K5_noact_n2000_s0,test_ood_soil,5,unet,64.0,5.0,2000.0,0.0,False,huber,False,1008558,0.023082939109742,0.01554334846289,0.0299700381573928,0.0228765150521895,0.0661302236248671,0.0503773409547862,0.0802847312726553,0.0652137290353971,0.4823097828775644,0.4007930659121484,0.5436840581591241,0.4788402446998361,0.1241227592371193,0.109644286699909,0.1429810296060621,0.1244336167044339,-0.2549593165182758,-0.2580203549439108,-0.2484167411937529,-0.2538989588297198,-0.0027202239128028,-0.0029989886853671,0.0006754488627157,-0.0016246195077262,0.1135280685909801,0.0705081338730141,0.1508085406441289,0.111965008699151,0.0,0.0,0.0,0.0,0.0,0.0,0.0,0.0,0.1004598446767228,0.000546831303903,0.5620075253135863,0.2171743088145761,0.0527145838037338,0.0334623545935339,0.6993245861132487,0.279244990028827,0.0363865649606299,0.03197281003937,0.0407049704724409,0.0363833353838582,0.0364822074333696,0.0142418990960746,0.0824867226641014,0.0422200882265146,27.677438165972585,9.116160629581682,46.40701268368657,27.4584815278208,0.2526195059398191,0.184276120083915,0.3300288322574414,0.2546000690185807,0.8091179573035442,0.6835561269772416,1.0306847197672564,0.8403455964438689,1.2500119817066329,1.249900029291368,1.2705537654966874,1.273914804572352,-0.9592229149902384,-0.9851955331130388,-0.8672390178208662,31.16912328693619
unet_K5_noact_n2000_s0,test_ood_soil,10,unet,64.0,5.0,2000.0,0.0,False,huber,False,1008558,0.0411760069133198,0.0314693448559185,0.0505185404502123,0.0412229312597166,0.0892738700686335,0.0734846198704564,0.1028674323748303,0.0888080804826235,0.5062589976005256,0.449849656666629,0.5664707541582175,0.5079524719311439,0.1274991458389218,0.1107776399903443,0.1413521296474924,0.126616425974634,-0.255213512358489,-0.2577734588315474,-0.2482080496227178,-0.2536436051660806,-0.0053616023159818,-0.0059518636300874,0.0014610516538359,-0.0031712271128315,0.2188457310724836,0.1671073262968172,0.2775545604413493,0.2214444997392265,0.0,0.0,0.0,0.0,0.0,0.0,0.0,0.0,0.0710564689639551,0.0003115438225703,0.3358113025715237,0.129858427143311,0.0373621553534711,0.0246436157827432,0.5743563125223209,0.2201666313739128,0.0417230561023622,0.0363865649606299,0.0469672736220472,0.0414912955216535,0.0343206142159845,0.01652568094609,0.0791473933308807,0.042898346941301,24.609349674099214,7.86272400961581,39.55291146628272,23.92009313201217,0.2637420874753694,0.1924960661220455,0.3310673179709354,0.2639187482278596,0.8110644993795605,0.6850751064036668,1.0355445876050111,0.8430832309135983,1.2500014280337814,1.2498934549915592,1.250213759172956,1.251839727630936,-0.9627241196628992,-0.9858239204345958,-0.8218932011848897,37.26197897902452
unet_K5_noact_n2000_s0,test_ood_soil,20,unet,64.0,5.0,2000.0,0.0,False,huber,False,1008558,0.0686459494021214,0.058361783862974,0.0805855231673266,0.0696000140542816,0.1174178570058125,0.1021734950858831,0.1320736235523191,0.1180845420328253,0.5404655825695954,0.4807182252407074,0.607183892535977,0.5455710661639114,0.1311421833242848,0.117749489054485,0.1446498945419819,0.1310774423264208,-0.2549634903545565,-0.2571426371187252,-0.2480597035560015,-0.2533895478016613,-0.0104044024505714,-0.0117156698211387,0.0033598228969985,-0.0060292136700755,0.4430221046692528,0.3650225155418991,0.5202275061187442,0.4443904568975089,0.0,0.0,0.0,0.0,0.0,0.0,0.0,0.0,0.04261719591428,0.0001994615200125,0.1878054072506379,0.0781905923565785,0.0282494589310334,0.0187807971257428,0.4491506019471014,0.1711177625447364,0.0473517470472441,0.0413385826771653,0.0529988927165354,0.0473698941929133,0.0411663273486484,0.020010919212146,0.0842702638181748,0.0488477738746726,21.33712663017218,8.28089154191503,37.53891950741241,22.672232070270347,0.2814447495925185,0.2099320960918741,0.37708198966651,0.2884330242987582,0.8154858498664735,0.6886687203659728,1.0441466500431122,0.8490008090393815,1.2500000054270444,1.2498715564563814,1.2502515769788742,1.2622456690983646,-0.959742221602302,-0.9854329363270152,-0.757762836359189,86.70927804541576
unet_K5_noact_n2000_s0,test_ood_soil,50,unet,64.0,5.0,2000.0,0.0,False,huber,False,1008558,0.1174552568574872,0.1012668549057698,0.1326787376457566,0.1168000351243981,0.1598726796060696,0.14152920738436,0.1779307125944618,0.1600589216187659,0.5970729709370062,0.519014627346769,0.7003223036415875,0.6060672666984465,0.1418546618995565,0.1257575641758512,0.1570936631225685,0.1419583260399582,-0.2549041576976778,-0.2566003598531486,-0.2472099409530556,-0.2528314549479344,-0.0235702851440572,-0.0278375689622686,0.0115241479079995,-0.0127142368806289,1.110562001958804,0.9820759707270278,1.2292357936885374,1.1093453293969409,0.0,0.0,0.0,3.082275390625e-05,0.0,0.0,0.0,0.0,0.026708405162631,0.0001531286158889,0.108136812232103,0.0458989098483321,0.0228964296734509,0.0161949052500175,0.3373348194805806,0.1270018103521528,0.0511349655511811,0.0466043307086614,0.0578001968503937,0.0511867925688976,0.0600207358413705,0.0299344214197699,0.1148249076066325,0.0680716638937643,21.984781651411275,8.960188292767835,37.11997250150248,22.430080336985288,0.3330310432516261,0.2318414069083673,0.4620924320973828,0.3411662434829457,0.8323925790003146,0.7041293027455401,1.0740549563961903,0.8697996497508862,1.249992420272248,1.2498554879596488,1.2502758607369406,1.2525011748801482,-0.9611617275147846,-0.9862927174082636,-0.6434394638150311,17.037198163979486
unet_K5_noact_n2000_s0,test_ood_both,1,unet,64.0,5.0,2000.0,0.0,False,huber,False,1008558,0.0045408901929529,0.0005767458699893,0.0088929878090012,0.0045814787647648,0.0274680292806421,0.0051556836749308,0.0436772716421446,0.0255671687008849,0.3711639940738678,0.1534771420061588,0.4819639455061406,0.3370080955355661,0.1139657305914672,0.045688878512853,0.1512822078995359,0.106337748503529,-0.252128333291202,-0.2616976291731142,-0.106666979104311,7.41242661861264,0.0007444860818975,-0.0005645692811926,0.0025454023147831,0.0007950172985625,0.0204644613948054,0.0018050370709681,0.0416533222468132,0.0205519567056456,0.0,0.0,0.0,0.0,0.0,0.0,0.0,0.0,0.2997748258524372,0.0029141610787583,0.9598924206607616,0.400234345550514,0.4797195345299101,0.0748818444634722,0.7756812114108702,0.4034263846781221,0.024775467519685,0.0170952263779527,0.034027436023622,0.0254722871555118,0.0350132910144806,0.0182831669894716,0.2970497310119228,11.692438020035834,50.74576826787366,24.476518392706307,87.96088597181951,53.93010754419325,0.3211881962594215,0.191659087663878,0.4342823625161272,0.3147280546489519,1.240046164087255,0.8075947474462969,1.8802009657816656,1.2786327613567834,1.2500108724059755,1.2498757335534123,1.2505467971663515,1.2556109351503777,-0.9630620990530164,-0.9812343390901952,-0.7318880929656899,7.884507387153569
unet_K5_noact_n2000_s0,test_ood_both,5,unet,64.0,5.0,2000.0,0.0,False,huber,False,1008558,0.0203603872002171,0.0129515582670486,0.0283321893719954,0.0204795923593829,0.0615797581847599,0.0463014099348584,0.0765507710649853,0.0609053662126403,0.4619357301853597,0.3888399854302406,0.5325725298374892,0.4600737003225367,0.1213340358174669,0.1021972025981943,0.1406154086502805,0.1215432529616168,-0.2435988377487903,-0.2571690345871746,-0.206849537043239,-0.2363226200586894,0.0037303876236785,-0.0028145815511197,0.0127204783732831,0.0039699921441592,0.102175300249489,0.0620127580033893,0.1397973467990698,0.1004353728212894,0.0,0.0,0.0,0.0,0.0,0.0,0.0,0.0,0.0449355597618214,0.000845789919456,0.3911192243126928,0.1402599354957438,0.1547103847780452,0.0374233193221939,0.4425871023427802,0.2076429455377975,0.0306963582677165,0.0219334399606299,0.0396007627952755,0.0307391117125984,0.0420072273749807,0.0234484189906391,0.0816529265787294,0.0487210807082591,31.85141400020504,11.1608862005203,58.71424517028404,34.09053209470232,0.280705933375279,0.2129130270969162,0.3692139020367735,0.2867490852760805,1.241517179396294,0.8049081296300596,1.879601520803945,1.277820894874153,1.2499942679252896,1.249676633863711,1.2516613153160048,1.257739657386812,-0.9575065615640578,-0.9812949678865746,0.319034888842225,157.2173097022931
unet_K5_noact_n2000_s0,test_ood_both,10,unet,64.0,5.0,2000.0,0.0,False,huber,False,1008558,0.0373141495733078,0.0279542478677832,0.0490597927325639,0.0378998644503241,0.083292372638581,0.0689136493722963,0.0994171043725386,0.0839298252146731,0.4904156955890357,0.4203918870538473,0.5657880939543247,0.4901555004448164,0.1234165824136832,0.10813952046346,0.1383502003104073,0.1232586413432741,-0.2433426658980326,-0.2569908776640839,-0.2145110617387097,-0.2377564119648838,0.0074798754019138,-0.0056403255253808,0.025423976934986,0.0079273314463025,0.2031365261881519,0.1463365636823937,0.253245817933636,0.202969351822928,0.0,0.0,0.0,0.0,0.0,0.0,0.0,0.0,0.0161692013701453,0.0004436189142844,0.2187991715190119,0.0777210246421601,0.1155845190164894,0.0279980208826281,0.3241476912250961,0.1533156561784249,0.0358636811023622,0.0267747293307086,0.0449926181102362,0.0357185039370078,0.0482054593274408,0.026118069075796,0.0738089968235543,0.0489004015474005,29.333736845801816,9.91200684202338,51.56727650333477,29.82904304049632,0.2721332594956956,0.2096046020328447,0.3346718321673316,0.2746976048022396,1.2432867577504412,0.8017006880189759,1.8787329806301016,1.2767737322580308,1.2499928367875677,1.24972794484327,1.2502285086119476,1.2697885564936484,-0.9619598331568484,-0.9814387487489576,-0.3299470968352201,136.51803808202095
unet_K5_noact_n2000_s0,test_ood_both,20,unet,64.0,5.0,2000.0,0.0,False,huber,False,1008558,0.066650387457482,0.0518075480586064,0.0800125464384032,0.0663556952729073,0.1146112325595306,0.0955922733997984,0.1325246460774717,0.1139765791258366,0.523480364761781,0.4594466462731361,0.6107247550971806,0.5317553221032721,0.1281670758021714,0.1119084916383298,0.1433493640956133,0.1284010778776669,-0.2426650555691222,-0.256873424161834,-0.2183181764830603,-0.239085546623882,0.0150322632943164,-0.0113721290570692,0.0507748875612705,0.0158046871144629,0.420311699092146,0.3348320735125613,0.5081415400319403,0.4173470080982215,0.0,0.0,0.0,0.0,0.0,0.0,0.0,0.0,0.0069022298910017,0.0002705638551128,0.1368185097890161,0.0458582372675787,0.0829761521560207,0.0232201265054815,0.2439007527499477,0.1159597268459464,0.0422613188976378,0.033984375,0.0492987204724409,0.041824403297244,0.0523192935268678,0.0297577106367996,0.0771232581148584,0.0532249044741441,26.35036232691592,10.55861764406351,45.76772692206826,27.45850022465766,0.2822679602102578,0.2240555713676308,0.351986042238437,0.2854806399464242,1.246748139579524,0.7919334223737703,1.8767110384815404,1.274583641657098,1.249990378814301,1.249807678730002,1.2505803679732432,1.2555312286182514,-0.9614355851595684,-0.983312153921496,-0.4339186087516178,44.96635904857269
unet_K5_noact_n2000_s0,test_ood_both,50,unet,64.0,5.0,2000.0,0.0,False,huber,False,1008558,0.1122211136039863,0.0973598615925597,0.1271956307836221,0.112804233848878,0.154697440090449,0.137303977839234,0.1741337054267942,0.1555971416810246,0.583422165364027,0.5028897136449814,0.6730050968006254,0.5872861901615397,0.1387606564941071,0.1237958469152437,0.1556644672714424,0.1388188093573799,-0.2418698295009462,-0.2567323294030835,-0.2187624682918803,-0.2395387258649802,0.0380396523096442,-0.0285985244089633,0.1262880479725499,0.0391569142462474,1.039879687861482,0.8673013813749686,1.177894512124868,1.0383263038896045,0.0,0.0,0.0009277343749999,0.0004171752929687,0.0,0.0,0.0,0.0,0.0039279460278711,0.0002436237704009,0.0717207850847059,0.026191715319442,0.0664120874826887,0.0242294469884362,0.1757095700637699,0.089002059023965,0.0477362204724409,0.0410832923228346,0.053927780511811,0.0476785494586614,0.0736059296233564,0.0460445593336898,0.0992949216966356,0.0734956905333786,24.626405806957223,8.45472960362632,44.56602013833103,25.8724566571836,0.312025002076132,0.228288445567601,0.410779046842363,0.3126685335263328,1.256453563274162,0.7708101763506127,1.868216134360731,1.267578565144117,1.2500093969271058,1.2498308210023774,1.2508207977989283,1.2573624860006452,-0.9666809191076304,-0.983800251513079,-0.5813945145887418,67.13811360284163
unet_K5_noact_n2000_s0,test_ood_policy,1,unet,64.0,5.0,2000.0,0.0,False,huber,False,1008558,0.004682381946623,0.0015772179002213,0.0093953785927931,0.0051025433551889,0.0247020318161239,0.0116841446534506,0.0422307439090972,0.0259159386287348,0.2964172788342694,0.2005778858758276,0.3995200555364135,0.2948140644065551,0.0943912442997001,0.0650831348733322,0.1278163030214666,0.0947749076455202,-0.2532233530312248,-0.2608272350990597,-0.2422195773129711,-0.2500629897868905,-0.0004217036007581,-0.0006035708875289,0.000625061394734,-0.0001220035660246,0.02110746592398,0.0064405436262123,0.0418943340042562,0.022968823242018,0.0,0.0,0.0,0.0,0.0,0.0,0.0,0.0,0.349898796668061,0.0030833106887831,0.9641493993015596,0.4038260815166287,0.1462882104330426,0.0881262670853847,0.8889182034467177,0.3993298391412893,0.0294045275590551,0.0259565698818897,0.0328647883858267,0.0293560839074803,0.0281601144521127,0.0098618244319762,0.0936271748795219,0.2920912430544241,48.7527858158804,23.175554442495777,77.01048963192993,49.76319773697661,0.246369389403802,0.1762522397357861,0.350375636825759,0.2522230890680777,0.8186607574655225,0.6816572213203957,1.133099524593924,0.8803980339030842,1.250012142449013,1.2498967710844382,1.2501970030020315,1.2606055599040866,-0.9652049737305552,-0.9868221890107438,-0.8989545924407892,-0.6697354766100282
unet_K5_noact_n2000_s0,test_ood_policy,5,unet,64.0,5.0,2000.0,0.0,False,huber,False,1008558,0.0212704040007442,0.0150590218766921,0.0286219310627712,0.0215837252343148,0.0573737274565932,0.0421860148290986,0.0700417834402013,0.0567469135273395,0.3742899301287252,0.3041192565578967,0.4209771268477197,0.3678366000672395,0.0995717502519504,0.0820831216684931,0.1182557408785579,0.0994069905069987,-0.2534710281594277,-0.2585996752831705,-0.2418162091861995,-0.2511552675533478,-0.0020840031924311,-0.0029993441417746,0.0031683346163445,-0.000580416257706,0.1098967584389116,0.0719777747427219,0.1435255137305355,0.1085580779879448,0.0,0.0,0.0,0.0,0.0,0.0,0.0,0.0,0.0655916440708926,0.0009882434964091,0.4656730594249398,0.1814547820545091,0.0592803736105824,0.0441992189407592,0.6430168425297519,0.2531239484843167,0.034910187007874,0.0306625246062992,0.0398591289370078,0.035160248523622,0.0321103666932899,0.0147544077208596,0.0813222181346461,0.0419745189306821,28.79388770059601,11.040515069927306,47.62678233442524,29.599307378785376,0.2568129977087652,0.1896299692281829,0.3634591220799721,0.2690632899386586,0.8199516624749542,0.6827323455038327,1.1375706037042423,0.8827696546556052,1.249995634516766,1.2498060369190842,1.2502947076085342,1.2736967456720958,-0.9595975796337324,-0.9864728950032916,-0.6888779381721402,0.7373946839407794
unet_K5_noact_n2000_s0,test_ood_policy,10,unet,64.0,5.0,2000.0,0.0,False,huber,False,1008558,0.0388208126225217,0.0290461257640147,0.0494548941272539,0.0388837475708498,0.0782907742688465,0.0627486162428058,0.0922615067784669,0.0774880687267494,0.3972547091543674,0.3430100172758102,0.4522970989812165,0.39735298165931,0.1016073218590473,0.0877110563908323,0.1153062536566011,0.101368674604284,-0.2537722546724386,-0.2578164218703777,-0.2426193376776375,-0.2510598790023381,-0.004106327515195,-0.0059522978381282,0.0064433999943589,-0.0010867738103307,0.2181917027708172,0.1591508028371648,0.27435567471707,0.2187431154912909,0.0,0.0,0.0,0.0,0.0,0.0,0.0,0.0,0.0484773516789516,0.0005664773091885,0.2824860058023477,0.1114949752279824,0.0436408054519753,0.0322736333832057,0.5210171840187042,0.1964841584866657,0.0398929625984251,0.0344765009842519,0.0455370324803149,0.0400126107283464,0.035124342573915,0.0169638234135015,0.0805528322946014,0.0438052788630475,25.19710698962556,10.229225805939882,42.990232160273216,25.80539318415942,0.2761510588847254,0.1939340029342107,0.3700069327373781,0.280927255131608,0.8217531588730389,0.6841245049761052,1.1431844096279693,0.8858703070131213,1.2500016946062034,1.2498487993332512,1.2510752473806714,1.2681920626312682,-0.9674879039248612,-0.9856269917514704,-0.8326565690479071,22.74124978154577
unet_K5_noact_n2000_s0,test_ood_policy,20,unet,64.0,5.0,2000.0,0.0,False,huber,False,1008558,0.0619118268350851,0.0525792750013654,0.0755515279104158,0.0628435593446823,0.0997657092604818,0.0868005806114945,0.1154518827155707,0.100675087033647,0.4202891495078802,0.3717736101709306,0.4818973521876614,0.4259352721844152,0.1042162685605166,0.0919442957708259,0.1186284504000892,0.1048115864401178,-0.2539293866676763,-0.2573007830551895,-0.2415527210527286,-0.2509043132506445,-0.0079645316187213,-0.0117138646140246,0.0133068341612033,-0.0018775843036718,0.4315302132142306,0.3583595310337108,0.5163502766908299,0.4343786913727339,0.0,0.0,0.0,0.0,0.0,0.0,0.0,0.0,0.0336104387155877,0.0003694998890061,0.1555648625041339,0.0660860351985742,0.0331270451638838,0.0252473944984143,0.4055539932903554,0.1529971047600093,0.0446450541338582,0.0383427657480315,0.0517439714566929,0.0447916154035433,0.0436105670839392,0.0220987740890679,0.0892202615658405,0.0519180537304072,24.212677513214,9.84481087753895,40.27754554760213,24.56011145154824,0.3207549538987148,0.2238532944731821,0.4258653923154564,0.3220338635932848,0.825966039948602,0.6878164520697349,1.15448960967095,0.8924941308967951,1.24999799979807,1.249829169149674,1.2506027689563883,1.2690949419445725,-0.9602611457858216,-0.9860708761290428,-0.7668477277276056,1.1992405967052
unet_K5_noact_n2000_s0,test_ood_policy,50,unet,64.0,5.0,2000.0,0.0,False,huber,False,1008558,0.100869208986685,0.0898660248121761,0.1161016410354676,0.1021526463040708,0.1348525475455437,0.1208701291545206,0.1533938146656537,0.1364708110869236,0.4835453927516937,0.4187646772712469,0.5781956733670086,0.4958745302149873,0.1158857520926271,0.1052000568709965,0.1329956479256708,0.1174476552571011,-0.2536347034479751,-0.2567412737127758,-0.241455221047138,-0.2504168717793278,-0.018035985835022,-0.0278110399595044,0.0364629157204954,-0.0024974103503608,1.0826046159693217,0.9583313820157155,1.2103589532106651,1.084531504513676,0.0,0.0,0.0012329101562499,0.0002752685546875,0.0,0.0,0.0,0.0,0.0223591249339591,0.0003168896397751,0.0973266492758203,0.0415375651088343,0.0288672545588151,0.0228374028979313,0.3180581879502398,0.1182052197236142,0.04564468503937,0.0403481791338582,0.0513041338582677,0.0456283833661417,0.0661665256455306,0.0335468143606389,0.123869110373667,0.0750256555745337,23.573217899817017,8.035899358127217,38.64034484957988,24.056244794219264,0.3807415991394592,0.2658185325842538,0.5192686908862287,0.3855079729521462,0.8435898649113323,0.7035416601789607,1.1906907203796946,0.9152086222289229,1.2499908703823503,1.249814260421415,1.2504652539549863,1.260234992512451,-0.960438847280136,-0.987762051634353,-0.6251868450894335,87.59651899073444
unet_K5_noact_n2000_s0,dev,1,unet,64.0,5.0,2000.0,0.0,False,huber,False,1008558,0.0048118457325347,0.0016297224466594,0.0090679229827268,0.0051696393040179,0.0253395458937335,0.0121313423741416,0.0390165093681934,0.0260025974561184,0.3001053834450431,0.1857054803520441,0.3806286705574166,0.2953626933947794,0.0950389360973448,0.0647796697453084,0.1223386964927472,0.0936418590918631,-0.2531210033342961,-0.2606706814520595,-0.2400276458218048,-0.249262830173132,-0.0004218975617947,-0.0006030230798296,0.000522482525901,-0.0001519537528376,0.0218445640953321,0.0075959349102759,0.0421000150788292,0.0235896654740569,0.0,0.0,0.0,0.0,0.0,0.0,0.0,0.0,0.3379225950943192,0.0037860491077846,0.9657062463875108,0.3980788300814912,0.1468583932495174,0.090353752332142,0.8776040525201928,0.4031063481919059,0.0294506643700787,0.0260519192913385,0.0339874507874015,0.0295869217519685,0.0279328009188808,0.0105452222540314,0.1021132694959999,0.0721742328821098,46.57939975679346,17.83424751688444,76.78978970415797,47.22034647039314,0.2512801894061801,0.1726423152547564,0.3345460693476079,0.2522432843620405,0.8171512465841089,0.6817008690732178,1.1060733834873118,0.87344217212763,1.250005231145232,1.2498844773671345,1.2507609344334198,1.269469611652574,-0.9663686109694488,-0.9858885190553066,-0.8821337807133924,-0.9183096949450762
unet_K5_noact_n2000_s0,dev,5,unet,64.0,5.0,2000.0,0.0,False,huber,False,1008558,0.0227641616479128,0.015576504333425,0.0305877674633656,0.0229868107296306,0.0596999351475783,0.0447087135341447,0.0729389947870714,0.0593356138651966,0.3854745156131685,0.3204448764590779,0.4337815045029856,0.3810886853041756,0.1033586618342119,0.0850889821042122,0.1196591396298727,0.1025007802662141,-0.253729704269563,-0.2576068244965402,-0.242682738297968,-0.2513003932574805,-0.0020818566371934,-0.0029964260791834,0.0026490272394548,-0.0007300379377366,0.1132800734973976,0.0749802423885683,0.1566217634192744,0.1152673958083761,0.0,0.0,0.0,0.0,0.0,0.0,0.0,0.0,0.0723243851869179,0.0010471213261146,0.4825159374197048,0.180518013230403,0.0594639697545519,0.0438735090729049,0.6536947837607309,0.2560839401834074,0.0356791338582677,0.030265748031496,0.0405265748031496,0.035539185531496,0.0300951185653807,0.0139842169365124,0.0765461147616026,0.0387034837624194,27.879894171413486,9.492379048130974,48.33190492765064,28.20773131484114,0.2699063266830935,0.2011066828027586,0.3604884279825618,0.2759496333182618,0.8187675426741627,0.6827099675156966,1.1095256032762657,0.8758139682920403,1.2499999976432157,1.2498831359292468,1.2540229853992797,1.270415951362274,-0.9660841465343424,-0.9879225628906324,-0.76972478841181,-0.782451354277659
unet_K5_noact_n2000_s0,dev,10,unet,64.0,5.0,2000.0,0.0,False,huber,False,1008558,0.0397768615459882,0.0304625790978207,0.0488784521298589,0.0400511942054327,0.0797560862599726,0.065497290593649,0.0910794377631879,0.0791994968581852,0.4014803093159571,0.3577359031012747,0.460365067794919,0.4058573533426124,0.1047927832331371,0.0886100365438365,0.1152528778458311,0.1036530520870243,-0.2540439921300707,-0.2572904621934685,-0.2432380244444326,-0.251254703756089,-0.0040941800773509,-0.0059458558442906,0.0053949919810856,-0.0013857462463484,0.225190481683066,0.1678705975252251,0.2804151299988031,0.2246340534690086,0.0,0.0,0.0,0.0,0.0,0.0,0.0,0.0,0.0553058304537945,0.0005872760458028,0.2741583337465218,0.1139866519235336,0.0413271234664727,0.0322981377406279,0.5210835278328191,0.2013817907523323,0.040277436023622,0.0342427411417322,0.0461122047244094,0.0401743971456693,0.0341613726511448,0.0166698361441929,0.0807025288208152,0.0425855610465554,26.639119104479025,10.335634334284928,41.48850672878525,26.076079301671857,0.280145282599314,0.211193300987337,0.3647607982022174,0.2855555110444065,0.8209234997701679,0.684180434208246,1.1146977907769822,0.8789101132105449,1.249994739270384,1.2497751955074996,1.2502018241196349,1.2562631908684805,-0.9607244666803028,-0.9854036298966552,-0.7415227406291773,23.72252657102625
unet_K5_noact_n2000_s0,dev,20,unet,64.0,5.0,2000.0,0.0,False,huber,False,1008558,0.0648430571582648,0.0552081756684423,0.0756916349799092,0.0650650044675096,0.1024111452799081,0.0904583395485639,0.117444997102573,0.1029333704531071,0.4258750699227676,0.3809782149153761,0.4825166402588365,0.4294829212017612,0.1067425812526109,0.0962654858952061,0.1189014823508041,0.1070083678126163,-0.2539671229668653,-0.2570370755255687,-0.2427967219078201,-0.251183561783053,-0.0079072661313901,-0.0117017301416012,0.0112284087944462,-0.0024745600840766,0.4466115031552905,0.3662586300565452,0.5282391588728904,0.4466951176902816,0.0,0.0,0.0,0.0,0.0,0.0,0.0,0.0,0.0376151965973868,0.0003675869321121,0.160014277769652,0.0674851449551007,0.0322291256419945,0.0250381471031023,0.4114193930239378,0.1562556769405137,0.0447834645669291,0.0390409694881889,0.0503506397637795,0.044623062253937,0.0417084877280644,0.0212484028556014,0.0844783404648068,0.049370348740951,24.08728812888557,9.289295335554655,38.59914048036548,23.775968478959168,0.3128689027950057,0.234103963023722,0.4216505220870714,0.3157265893022865,0.8256788717890616,0.6880088448569093,1.1257007686222316,0.8855162607245555,1.2499960258597715,1.2497865353476474,1.2587517316862993,1.2476529358976864,-0.9593835382384248,-0.9855492793628174,-0.6682365709273671,111.0789078268623
unet_K5_noact_n2000_s0,dev,50,unet,64.0,5.0,2000.0,0.0,False,huber,False,1008558,0.1016815801506006,0.0893578000023523,0.1141915446307148,0.1015744337143295,0.1356679181488902,0.1205304392703324,0.1519782727585528,0.1356282859308598,0.4862191299907863,0.4232920642476528,0.5659953849157319,0.4927572694798801,0.1166376466118492,0.1044867519268002,0.130031763412168,0.1170143168583047,-0.2537052942585456,-0.2566652912615019,-0.2423480209582948,-0.2507408059190654,-0.0177478682556744,-0.0278016831160811,0.031072157869763,-0.0039840151964501,1.1116152041942031,0.9547110988441592,1.2188865735595171,1.093524718750048,0.0,0.0,0.0005554199218749,0.0002023315429687,0.0,0.0,0.0,0.0,0.0257448100373976,0.000314631270107,0.0990241973336648,0.0433049349845353,0.0271307752496282,0.0227614465248728,0.325360020956403,0.1201786111084574,0.0455831692913385,0.0398529773622047,0.0517378198818897,0.0458856729822834,0.0669739744039481,0.034605281616682,0.1190463702186971,0.0742191629623227,21.572492467211603,9.015324950789436,37.69277033108048,22.351561566542703,0.3776404269646635,0.261741081610145,0.5048926454047318,0.3841409969239575,0.8432698816504558,0.7038563344943755,1.1600064923604938,0.9081225692287466,1.250005576894611,1.2498430082513188,1.253207871783056,1.2634849762490243,-0.9639334056907236,-0.9870431215119114,-0.5238610249082967,57.05773189063136
latentB_K5_z64_l1_n2000_s0,test_indist,1,latentB,64.0,5.0,2000.0,0.0,True,l1,False,1005361,0.0046424377120886,0.0015890848604815,0.0090983324457117,0.0049559701333239,0.0253215832133629,0.0114623476801499,0.0405524635256809,0.025998716782075,0.299300044105621,0.1985000246218987,0.3926600471022539,0.2953460485997686,0.0963964795858178,0.065893518602185,0.1242583406935004,0.0955740500035076,-0.2500274938035383,-0.2500816100973432,-0.2500144943777856,-0.2500664714907838,-2.473459504359621e-06,-2.5111115206755133e-06,-2.465986145455901e-06,-2.485915145390867e-06,0.0225851723149266,0.0073836986326416,0.0428068144950721,0.0234379799722542,0.0,0.0,0.0,0.0,0.0,0.0,0.0,0.0,0.4005697435771848,0.0039527159173563,0.9566352069344856,0.4133195368907712,0.1723592141337208,0.0902535938413557,0.8993868244501826,0.4192543596067244,0.0082584891732283,0.0066744586614173,0.0095687746062992,0.0081322281003937,1.3608769718412728e-05,6.87616387979857e-06,3.912733578422485e-05,3.137803861931141e-05,44.824607991215416,21.509577369211925,69.14764764426502,45.36666434375881,0.3022124383320527,0.2445973173360932,0.3860704503280977,0.3102863115297637,0.0196934239054427,0.019358164430617,0.0197625916918865,0.0195843622928495,1.2500006802695327,1.2498957639265935,1.2502986310399689,1.272544343722919,-0.9999699738241,-0.999984828556116,-0.999913242820636,-0.999930171492238
latentB_K5_z64_l1_n2000_s0,test_indist,5,latentB,64.0,5.0,2000.0,0.0,True,l1,False,1005361,0.0228352876828698,0.0145507674510498,0.0303485382364225,0.0223011482909997,0.0595240680060379,0.0447395289409901,0.0731080243139588,0.0588891791413763,0.3775002919137478,0.3191802248358726,0.4333002989005763,0.3761172550250819,0.1020986157935449,0.0862234004464459,0.1198423724498486,0.1026065354416964,-0.2500267337470624,-0.2500428554241121,-0.2500207436316182,-0.2500302781889161,-1.2367568299489489e-05,-1.2554734907084254e-05,-1.233283522786266e-05,-1.2431369399418376e-05,0.1161941484272974,0.0732166856678641,0.1498565380190817,0.1134662468135757,0.0,0.0,0.0,0.0,0.0,0.0,0.0,0.0,0.0834768979168248,0.000958543757588,0.4503520881551955,0.1825993071772224,0.0658058159034213,0.0442634197100242,0.6801641650617251,0.2694714388475501,0.0160863681102362,0.0129429133858267,0.019718873031496,0.0161423474409448,1.3815841811656577e-05,1.032138581675945e-05,2.178167193738173e-05,1.5677671487063086e-05,22.696424368798368,8.541162713534344,37.58680892576665,22.70759425273418,0.1821351138901256,0.1556920548869607,0.2292851263276734,0.1882703219143816,0.0197205899599103,0.0193309621530018,0.019768223108255,0.0195903108324211,1.2500014525536995,1.2498814129537947,1.251048303104366,1.2580309278146518,-0.9999698926646156,-0.9999840778384068,-0.9998724590502304,-0.9483466765949776
latentB_K5_z64_l1_n2000_s0,test_indist,10,latentB,64.0,5.0,2000.0,0.0,True,l1,False,1005361,0.038934952994507,0.029144147343802,0.0499338628837461,0.0393005463064349,0.0792940939017669,0.0664455715794958,0.0934863422010436,0.0793651955281022,0.3981005661771633,0.3495005831122398,0.4538804696407169,0.4001975008427408,0.1046504309884436,0.0895971763976415,0.1182749471629097,0.1045890252887531,-0.2500278005316686,-0.2500365275762767,-0.2500218698801362,-0.2500287388746438,-2.472810354799293e-05,-2.510833392115331e-05,-2.466580742785852e-05,-2.4861952342433163e-05,0.2249067511155231,0.1718731234301999,0.2844905387959079,0.2252573724484335,0.0,0.0,0.0,0.0,0.0,0.0,0.0,0.0,0.0478546547961314,0.0006239707216562,0.2703927541016688,0.106487964321531,0.0450147833414688,0.032717236170854,0.5477050011104581,0.2096908413833167,0.0236681840551181,0.0194697342519685,0.0282757135826771,0.0237074003444881,1.6162147738937145e-05,1.268313886800838e-05,2.166666574212186e-05,1.6741332137112712e-05,15.552030771477597,6.042427592526791,30.16746153455525,16.847436614356333,0.1539542610600829,0.1311227474148773,0.1815438137276142,0.1550265834060219,0.0197475887214665,0.019374775568915,0.0197842891017873,0.0196096143390621,1.2499998137227917,1.249848071821822,1.25023922299819,1.2717684370192708,-0.999967536961052,-0.9999832584644944,-0.9998303826032772,-0.9239223002311904
latentB_K5_z64_l1_n2000_s0,test_indist,20,latentB,64.0,5.0,2000.0,0.0,True,l1,False,1005361,0.0636577121288627,0.0532409649549187,0.0758944738271908,0.0642755402346713,0.1025242805556121,0.0903226808285422,0.1183108248817238,0.1037688778607303,0.4307007142924703,0.3814811120042577,0.5093411803245544,0.4372910583492267,0.1072100678427709,0.0959727797970487,0.1198648814606389,0.1081777351763209,-0.2500277138920146,-0.250033608085068,-0.2500233649902644,-0.2500282888134223,-4.9430096814280245e-05,-5.021000386315678e-05,-4.932814602019354e-05,-4.97174411248444e-05,0.447810302839404,0.3730616695120436,0.5285453760401604,0.4494446190270619,0.0,0.0,0.0,0.0,0.0,0.0,0.0,0.0,0.0356731293964397,0.0003697082186128,0.1598214378552831,0.0668266100527832,0.035424334607023,0.0245087058401524,0.4374889614845277,0.1656291915723261,0.032957062007874,0.0276205708661417,0.0374938484251968,0.0329326094980314,1.9731290267301627e-05,1.658938337162465e-05,2.3762515442427585e-05,2.003042757952701e-05,12.700117927320049,5.866551684357295,22.478100090505283,13.496779335832816,0.126671436716033,0.1116553105732672,0.1546236235632578,0.1303416872125758,0.0197767575077806,0.01940703599025,0.019799633058982,0.019636210128925,1.250008300164878,1.2498689725455503,1.2533043733875668,1.2816749446309046,-0.9999684198651316,-0.9999843755858544,-0.9998232674170578,-0.935906502309052
latentB_K5_z64_l1_n2000_s0,test_indist,50,latentB,64.0,5.0,2000.0,0.0,True,l1,False,1005361,0.1037409013758087,0.0900941109186395,0.1183521487247083,0.1037755084519592,0.1396313452193255,0.1223168881042963,0.157501550212861,0.1393375056991767,0.4970037192106247,0.4220029580639675,0.5893829688429832,0.5022906484703208,0.1195161354885029,0.106176030156672,0.1352259103038934,0.1200626264482197,-0.2500282153990322,-0.2500319349173863,-0.2500254657199074,-0.2500286953781686,-0.0001234885933762,-0.0001255169987872,-0.0001232942809535,-0.0001242561677962,1.096040915431202,0.9808470715430008,1.2126753370836372,1.0914950593460804,0.0,0.0,0.0,0.0,0.0,0.0,0.0,0.0,0.0245021608189682,0.0002274451942535,0.0963180664540945,0.0416900929819459,0.02747728413855,0.0189188717153831,0.3439835409137748,0.1292926305124408,0.0407080462598425,0.0343534694881889,0.04681656003937,0.0405311884842519,3.0275871174752618e-05,2.6857257014180392e-05,3.5155808523981745e-05,3.074906064601914e-05,12.570369817987332,4.148592801469141,21.49983459607175,12.755523661028128,0.1141992083960038,0.099608561322736,0.1329647326313554,0.115997794434736,0.0197852998924745,0.0194318121539394,0.0198090599284846,0.019651642751952,1.2499950333403935,1.249843831745201,1.2505173814562898,1.256321597896726,-0.999968373994902,-0.9999840990026904,-0.9998260402599566,-0.9362559260350424
latentB_K5_z64_l1_n2000_s0,test_ood_terrain,1,latentB,64.0,5.0,2000.0,0.0,True,l1,False,1005361,0.0041761340762245,0.0005807604502633,0.0078127134317352,0.0042735998661222,0.0239439625006902,0.0056174397317436,0.0367194558089946,0.0227112224663655,0.28810004144907,0.1251800768077373,0.3666599303483963,0.2645120783438324,0.0924721668938613,0.048747601874911,0.1208772145314818,0.0868780300088241,-0.2500289026768376,-0.2501505077760568,-0.25001596536644,-0.2503570721392283,-2.4860180882058108e-06,-2.51075607866369e-06,-2.435121442033506e-06,-2.480820166219866e-06,0.0213673530244136,0.0026429307521714,0.0386437421842324,0.0208898627437778,0.0,0.0,0.0,0.0,0.0,0.0,0.0,0.0,0.3466837680625829,0.0061004776719351,0.961969367022121,0.3933233265056284,0.5136524739867079,0.0959490168997252,0.808301740812837,0.4234912202485337,0.0073665108267716,0.0053518700787401,0.0092273622047244,0.0072960752952755,1.4955631026555358e-05,7.818215196679035e-06,6.960229974159109e-05,0.0001667695530978,47.07188345475342,22.0102183099804,68.53546564975478,45.83812616175396,0.3077993271016612,0.2255807894084969,0.39981176605526,0.3106322834204377,0.0195519377474125,0.0193248237744708,0.0198029483963009,0.0195957399205805,1.2500230086402055,1.2498978511822905,1.2680155621238598,1.293921712549931,-0.9999668097440712,-0.9999827483228548,-0.9998341200784828,-0.999629975492475
latentB_K5_z64_l1_n2000_s0,test_ood_terrain,5,latentB,64.0,5.0,2000.0,0.0,True,l1,False,1005361,0.0196164867514831,0.0123360746186457,0.0282491839743799,0.0199822698662527,0.0556904901442123,0.0405654299141305,0.0690723753506403,0.0550012225647769,0.3675002874806523,0.2920397318899631,0.4299402877688408,0.3676012560358503,0.0985544910092976,0.0819992457194613,0.1153752342279714,0.0987737057566432,-0.2500305641139653,-0.2500479241611999,-0.2500212737813507,-0.2500337223024413,-1.2431270425992126e-05,-1.2554742944331566e-05,-1.2179413635649896e-05,-1.240587765972592e-05,0.1008988914072274,0.0645528707492306,0.1445038019305699,0.1043959025527175,0.0,0.0,0.0,0.0,0.0,0.0,0.0,0.0,0.043433218367975,0.0013289802667282,0.3750910086065748,0.1378627977016396,0.1777693676098565,0.0484386018452762,0.4553397332212939,0.2268509576402732,0.0153481791338582,0.0114265501968503,0.0188638041338582,0.0152798966535433,1.606841568527797e-05,1.1226081103793492e-05,2.483416839839372e-05,1.7786892278954603e-05,22.428449253128058,8.78121530664048,38.85972617351869,23.26539652184142,0.2008864709229844,0.1638060706973954,0.2515082007959415,0.203324225829221,0.0195197770565021,0.0192569800031606,0.0197794567947476,0.0195738310248624,1.2499938374559267,1.2496628331035973,1.2502551026324409,1.2609179663756631,-0.9999665222473512,-0.9999840290456948,-0.9996818469572925,-0.8777190963677579
latentB_K5_z64_l1_n2000_s0,test_ood_terrain,10,latentB,64.0,5.0,2000.0,0.0,True,l1,False,1005361,0.0366272111028638,0.026862250104043,0.0475777453000049,0.0369116645430384,0.0755692753128986,0.0612549604484673,0.0900555350027735,0.075987538322901,0.3872005939483642,0.3333605952560902,0.4503005746752023,0.3903184465318918,0.1012341673391008,0.0864689975108797,0.1150621117613423,0.1014332800581903,-0.2500296101403339,-0.2500391834650591,-0.2500228440587577,-0.25003082046843,-2.4854545946908507e-05,-2.511001726422536e-05,-2.4363441679554405e-05,-2.481188746441384e-05,0.2104527742021105,0.1544927828125744,0.2715315272934141,0.2116904561956676,0.0,0.0,0.0,0.0,0.0,0.0,0.0,0.0,0.0252133424271482,0.0007385454387015,0.2213639492010639,0.0802845761963882,0.1275685034521537,0.0349583179067578,0.3521470788622916,0.1704371488105907,0.0228377214566929,0.0184824064960629,0.0266424704724409,0.0226428703248031,1.725024533434651e-05,1.3277537807588884e-05,2.299587446433924e-05,1.8038343561490545e-05,17.061191668713725,6.356408929667161,29.219920059450764,17.496931848197267,0.16091518216866,0.1340336434841041,0.1992912284831961,0.1642529903718629,0.0195835093842406,0.0193286641800079,0.0197889619746155,0.0196059104146602,1.2499928831479346,1.2498389050561372,1.2537062721609535,1.2762167283491688,-0.999968822976748,-0.9999849968164872,-0.999776789919822,-0.9113982221491812
latentB_K5_z64_l1_n2000_s0,test_ood_terrain,20,latentB,64.0,5.0,2000.0,0.0,True,l1,False,1005361,0.060889613670539,0.0482068668073061,0.0736334862586012,0.0609730205031217,0.1003334541893282,0.0829177508271778,0.1163048217730924,0.0995767150720466,0.413001149892807,0.3512590065598487,0.4832211337983608,0.4181467641133349,0.1047488017276776,0.0910107581369253,0.1188995444457859,0.1048338767261981,-0.2500298746314436,-0.2500378101569639,-0.2500237276966544,-0.2500304829598134,-4.967991230344638e-05,-5.021280974477805e-05,-4.873010904236709e-05,-4.962176199436855e-05,0.4154705140619219,0.3284551426967697,0.5230842969430728,0.4200349182872749,0.0,0.0,0.0,0.0,0.0,0.0,0.0,0.0,0.0159724648693007,0.0004172423946968,0.1259070107982271,0.0469109755111306,0.0995976589665278,0.0263968304218349,0.2808980126677899,0.1301783974317554,0.0316498523622047,0.0265409694881889,0.0360328494094488,0.0316879921259842,2.065710522094814e-05,1.713146224320428e-05,2.602000592837988e-05,2.1297105113209992e-05,13.708858655472486,5.784061638627575,25.70649738708633,14.964330530869738,0.1345348133217977,0.1140612883199711,0.1639850290210296,0.1375089513343687,0.0196072381109733,0.0193665161368882,0.019800551519102,0.0196231957108376,1.249993138916163,1.249706214872899,1.2504756109261208,1.2491341831539404,-0.999962988728162,-0.9999840908943592,-0.9995574208194064,-0.9104008379240788
latentB_K5_z64_l1_n2000_s0,test_ood_terrain,50,latentB,64.0,5.0,2000.0,0.0,True,l1,False,1005361,0.0990785175416668,0.0850208775555838,0.1172678329480622,0.1004930944659001,0.1343202640385571,0.1178913530336262,0.1580099833563133,0.1355289259171215,0.4797999449074268,0.4085176169872284,0.5755023881793022,0.4877458974532783,0.1161406349227364,0.1010684468556863,0.133751722597192,0.116837176163756,-0.250030121675642,-0.2500341998362969,-0.2500262144557197,-0.2500300779791894,-0.0001240648921154,-0.0001254921719952,-0.0001219218918956,-0.0001240469270587,1.028206383151494,0.9048355777821644,1.182800914879725,1.0415476426453067,0.0,0.0,0.0,0.0,0.0,0.0,0.0,0.0,0.006440216223046,0.0002707133132654,0.0824993850967161,0.027590608679099,0.0753352554674391,0.0199793111050986,0.2157546547976128,0.1000085882833963,0.0396930364173228,0.0331846702755905,0.0449372539370078,0.0392934916338582,3.186693844211206e-05,2.6783297364684147e-05,3.728219637628183e-05,3.186394191238198e-05,14.717423395462363,6.043522947187742,24.782947429085016,15.025651021626947,0.1220290538658289,0.1036551620075953,0.1568921033426679,0.1274101621437836,0.0196030077051251,0.019391516892737,0.0198109337779928,0.0196297984233623,1.249987555644296,1.2497624491187147,1.2514886379847314,1.2488011165940809,-0.9999693952165098,-0.9999847808621672,-0.9997664776016068,-0.9605674513201734
latentB_K5_z64_l1_n2000_s0,test_ood_soil,1,latentB,64.0,5.0,2000.0,0.0,True,l1,False,1005361,0.0043319147065832,0.0012143328631613,0.0086448089981944,0.0046880645525813,0.0269992238745138,0.011742436454468,0.0451784674448543,0.0277771482262783,0.3832000532420352,0.2346400388225447,0.5004200473427772,0.3716720464937243,0.1156380949968202,0.0728467541298722,0.1492398480009952,0.1136901751898918,-0.2500314909321967,-0.2501118465045224,-0.2500151355443762,-0.2513597291864072,-2.473775387734634e-06,-2.511066290512788e-06,-2.4659815482870334e-06,-2.486399248721649e-06,0.0198493896744708,0.0055263089385144,0.0410738951928314,0.0216553876191861,0.0,0.0,0.0,0.0,0.0,0.0,0.0,0.0,0.4084967459993099,0.0023244737470844,0.9804368518524024,0.4216293962320778,0.1453012652596119,0.0669441523929241,0.9168839896331688,0.4229979321284067,0.0078893946850393,0.0061792568897637,0.0094795767716535,0.0078294168307086,1.4573221836857295e-05,7.3447359964941665e-06,5.1712265967800114e-05,0.0006224242336712,47.12259804097763,22.34704524111596,68.18295613049582,46.10583119346438,0.3160603793865153,0.2372334763184221,0.3929981941319911,0.3156752287381721,0.0196988160162186,0.0193544300975686,0.019762460410631,0.0195816938720251,1.2500068707379837,1.2499098320602602,1.2502381302196606,1.2542128959029244,-0.9999677560660338,-0.9999837897281922,-0.9998859019241354,-0.9986261134172096
latentB_K5_z64_l1_n2000_s0,test_ood_soil,5,latentB,64.0,5.0,2000.0,0.0,True,l1,False,1005361,0.0222843689638746,0.0146053343926151,0.0290317314490701,0.0222574331497446,0.0662673380952427,0.0503731093301545,0.0802898424369119,0.0653046049932829,0.4825002728030085,0.4003802887164056,0.5444402962690219,0.4793632926722739,0.1247613977852134,0.1097164686485407,0.1432762193051985,0.1246969575006329,-0.2500275147124088,-0.2500437946553033,-0.2500204799795104,-0.2500306414301839,-1.2368528542037185e-05,-1.2557338719425106e-05,-1.233283215589598e-05,-1.2434087643658456e-05,0.1135280685909801,0.0705081338730141,0.1508085406441289,0.111965008699151,0.0,0.0,0.0,0.0,0.0,0.0,0.0,0.0,0.1006240787696377,0.000544359251287,0.5622792635007638,0.2172177028789909,0.0534993120632795,0.0334623785863148,0.7040999317605061,0.2811315221311474,0.0160863681102362,0.013078248031496,0.0192328986220472,0.0160989788385826,1.4166805814740407e-05,1.0838222227823342e-05,2.1734210675329194e-05,1.565114354642038e-05,19.933826818454605,7.281372138572372,36.51463754335332,20.73194857799597,0.1882801392345904,0.1603947898003475,0.2339950729478709,0.1931396402530788,0.019717646603369,0.019344563745388,0.0197682906721618,0.0195863464421675,1.2500119817066329,1.249900029291368,1.2705537654966874,1.273914804572352,-0.9999685666919778,-0.9999835715300712,-0.9998805677564012,-0.9785179257573032
latentB_K5_z64_l1_n2000_s0,test_ood_soil,10,latentB,64.0,5.0,2000.0,0.0,True,l1,False,1005361,0.0401867515416384,0.0301471027518822,0.0501533666676366,0.0402974067510962,0.0895208259353651,0.0736529975044529,0.1031204876381111,0.0890691289048756,0.5078005732502788,0.4528005883097649,0.5704605832579546,0.5092255470900838,0.1277721050175688,0.1117733360089331,0.1413544696900094,0.1271374258790318,-0.2500282792293048,-0.250037240734198,-0.2500222621848441,-0.2500292809569371,-2.47304350185118e-05,-2.5114513419751467e-05,-2.466579157888305e-05,-2.4867808456694745e-05,0.2188457310724836,0.1671073262968172,0.2775545604413493,0.2214444997392265,0.0,0.0,0.0,0.0,0.0,0.0,0.0,0.0,0.071558051617414,0.0003057748016074,0.335726800241534,0.1298445110371027,0.0384210982285049,0.0244357233027527,0.5829900268974217,0.2230367974012712,0.0238834891732283,0.0195896899606299,0.0281219242125984,0.0239983698326771,1.571815557175717e-05,1.2517356998740564e-05,2.089482562106145e-05,1.6260293531486315e-05,14.12321509710054,5.603763872660156,24.693581460790355,14.890539311696111,0.1513225020733011,0.1316350628601472,0.1822472948202178,0.1549994268050424,0.019736078796807,0.0193694166536798,0.0197846773002227,0.0196071145504926,1.2500014280337814,1.2498934549915592,1.250213759172956,1.251839727630936,-0.9999685031972824,-0.9999841552789808,-0.9998578245056088,-0.9806111995700856
latentB_K5_z64_l1_n2000_s0,test_ood_soil,20,latentB,64.0,5.0,2000.0,0.0,True,l1,False,1005361,0.0680036454881135,0.0570607879340288,0.0798775429055946,0.0686467479246052,0.1182079403871818,0.1030128366560027,0.1327002446325696,0.1187842367103612,0.5446011703461409,0.4819611847400665,0.6167006328701973,0.5485261222265126,0.1318461548713045,0.1183789624137374,0.1464871460898352,0.1320484303175394,-0.2500280374549235,-0.2500343582377206,-0.2500237319807797,-0.2500285814303271,-4.943598996490551e-05,-5.022410523757515e-05,-4.932801851207103e-05,-4.973003182498759e-05,0.4430221046692528,0.3650225155418991,0.5202275061187442,0.4443904568975089,0.0,0.0,0.0,0.0,0.0,0.0,0.0,0.0,0.0429811582193985,0.0001864124420478,0.1864402919931346,0.0780355259138032,0.0292027834934949,0.0181945459123331,0.4616131348621075,0.1752670570006326,0.0340951033464567,0.0291246309055118,0.0391609251968503,0.0341417015255905,1.8611746873104407e-05,1.5739826513926682e-05,2.2312318293977457e-05,1.873357543519384e-05,11.955558273159468,5.375665445306553,21.205267682687367,12.730448461086423,0.1285578674051945,0.113707552462165,0.1547927468302549,0.1316195096817325,0.0197683134709112,0.0194085611403717,0.0197996694032709,0.0196313368221002,1.2500000054270444,1.2498715564563814,1.2502515769788742,1.2622456690983646,-0.9999644802453492,-0.999984156134404,-0.999840320487206,-0.9487555964370205
latentB_K5_z64_l1_n2000_s0,test_ood_soil,50,latentB,64.0,5.0,2000.0,0.0,True,l1,False,1005361,0.1181519070230205,0.1015116713422918,0.1346582222749938,0.1176247647435321,0.1626886898968824,0.1428973958260216,0.1819392452733198,0.1624925900120406,0.6028028908185661,0.5229431665269658,0.7201029777526855,0.6146726821862694,0.1447252457193474,0.1270803145291861,0.1599889290189817,0.1443294347086151,-0.2500279175644179,-0.2500318422009282,-0.2500251212510411,-0.250028252197769,-0.0001234928182578,-0.000125533098394,-0.0001232940266718,-0.0001242874441095,1.110562001958804,0.9820759707270278,1.2292357936885374,1.1093453293969409,0.0,0.0,0.0,0.0,0.0,0.0,0.0,0.0,0.0260784568415793,0.0001076478710314,0.1060892779775593,0.0451219847085685,0.0216726858762894,0.0135296492813381,0.3560381441324584,0.1330606629450929,0.0440914124015748,0.0390163631889763,0.0502829724409448,0.0441247846948818,2.671682725021372e-05,2.357076748877862e-05,3.104926790224959e-05,2.713142285184472e-05,11.124643763657012,4.1948528733898085,20.32862871640232,12.10191612512609,0.1116509688083543,0.0981182415600258,0.133774405923208,0.1151469026769143,0.0197777665473078,0.0194311201073809,0.0198095869949504,0.0196479240298361,1.249992420272248,1.2498554879596488,1.2502758607369406,1.2525011748801482,-0.9999711633488926,-0.9999852001066712,-0.999750285159158,-0.9767754496710406
latentB_K5_z64_l1_n2000_s0,test_ood_both,1,latentB,64.0,5.0,2000.0,0.0,True,l1,False,1005361,0.0044167839049674,0.0003967214367376,0.0087650603133337,0.0044230961460574,0.0275259601944528,0.0051471256140065,0.0436837556321079,0.0255589447567248,0.3715000301599502,0.1531600452959537,0.4822400446049869,0.3369960848194023,0.1140047329986134,0.0456987264727651,0.151583112930925,0.106374725722394,-0.2500288863215826,-0.2502164285706102,-0.2500139351214827,-0.2619335354687968,-2.468267922584033e-06,-2.507158330608661e-06,-2.125239110092992e-06,-2.3841904656860764e-06,0.0204644613948054,0.0018050370709681,0.0416533222468132,0.0205519567056456,0.0,0.0,0.0,0.0,0.0,0.0,0.0,0.0,0.2999017930025801,0.002914824087728,0.9604042826400736,0.400320492437352,0.4805181686449053,0.0748238760126627,0.7767511687446487,0.4038763359194864,0.0070281742125984,0.0046721210629921,0.0093503937007874,0.0069751168799212,1.399769915210738e-05,7.113293199665556e-06,9.995272907559176e-05,0.0046195504923392,48.03749587985682,22.98359074006889,68.73864508868202,46.57363969656753,0.2907081436760695,0.2202953804531871,0.3802430219511716,0.2961220981585905,0.0197417597617208,0.0193896213973678,0.0229198733692043,0.0204818875688099,1.2500108724059755,1.2498757335534123,1.2505467971663515,1.2556109351503777,-0.9999691115895386,-0.9999843047816556,-0.999779387038774,-0.99090299294275
latentB_K5_z64_l1_n2000_s0,test_ood_both,5,latentB,64.0,5.0,2000.0,0.0,True,l1,False,1005361,0.0198147835702493,0.0119758569918659,0.0279477075647175,0.0198206888605856,0.0616621281509586,0.0462202327750779,0.0767182279178633,0.0609698629183285,0.4625999885611236,0.3891806352883577,0.5329002664191648,0.4605452792026335,0.120975736081674,0.1024852371439097,0.1407148369914073,0.1217416610553835,-0.2500292027746607,-0.2500469895313904,-0.2500213775302949,-0.2500336835021713,-1.2345772626787267e-05,-1.253914932436118e-05,-1.0643053207651578e-05,-1.1925866362391948e-05,0.102175300249489,0.0620127580033893,0.1397973467990698,0.1004353728212894,0.0,0.0,0.0,0.0,0.0,0.0,0.0,0.0,0.0450016629949374,0.0008355430357322,0.391385688165287,0.1403792458878889,0.1558189850037525,0.0369749746421852,0.445506817040904,0.2087465101927745,0.0141947588582677,0.0097779281496063,0.0176611712598425,0.0139537709153543,1.551082436666386e-05,1.0991664850636517e-05,2.356241665749246e-05,1.723880514128513e-05,24.02766372862329,9.215389594763954,43.641300309188345,25.405180937966325,0.2034769141359129,0.1665000581703592,0.2570933904509503,0.2096457513670509,0.0197434625019026,0.0193510789134054,0.0226440096496303,0.0204183507650109,1.2499942679252896,1.249676633863711,1.2516613153160048,1.257739657386812,-0.9999652967686512,-0.999983492699034,-0.9989948197148072,-0.8764646782502167
latentB_K5_z64_l1_n2000_s0,test_ood_both,10,latentB,64.0,5.0,2000.0,0.0,True,l1,False,1005361,0.0362727846277567,0.0267857454755591,0.0481819925367327,0.0368409941320645,0.0835352066628666,0.0690100869308769,0.0995145351887903,0.0841026273953023,0.4910006038844585,0.4203806143254042,0.5673806274309754,0.491444552707253,0.1235586503567404,0.1081990197351925,0.1388493489246975,0.1236313256209936,-0.2500293820485772,-0.2500408029285341,-0.2500230052857318,-0.2500312216754714,-2.469448119427398e-05,-2.507658242785738e-05,-2.13053306498523e-05,-2.3863317916895563e-05,0.2031365261881519,0.1463365636823937,0.253245817933636,0.202969351822928,0.0,0.0,0.0,0.0,0.0,0.0,0.0,0.0,0.0160185810018829,0.0004297128565842,0.219295627095696,0.0777952232280946,0.1160757884586058,0.0264934811651805,0.3285636834950107,0.1545845240809219,0.0221456692913385,0.016101747047244,0.0264517716535433,0.02142593503937,1.6642925572486084e-05,1.277755334076625e-05,2.240389500456064e-05,1.7474455248247634e-05,16.260141575649353,5.933544067235297,29.5461498794293,17.279683636442392,0.1654924525572751,0.1329597282242785,0.2140417873315957,0.1698469876752039,0.0197567788253835,0.0194031208707021,0.0226397648604207,0.0204213965693201,1.2499928367875677,1.24972794484327,1.2502285086119476,1.2697885564936484,-0.9999682493489908,-0.9999844094044584,-0.9994653573917308,-0.8872967949267337
latentB_K5_z64_l1_n2000_s0,test_ood_both,20,latentB,64.0,5.0,2000.0,0.0,True,l1,False,1005361,0.0655530486692695,0.049574750289614,0.0795617908396514,0.0650190443906591,0.1148883247575831,0.095967468331518,0.1329986453297223,0.114453220112444,0.5267011243849993,0.4587011713534593,0.6140211936086416,0.5348380359544536,0.1286756189476236,0.1130227682921354,0.1439202154206487,0.1290792546794147,-0.2500287819498349,-0.2500356336364374,-0.2500237757693757,-0.2500294486826556,-4.939061275251789e-05,-5.014893720462511e-05,-4.270011514972795e-05,-4.77762003995145e-05,0.420311699092146,0.3348320735125613,0.5081415400319403,0.4173470080982215,0.0,0.0,0.0,0.0,0.0,0.0,0.0,0.0,0.0067378620895652,0.0002374361044648,0.1365713517244788,0.0458326560028006,0.083641319182957,0.0196203447604244,0.2511482098829342,0.1169259237739097,0.0316190944881889,0.0244648129921259,0.0373738927165354,0.0311858698326771,1.8744362279900458e-05,1.5067053604447854e-05,2.371444143117059e-05,1.9245584807411152e-05,13.059716517992044,5.218168008890734,23.929902196284424,13.892273017994007,0.1413510842810078,0.1157421363494035,0.1820283016477512,0.1465654687577292,0.0197689221149336,0.0194124614421215,0.0223842729895526,0.0203645306957572,1.249990378814301,1.249807678730002,1.2505803679732432,1.2555312286182514,-0.9999697222014622,-0.9999856573666216,-0.9995467193067116,-0.9676757461198222
latentB_K5_z64_l1_n2000_s0,test_ood_both,50,latentB,64.0,5.0,2000.0,0.0,True,l1,False,1005361,0.1123565311607928,0.0962268071988495,0.1277985982448555,0.112524544391875,0.1567743936802888,0.1390462779180326,0.1767456510776795,0.1575111459203119,0.5906027734745294,0.5127820287510986,0.676702877599746,0.5963469914275629,0.140623308544835,0.1240555577893422,0.1577098494525043,0.1405738059932498,-0.250028782605936,-0.2500337138865282,-0.2500256256785118,-0.2500291418998632,-0.0001234488464805,-0.0001253462358064,-0.0001078268600188,-0.0001196951842438,1.039879687861482,0.8673013813749686,1.177894512124868,1.0383263038896045,0.0,0.0,0.0,0.0,0.0,0.0,0.0,0.0,0.0035469279389461,0.0001355852831859,0.0703999358839346,0.0257154343501302,0.0626151141081837,0.0141916381530731,0.1863446830587327,0.0873245696743049,0.0425381397637795,0.0352054625984252,0.0492218257874015,0.0422018024114173,2.70274707216718e-05,2.367121862758292e-05,3.14043214899734e-05,2.7359862621528743e-05,11.63789573759672,4.487528759389436,22.12758597209808,12.867488506864452,0.1297565247087706,0.1038203033565076,0.171487114344868,0.1345765707954897,0.0197788498894154,0.0194488998168064,0.0222564456561195,0.020303059292502,1.2500093969271058,1.2498308210023774,1.2508207977989283,1.2573624860006452,-0.9999712544702656,-0.9999858235096424,-0.9996898328457956,-0.948789635729892
latentB_K5_z64_l1_n2000_s0,test_ood_policy,1,latentB,64.0,5.0,2000.0,0.0,True,l1,False,1005361,0.0044945050458901,0.0013966349094947,0.0092053124795018,0.0049545310972342,0.0247076951563349,0.0116833342426935,0.0422065144885963,0.0259157161394249,0.2965000431868247,0.2005000538687454,0.3994400346768089,0.2948200709179919,0.0948567813863895,0.0651105007602025,0.1278404438513356,0.0948214127197119,-0.2500290184716536,-0.2500803791678339,-0.2500146763085079,-0.2501787669071525,-2.474725676577805e-06,-2.511770541165248e-06,-2.465988012268384e-06,-2.4866697848754174e-06,0.02110746592398,0.0064405436262123,0.0418943340042562,0.022968823242018,0.0,0.0,0.0,0.0,0.0,0.0,0.0,0.0,0.3499314486524182,0.0030831745186911,0.9647984491888948,0.4038459464007349,0.1463552643895901,0.0881613310398073,0.8901290983148231,0.3998878237480251,0.0081508366141732,0.0062684547244094,0.009664124015748,0.0080640994094488,1.390605717658235e-05,6.785784589150796e-06,3.981703243938602e-05,8.283346449177295e-05,45.822365407921055,17.239552090918423,65.57826967377598,44.04224311526581,0.3076596508243564,0.2447379219972343,0.3902638309192898,0.3125026936085043,0.0196958630999976,0.019357505674186,0.0197624717299918,0.0195773679488743,1.250012142449013,1.2498967710844382,1.2501970030020315,1.2606055599040866,-0.9999693181437134,-0.9999850276491288,-0.9999121438451796,-0.999816257552962
latentB_K5_z64_l1_n2000_s0,test_ood_policy,5,latentB,64.0,5.0,2000.0,0.0,True,l1,False,1005361,0.0208255278799757,0.0143458572376084,0.028155620898904,0.0210328268209902,0.0574261085421887,0.0421034545557834,0.0700030671026272,0.0568356379726382,0.3747002848249394,0.3054402842666605,0.4227402685617562,0.3682412761670404,0.0999105502913202,0.0827112428931689,0.1183612577222222,0.0996646483030524,-0.2500281102093149,-0.2500435215462055,-0.2500216753644966,-0.2500310395191418,-1.2375704052054462e-05,-1.2558041778362397e-05,-1.2332817789115328e-05,-1.243492074948718e-05,0.1098967584389116,0.0719777747427219,0.1435255137305355,0.1085580779879448,0.0,0.0,0.0,0.0,0.0,0.0,0.0,0.0,0.0655485113526105,0.0009835764886619,0.465998100102261,0.1814447074446061,0.0594932717933769,0.0442016687062795,0.6472347312694273,0.2548570361139715,0.0163016732283464,0.0130259596456692,0.019285187007874,0.0161835629921259,1.508276176205623e-05,1.1216956066004528e-05,2.198774125073869e-05,1.6233689900506107e-05,20.87935245689425,8.865410066141838,38.01988129950161,22.145227193395904,0.1931453698822274,0.1704645169118965,0.2393635504193544,0.200214268607372,0.019704346221726,0.0193354301559322,0.0197685746565626,0.0195836574629606,1.249995634516766,1.2498060369190842,1.2502947076085342,1.2736967456720958,-0.9999671189808236,-0.99998430555926,-0.9998010775700662,-0.999055290414725
latentB_K5_z64_l1_n2000_s0,test_ood_policy,10,latentB,64.0,5.0,2000.0,0.0,True,l1,False,1005361,0.0382497994193128,0.028062919259032,0.0488974585142509,0.0381589109501599,0.078475287791532,0.0628011583323567,0.0922079572263229,0.0777620606957916,0.3980005907942541,0.3433205962181091,0.455620576441288,0.3983916225676412,0.1019011400194171,0.0883906581246402,0.1164786181896073,0.1018896907026398,-0.2500284217319967,-0.2500388391120297,-0.2500227481273795,-0.250029652537914,-2.474981753067596e-05,-2.511588831615086e-05,-2.4665735378166525e-05,-2.486935811099652e-05,0.2181917027708172,0.1591508028371648,0.27435567471707,0.2187431154912909,0.0,0.0,0.0,0.0,0.0,0.0,0.0,0.0,0.048288906681227,0.0005589076421225,0.2819607132432396,0.1113922332809863,0.0439150912076999,0.032019370321854,0.5273712212064541,0.1990480502603296,0.0241141732283464,0.020232529527559,0.0280973179133858,0.0241558501476377,1.662396772363046e-05,1.282067041291003e-05,2.259803039427488e-05,1.7288344839583888e-05,14.972285763160794,6.043921399641444,25.90710353229888,16.018557676618265,0.1563570879367711,0.1336536033501516,0.1829646657350995,0.1591735592122646,0.0197247384908881,0.019372439117884,0.0197840806659497,0.019601270010906,1.2500016946062034,1.2498487993332512,1.2510752473806714,1.2681920626312682,-0.999972102143114,-0.9999843802745144,-0.9998846395345304,-0.9860898141338208
latentB_K5_z64_l1_n2000_s0,test_ood_policy,20,latentB,64.0,5.0,2000.0,0.0,True,l1,False,1005361,0.0613226002192673,0.0515350971191422,0.0749120927254897,0.0623077858855571,0.0999456992830789,0.0873169927324656,0.1169010952359231,0.1013972328794261,0.4263011617586016,0.3728011632338166,0.4862211494764779,0.4288870438501954,0.1044800362734513,0.0931588695383509,0.1195764906824867,0.1057587220010421,-0.2500287895791782,-0.2500345485346659,-0.2500241338624425,-0.2500292576569014,-4.947567335797488e-05,-5.0226890210865353e-05,-4.932801832704571e-05,-4.973350666549441e-05,0.4315302132142306,0.3583595310337108,0.5163502766908299,0.4343786913727339,0.0,0.0,0.0,0.0,0.0,0.0,0.0,0.0,0.0332331447241508,0.000346289847549,0.1545797140490733,0.0657685799433015,0.0332921916150998,0.024490854805356,0.4170675684565226,0.1565791138785891,0.0334184301181102,0.0285525344488189,0.0382135826771653,0.0336060531496063,2.0650424317920705e-05,1.6738961279259224e-05,2.43120759982641e-05,2.070912349828947e-05,11.79647493658724,4.420586466000096,23.07234103867433,12.711920012032747,0.13139922883793,0.1159404727835888,0.1496696780982021,0.1328065633308161,0.019754355979659,0.019402403601939,0.0198000927895579,0.0196264060321847,1.24999799979807,1.249829169149674,1.2506027689563883,1.2690949419445725,-0.9999691427843028,-0.999983923386338,-0.9997802507886616,-0.997017994446796
latentB_K5_z64_l1_n2000_s0,test_ood_policy,50,latentB,64.0,5.0,2000.0,0.0,True,l1,False,1005361,0.1021289167131389,0.0898219788152479,0.118568303523868,0.1033198751482045,0.1368817508686928,0.1212957628365151,0.157718373607743,0.1389017165700894,0.4890028319205157,0.4236628607322927,0.5940428946298197,0.504196149226824,0.118373443540069,0.1062892690342896,0.1357385151848145,0.1196279934847571,-0.2500286961313297,-0.2500325478744016,-0.2500257052658215,-0.2500289253111926,-0.0001235940799941,-0.0001255527060089,-0.0001232937082405,-0.000124300429837,1.0826046159693217,0.9583313820157155,1.2103589532106651,1.084531504513676,0.0,0.0,0.0,0.0,0.0,0.0,0.0,0.0,0.0216860156402227,0.000225075189038,0.0944786202476679,0.0402213151769037,0.0268659647206549,0.0188374721848382,0.3373330732860531,0.1228309557581226,0.041015625,0.0353377214566929,0.0462075541338582,0.0407614111712598,3.098601936818494e-05,2.6593130165503102e-05,3.508313215283262e-05,3.089563805515059e-05,11.472739908317612,4.407281316535427,21.68635717870086,12.2539192159753,0.1123977695324086,0.0969754984971627,0.1317938285446844,0.1140169932846924,0.0197774772379913,0.0194215720137001,0.0198095638551314,0.0196425933274886,1.2499908703823503,1.249814260421415,1.2504652539549863,1.260234992512451,-0.9999652810889336,-0.9999838786487788,-0.9997668412362076,-0.947827743137468
latentB_K5_z64_l1_n2000_s0,dev,1,latentB,64.0,5.0,2000.0,0.0,True,l1,False,1005361,0.0046254444198071,0.0015511954311914,0.0089014184368336,0.0050230503061734,0.025336403246092,0.0121440252119627,0.0389970694886595,0.0260056301385677,0.3000000596512109,0.1856199670583009,0.3806200568756537,0.2953780504770256,0.0950476405575647,0.0646144180499604,0.1222959105396226,0.093686939677084,-0.2500284743205698,-0.2500790352603718,-0.2500147422169658,-0.2500512610384076,-2.473343264401962e-06,-2.511581450601597e-06,-2.465991341988883e-06,-2.4860717806535875e-06,0.0218445640953321,0.0075959349102759,0.0421000150788292,0.0235896654740569,0.0,0.0,0.0,0.0,0.0,0.0,0.0,0.0,0.3379295855623095,0.0037883433249881,0.9657422706089168,0.3980904896727524,0.1470453396658051,0.0903674752730726,0.8790915415641984,0.4036589010439276,0.0081815944881889,0.0067605807086614,0.0095964566929133,0.0081514517716535,1.3693991190121509e-05,7.087463951772146e-06,3.783166133873381e-05,2.4245105653524103e-05,45.22921156131439,19.27005151101698,66.84551688744061,43.64057644229115,0.3054804889019297,0.2378417343307136,0.3750825206700813,0.3044610201432777,0.0197049409994233,0.0193476477072364,0.0197618453766462,0.0195805363213093,1.250005231145232,1.2498844773671345,1.2507609344334198,1.269469611652574,-0.9999697741963932,-0.9999843620641772,-0.9999165316770668,-0.9999458937418074
latentB_K5_z64_l1_n2000_s0,dev,5,latentB,64.0,5.0,2000.0,0.0,True,l1,False,1005361,0.0222467215896748,0.0151813389048612,0.0299884208263734,0.0224584432011049,0.0598207371023018,0.0450268145706135,0.0728284077759763,0.0594530934123287,0.3865002812235616,0.3207602655878873,0.4340602696203859,0.381598271351953,0.1036879566469078,0.0856357680614803,0.1197558034660662,0.1027995884785862,-0.2500273427221952,-0.250041181952179,-0.2500199001112012,-0.2500289936213355,-1.2366160222327952e-05,-1.2559374180320053e-05,-1.2332846192788518e-05,-1.243226170264702e-05,0.1132800734973976,0.0749802423885683,0.1566217634192744,0.1152673958083761,0.0,0.0,0.0,0.0,0.0,0.0,0.0,0.0,0.072289345026243,0.001044468976475,0.4819129424398705,0.1804840519466874,0.0597302788638099,0.0439115350818198,0.6579032681349335,0.2578118704404381,0.0165323572834645,0.0137026328740157,0.0193159448818897,0.0164443897637795,1.4114914594341727e-05,1.0450623290141655e-05,2.0960795901507432e-05,1.5092680105919858e-05,19.741710406889503,8.420572420686335,35.21278162739172,21.36833333909153,0.1870463817598634,0.1586590316628505,0.2277183970965866,0.1908312438349127,0.01972498623044,0.0193242584287075,0.0197681915832732,0.0195858043602536,1.2499999976432157,1.2498831359292468,1.2540229853992797,1.270415951362274,-0.9999697177731096,-0.9999851643481849,-0.9998591934641,-0.9998719461657128
latentB_K5_z64_l1_n2000_s0,dev,10,latentB,64.0,5.0,2000.0,0.0,True,l1,False,1005361,0.0392239334075363,0.0294209141885932,0.0486156954411423,0.0393329328761309,0.0798880081003533,0.0657810010491713,0.0914644131325489,0.0794888582464102,0.404199868440628,0.358400594885461,0.4635006007389165,0.4072734803197383,0.1048463675580952,0.0891250858629993,0.1157681754507991,0.1041779064765086,-0.2500275212907776,-0.2500373062053801,-0.250022134618354,-0.2500288631027723,-2.4726144305784465e-05,-2.511774496355201e-05,-2.466582610636792e-05,-2.4863870986094533e-05,0.225190481683066,0.1678705975252251,0.2804151299988031,0.2246340534690086,0.0,0.0,0.0,0.0,0.0,0.0,0.0,0.0,0.055214717205459,0.0005801616858049,0.2733524183945425,0.1138704217807284,0.0416315357187589,0.0320991173505187,0.5288044304280772,0.2039807839203273,0.0241449311023622,0.0198049950787401,0.0281803641732283,0.024088029035433,1.5984940217407756e-05,1.3061196613302353e-05,2.160191568312356e-05,1.6701461536995472e-05,15.879299057370345,6.91906604670797,27.08378327096532,16.394201486707114,0.1538384861250323,0.1297438165696793,0.1864719987660014,0.1564590940956142,0.0197535982425756,0.0193670896705998,0.0197844768090003,0.0196058404626508,1.249994739270384,1.2497751955074996,1.2502018241196349,1.2562631908684805,-0.9999700593514452,-0.9999844680621068,-0.9998269116395044,-0.986742793873705
latentB_K5_z64_l1_n2000_s0,dev,20,latentB,64.0,5.0,2000.0,0.0,True,l1,False,1005361,0.0644793365430716,0.0547032296552887,0.0753716275371932,0.0645923314044162,0.1030926344862535,0.0915562259548419,0.118517831376857,0.1036971220520689,0.429001153097488,0.3837811660254374,0.4856812469042211,0.4323859791621101,0.1076335718050149,0.0973497195007554,0.1207090955185209,0.1080202782732109,-0.2500277565498568,-0.2500339311651918,-0.2500236915215303,-0.2500283517313461,-4.942944901234371e-05,-5.023232542833968e-05,-4.932820998735822e-05,-4.9721508276047296e-05,0.4466115031552905,0.3662586300565452,0.5282391588728904,0.4466951176902816,0.0,0.0,0.0,0.0,0.0,0.0,0.0,0.0,0.0373138847615694,0.0003457551459801,0.1595984925703029,0.0671515482802677,0.031807015589467,0.0242487678485336,0.4237690528668269,0.159863898123392,0.0328494094488188,0.0281096210629921,0.0377122293307086,0.0329998154527559,1.9602337299964536e-05,1.674760622029649e-05,2.3202611394309176e-05,1.990066966283196e-05,12.759884243302388,4.290109553907834,23.529631206579666,13.714497740212066,0.1302639514744999,0.1118105968153855,0.1568779121000839,0.1319831470511048,0.0197858456216214,0.0193982779885252,0.0197995601500381,0.01963391343898,1.2499960258597715,1.2497865353476474,1.2587517316862993,1.2476529358976864,-0.9999663585103004,-0.9999839646220204,-0.9997978628224028,-0.927365675393606
latentB_K5_z64_l1_n2000_s0,dev,50,latentB,64.0,5.0,2000.0,0.0,True,l1,False,1005361,0.1034183824667437,0.0898775583022034,0.1158580986454385,0.1030304312204545,0.1380776623354826,0.1226515365685443,0.1548345795401134,0.1383023810670933,0.4904999881982803,0.4263229615986347,0.5822628940441064,0.501005624993652,0.1194729362756668,0.1058125359299885,0.1334646884218227,0.1195044631660042,-0.2500280094026533,-0.2500326917971639,-0.2500253905992942,-0.2500286856238844,-0.0001234947428601,-0.0001255616415905,-0.0001232943625331,-0.0001242666868758,1.1116152041942031,0.9547110988441592,1.2188865735595171,1.093524718750048,0.0,0.0,0.0,0.0,0.0,0.0,0.0,0.0,0.0247943408037405,0.000221167418082,0.0966006285536906,0.0419373798212988,0.0238202048576875,0.0187652550674428,0.342088705797864,0.1248192928816472,0.0400775098425196,0.0342765748031496,0.0464628444881889,0.0402668245570866,3.0634985848312766e-05,2.7291375463654264e-05,3.5098783087656774e-05,3.094967754862461e-05,12.183121749925512,4.242093143595036,21.44904728680883,12.616553459964026,0.1139055222915601,0.099089932861055,0.1358891985855584,0.1161763761530447,0.0197912537147279,0.0194340445501408,0.0198090950580749,0.0196514710770275,1.250005576894611,1.2498430082513188,1.253207871783056,1.2634849762490243,-0.9999668632580628,-0.9999841467103504,-0.9996506175401768,-0.93595695127144
latentB_K5_z64_volloss_n2000_s0,test_indist,1,latentB,64.0,5.0,2000.0,0.0,True,huber,True,1005361,0.0045791253454786,0.0024013112800531,0.0080420682006519,0.0048385795030149,0.01765011705663,0.0109836790967877,0.0274440398653764,0.0183863094590142,0.2168429507873952,0.1374716612510383,0.2878928271733457,0.2117754973586124,0.0617571692822007,0.0464651087381178,0.0822655279610922,0.0632295543582222,0.061248742043324,-0.0178376325146087,0.5989584658737476,0.3425673415941581,0.0311163239743069,0.0159556159648307,0.046365658333988,0.0313363248614567,0.0225851723149266,0.0073836986326416,0.0428068144950721,0.0234379799722542,0.005462646484375,0.0001220703125,0.0111450195312499,0.005611572265625,0.0,0.0,0.0,0.0,0.4411341016224924,0.008179931331792,0.960499046796026,0.4519544599550638,0.4676835544993837,0.3118986950446722,0.9105106053877996,0.5707820005432721,0.0089197834645669,0.0053426427165354,0.0107406496062992,0.00892593503937,0.7190094594637984,0.5047844637163332,2.112870116541204,1.268657519935135,44.26292723265944,22.54002052245732,68.66270384152104,45.25512675107392,0.7692777452054534,0.681383562207708,0.8176713251930469,0.7576727142640881,1.4989477866213727,1.444096599663364,1.6182365793936735,1.517635002587523,1.2500006802695327,1.2498957639265935,1.2502986310399689,1.272544343722919,-0.323618318682084,-0.559507530153953,0.9616274183693452,0.1398705157498323
latentB_K5_z64_volloss_n2000_s0,test_indist,5,latentB,64.0,5.0,2000.0,0.0,True,huber,True,1005361,0.0204178605464489,0.0146932646484629,0.0260913090784691,0.0204830242083358,0.0414732183757021,0.0326173227582541,0.0517803674790443,0.0417915391666624,0.2791927709477022,0.231766705866903,0.3305103447288274,0.2816923728931579,0.0678673212455914,0.0558284262496053,0.0813354602745667,0.0679489291263743,0.070602911338978,0.008168517497598,0.1781447272914193,0.0921983313406605,0.1456017152341565,0.1150701518165224,0.1778634440466555,0.1456637459317209,0.1161941484272974,0.0732166856678641,0.1498565380190817,0.1134662468135757,0.0257568359375,0.015313720703125,0.03565673828125,0.0254672241210937,0.0,0.0,0.0,0.0,0.1671082060717079,0.021494126824261,0.4919703719536503,0.2246624294092974,0.3790502158457933,0.3182408156022482,0.7248934847772025,0.4623467202958541,0.0222840797244094,0.0182701771653543,0.027162278543307,0.022585968257874,0.7068820155795371,0.5175623945168758,0.9590680730008578,0.743230494971106,22.56737666948517,7.5268168431717,37.45101042975975,22.36331119420747,0.7317330253715246,0.6227152164807396,0.7859102839887606,0.7149477519371292,1.5221601932497262,1.4658023906236497,1.638243977465944,1.5386177739786218,1.2500014525536995,1.2498814129537947,1.251048303104366,1.2580309278146518,-0.4126603492152043,-0.6282063063117169,1.132415161802004,641.8827241474663
latentB_K5_z64_volloss_n2000_s0,test_indist,10,latentB,64.0,5.0,2000.0,0.0,True,huber,True,1005361,0.034580260757054,0.028950780259289,0.042422401045844,0.0354261896593129,0.0582146439330852,0.0488007904555907,0.0698155079170633,0.0588956254376605,0.3137499261647463,0.2590692772530019,0.4000612009316683,0.3224312814866426,0.0728103271959588,0.0631349598863575,0.0844267541905942,0.0730869725855279,0.056543446534886,0.012940543009988,0.1271134169394707,0.0653149756506681,0.2785164647114255,0.232461052897932,0.3206411337091481,0.2776358708278448,0.2249067511155231,0.1718731234301999,0.2844905387959079,0.2252573724484335,0.042877197265625,0.02689208984375,0.0579833984375,0.043104248046875,0.0,0.0,0.0,0.0,0.1307876236372597,0.028990013641038,0.3041356209502993,0.1503597570552853,0.3664556483933021,0.3196635788222784,0.6056434526751127,0.4191888898734296,0.0310654527559055,0.025679749015748,0.0360297736220472,0.0309770238681102,0.6595298437081658,0.5312613415832409,0.8505948133465129,0.6788346771386631,15.221342804996423,5.758651927343717,28.93330958759764,16.66967546575123,0.6868591998110495,0.6039276667194573,0.7436244989913153,0.676774927521735,1.6138794798035194,1.5024033551611164,1.903541415859767,1.682921749171083,1.2499998137227917,1.249848071821822,1.25023922299819,1.2717684370192708,-0.5155273895068031,-0.7167344192845504,1.5129468069363248,780.832308867137
latentB_K5_z64_volloss_n2000_s0,test_indist,20,latentB,64.0,5.0,2000.0,0.0,True,huber,True,1005361,0.0615862455305819,0.0527049461045646,0.0709835648497964,0.0620295190142702,0.0918218157199144,0.0784960947972911,0.1037768625643077,0.0915234157178682,0.4114393461495638,0.3382774914149195,0.5053025141358375,0.4196382739365799,0.0901677639274299,0.0788081378870724,0.1028257542382997,0.0906743371145654,0.0784823942208917,0.0251577966106533,0.1746427147603569,0.0904890650616244,0.5909581382920659,0.5368842690590551,0.6588049456364133,0.6000549564060581,0.447810302839404,0.3730616695120436,0.5285453760401604,0.4494446190270619,0.067108154296875,0.045697021484375,0.089141845703125,0.0676138305664062,0.0,0.0,0.0,0.0,0.1062654644581552,0.0315420385898121,0.2237149038299609,0.1144700574109802,0.3267550457892033,0.2858310032844705,0.5211089385071132,0.3686622758865316,0.0417999507874015,0.0367802657480314,0.0481145423228346,0.0421979576771653,0.5933139421157183,0.4834424859185413,0.7146800172578592,0.5992020175114018,12.220696528376877,4.016415420132477,22.69626741889079,13.0395767497564,0.5170072565154726,0.3671267202784287,0.6192389945359404,0.5010447647487217,2.789033355276577,2.086638162181299,4.142281079205042,3.1057657531906124,1.250008300164878,1.2498689725455503,1.2533043733875668,1.2816749446309046,-0.6805801246544496,-0.8972088599018684,0.476236359960822,893.0036413005515
latentB_K5_z64_volloss_n2000_s0,test_indist,50,latentB,64.0,5.0,2000.0,0.0,True,huber,True,1005361,0.1813988152622075,0.1357210873745845,0.2229683787904255,0.1785585309672525,0.3877331904705524,0.2098011652085373,0.5694203114655684,0.3885098012011644,3.624007537961006,1.5455748848617077,5.229226385056973,3.4631266336112456,0.1913513264052375,0.1442805763775795,0.241471014977932,0.1927234339190426,0.3600336789787283,0.218644058412446,0.5220506093445563,0.3714452509049731,2.6852691254338,2.090027622253898,3.274085478101937,2.6894288578267247,1.096040915431202,0.9808470715430008,1.2126753370836372,1.0914950593460804,0.17999267578125,0.15089111328125,0.221405029296875,0.18263427734375,0.0,0.0,0.0,0.0,0.5965293555077417,0.287708078774778,1.1046786064753784,0.6732281657733981,0.8475638859744118,0.5705252845271132,1.0449913074701598,0.8323889919219097,0.0414923720472441,0.0348455954724409,0.0482621801181102,0.0416083292322834,1.282427384511138,0.7731599542647838,1.7929719714336387,1.266536066631366,11.961111448299782,4.521584119947253,20.85933387589308,12.63536834829437,0.3432588558824301,0.2710165335710607,0.4298987618816994,0.3451805957301326,2.3815118648490983,2.107369280918829,3.2181503864194783,2.5345146272224945,1.2499950333403935,1.249843831745201,1.2505173814562898,1.256321597896726,-0.1693749016433256,-0.6179571588992665,4.331066769081563,1781.0679082898555
latentB_K5_z64_volloss_n2000_s0,test_ood_terrain,1,latentB,64.0,5.0,2000.0,0.0,True,huber,True,1005361,0.0040835586490763,0.002095648084452,0.0070482320155026,0.0044119159378721,0.0172776529477893,0.0093159961394277,0.0278621008966386,0.017873777101861,0.2025385200977325,0.125570697709918,0.2854659363627433,0.2066865353635512,0.0646110293582346,0.0428565371026856,0.0865839251855004,0.0648302399287458,0.0142429569100237,-0.0714425239504872,1.2284231110477823,2.860996264906196,0.0240949993389949,0.0146079403965704,0.0374073013208399,0.0250155516799344,0.0213673530244136,0.0026429307521714,0.0386437421842324,0.0208898627437778,0.00439453125,0.0,0.00933837890625,0.0044815063476562,0.0,0.0,0.0,0.0,0.3807753717082319,0.0197534505444186,0.9623366466189396,0.4760567193879563,0.5964601977224352,0.2542550888312609,0.8391911024116012,0.5760237936882305,0.0083200049212598,0.0051365649606299,0.0109559547244094,0.0090774175688976,0.6126206992982214,0.3599693151686824,3.111567137868271,6.572133402791188,46.68833096926589,21.27352648623838,68.62416113718243,46.01863437354736,0.7560091442433974,0.6450931850015149,0.8243844558517036,0.738453880610139,1.537864077542639,1.4779960651519573,1.6982874190056283,1.5661197594750405,1.2500230086402055,1.2498978511822905,1.2680155621238598,1.293921712549931,-0.450885149186527,-0.6897495854341793,1.8424275471843616,4.855587316424332
latentB_K5_z64_volloss_n2000_s0,test_ood_terrain,5,latentB,64.0,5.0,2000.0,0.0,True,huber,True,1005361,0.0194717143996758,0.0147477074397214,0.0253238066377921,0.0197130366738865,0.0417309671116097,0.0328261826181598,0.0525817809984627,0.0421441005956644,0.2820569183677435,0.2258751034736633,0.3557761877775192,0.2876258880924433,0.071038899002693,0.0583651442996404,0.086747500931267,0.071725328908907,0.0508518710702937,-0.0190241352969356,0.2108983869576335,0.0901330261534415,0.1263157874334865,0.1007241592570353,0.1571259487577172,0.1283794081851546,0.1008988914072274,0.0645528707492306,0.1445038019305699,0.1043959025527175,0.02178955078125,0.011090087890625,0.0335144042968749,0.0222909545898437,0.0,0.0,0.0,0.0,0.1132635631960579,0.0190648553441192,0.3939775413966895,0.1717386337457557,0.4106138078018417,0.2796868221661778,0.548493209385262,0.4106541429846201,0.0218073326771653,0.0175565944881889,0.025599778543307,0.0217954908956692,0.6553231366814176,0.476254209789606,0.9871220825797404,0.7148964849756755,22.226954331864363,8.529596322472564,38.38827010840856,23.13502480599237,0.6885336182728354,0.536274014824125,0.7651551483070012,0.6648828337232812,1.5651245346267972,1.4871169710106331,1.7079500116237272,1.6062991276764074,1.2499938374559267,1.2496628331035973,1.2502551026324409,1.2609179663756631,-0.4710836445022489,-0.7092380493119733,2.539394360887039,1373.246291660487
latentB_K5_z64_volloss_n2000_s0,test_ood_terrain,10,latentB,64.0,5.0,2000.0,0.0,True,huber,True,1005361,0.0351583440728502,0.0277510808619294,0.0435582014285729,0.0353127131684502,0.0604143003565442,0.0497018546592347,0.0725573942657644,0.0605888523702189,0.3160613104701042,0.2644058154895902,0.409574469923973,0.3292417089649825,0.0773348561242073,0.0660630160036957,0.0880188228147361,0.0774401336659543,0.0356269941495829,-0.0175426185173481,0.1276902277095343,0.0506951333117865,0.2445874721832843,0.2067825451131557,0.2852751315595597,0.2449478848044355,0.2104527742021105,0.1544927828125744,0.2715315272934141,0.2116904561956676,0.040435791015625,0.023773193359375,0.05592041015625,0.0401571655273437,0.0,0.0,0.0,0.0,0.0814637569099884,0.0199593314792357,0.2534602773064431,0.1125831358264969,0.3635873387824865,0.2747357736698856,0.4637394307167109,0.369202273744159,0.0305425688976377,0.0259996309055118,0.0356514517716535,0.0305991633858267,0.5902210885079269,0.4420527444925614,0.8106695914458737,0.6134901462216727,16.839158690373004,6.866120395172644,29.21188339958524,17.490604701879214,0.6219150344662361,0.5136066766701051,0.7178983798662599,0.619556823600979,1.6431113081557247,1.508933397392875,2.04765276337462,1.743285581706821,1.2499928831479346,1.2498389050561372,1.2537062721609535,1.2762167283491688,-0.5961805994724403,-0.7884246696227222,1.9483771235262644,1088.358586098353
latentB_K5_z64_volloss_n2000_s0,test_ood_terrain,20,latentB,64.0,5.0,2000.0,0.0,True,huber,True,1005361,0.0602971515038719,0.0503982474028316,0.0723859235674633,0.0603764722943669,0.0905640059888344,0.0757340842406632,0.1066761212801736,0.090766535383949,0.4018269963562488,0.3346774697303772,0.5016161911189556,0.4135787966824136,0.0911584402395647,0.0792429827064028,0.1048890911537936,0.0917336016282294,0.0712148493681499,0.013469988103802,0.1575309873740142,0.0776903795041623,0.5351529316306916,0.4715072137631142,0.6071140269095351,0.5375978525822919,0.4154705140619219,0.3284551426967697,0.5230842969430728,0.4200349182872749,0.0633544921875,0.038623046875,0.0885498046875,0.06214599609375,0.0,0.0,0.0,0.0,0.0727319926250017,0.0255337275737068,0.1703848759575112,0.0881861241844743,0.3244303523851672,0.2510962380286382,0.3966177244656603,0.3225342924131708,0.0430764025590551,0.0370263287401574,0.0508120078740157,0.0434482652559055,0.5143408581597508,0.3919089349119576,0.6498452374770952,0.5198456818209659,13.708155601353065,5.930917249144079,25.786408665688352,14.7776231460706,0.4517830243108053,0.3232430116192588,0.583756475649958,0.4530911577811928,3.002076673652021,2.129551384957647,4.915289780382456,3.416452040962276,1.249993138916163,1.249706214872899,1.2504756109261208,1.2491341831539404,-0.7247011729200966,-0.8986753311565374,1.7190760967705438,1303.8069438130165
latentB_K5_z64_volloss_n2000_s0,test_ood_terrain,50,latentB,64.0,5.0,2000.0,0.0,True,huber,True,1005361,0.1635914827393341,0.1231479143145042,0.2060718026722921,0.1648718202928514,0.3367689357273461,0.2014123778337935,0.4733563469636562,0.3361257333561832,2.766272708773613,1.3203813120722772,4.158472952246666,2.7850984159103245,0.1769097438847085,0.1372319395524069,0.224839552489392,0.1803406975648469,0.3556703039867865,0.2048133029656141,0.5060702328479508,0.3553514609053483,2.508374047076086,1.958399600199404,3.065869585891666,2.497494144702165,1.028206383151494,0.9048355777821644,1.182800914879725,1.0415476426453067,0.1748046875,0.131170654296875,0.20802001953125,0.1715203857421875,0.0,0.0,0.0,0.0,0.4552508156529451,0.2196718697299041,0.8398971204120572,0.5137467984582538,0.7134060040523922,0.505411515733495,0.9059693741963112,0.713927023442005,0.0421690452755905,0.0341104822834645,0.0500338336614173,0.041943436269685,1.1146004024381808,0.6694570642122233,1.5790000547818157,1.1070231854274208,14.326614544718495,5.724240777613796,26.542077902274936,15.274613803906265,0.3296394854647793,0.2670591457746596,0.4151114412248921,0.3372245719591483,2.5058704758027206,2.158907782799409,3.227468728565736,2.6690369927763378,1.249987555644296,1.2497624491187147,1.2514886379847314,1.2488011165940809,-0.2103361463746923,-0.6833023577075437,6.151095376452017,1353.9314510674656
latentB_K5_z64_volloss_n2000_s0,test_ood_soil,1,latentB,64.0,5.0,2000.0,0.0,True,huber,True,1005361,0.0043860712525828,0.0024026472252352,0.0079158797378502,0.0047963628901579,0.0187651599964657,0.0116153905987337,0.0297667345729248,0.0199539229335943,0.2380463723675348,0.155809286981821,0.3172952582419384,0.2380870018794485,0.0758395409775374,0.057918180900185,0.0992300789329179,0.0774948928423254,0.0865774684740764,-0.010842668510583,0.9254076775103388,12.75942663939664,0.0292921218337471,0.0160658403509887,0.0463188162034418,0.0299369314719291,0.0198493896744708,0.0055263089385144,0.0410738951928314,0.0216553876191861,0.0,0.0,0.0025146484374999,0.0007476806640625,0.0,0.0,0.0,0.0,0.4480088939530591,0.0092547448489768,0.9821907059493664,0.4442983154338307,0.3509242609668966,0.2153650530334706,0.922336541637259,0.5243554030521248,0.0081969734251968,0.0059578001968503,0.0107037401574803,0.0085259288877952,0.7660517718864446,0.5109868923271914,2.704079412992229,23.83412120853289,47.12567635540033,21.41341452123824,69.07975792555578,45.95410754491435,0.777009386124125,0.6500982196876121,0.8298477879426758,0.7510298487499716,1.5000562870991367,1.4482397032903138,1.6218966987298886,1.5192715662127911,1.2500068707379837,1.2499098320602602,1.2502381302196606,1.2542128959029244,-0.3075755236203571,-0.5539174774401365,1.427990310418524,19.369977377995664
latentB_K5_z64_volloss_n2000_s0,test_ood_soil,5,latentB,64.0,5.0,2000.0,0.0,True,huber,True,1005361,0.020911710121295,0.016199568773126,0.0269583858282519,0.0210927465281786,0.0462453993627418,0.0382807577627516,0.0564381225120089,0.0465457200240928,0.3120497735217213,0.2607088356977328,0.3837401478551328,0.3175930101805715,0.0842355837494439,0.0728887418615763,0.0983829192845713,0.0848891701719025,0.0656704354883569,0.0191772609258646,0.1728469317266239,0.092028294290284,0.1440868459859382,0.1123214128921841,0.1733450579878828,0.1438826226448674,0.1135280685909801,0.0705081338730141,0.1508085406441289,0.111965008699151,0.0030517578125,0.0,0.0124206542968749,0.0050399780273437,0.0,0.0,0.0,0.0,0.1519492355267684,0.0126968873435479,0.5712782450551207,0.2373696786410991,0.2811117676457711,0.2236705615572299,0.7275519081946924,0.408933784550235,0.0269131397637795,0.0220472440944881,0.0311054379921259,0.0267049089566929,0.6929794834200417,0.5245834164925439,0.900842038256927,0.7222897964670585,18.51393605225967,6.913014198479297,36.88968276176477,20.71082350246023,0.7458863094445427,0.6269528495560122,0.7962454586466936,0.7238897033832364,1.5377822481321728,1.4678843862663415,1.6975090809630105,1.560446331873683,1.2500119817066329,1.249900029291368,1.2705537654966874,1.273914804572352,-0.4392502056298851,-0.6224801759282681,0.7773982766188091,294.37504668374226
latentB_K5_z64_volloss_n2000_s0,test_ood_soil,10,latentB,64.0,5.0,2000.0,0.0,True,huber,True,1005361,0.037476488839433,0.0308039621738587,0.0445663355068504,0.0374313978417112,0.0663847112327669,0.0551984548103715,0.0776686758723952,0.0661211945679073,0.3560222014784813,0.2890991712920367,0.4512337962165474,0.3619145968787415,0.0907992601768617,0.0783182444551553,0.1044679996458831,0.0905918219631727,0.060337505264227,0.0109397003298906,0.1280847989692359,0.0678868380437476,0.2748132330720819,0.2294096035109469,0.3166422280933812,0.2745978661504477,0.2188457310724836,0.1671073262968172,0.2775545604413493,0.2214444997392265,0.009185791015625,0.001507568359375,0.021856689453125,0.0104330444335937,0.0,0.0,0.0,0.0,0.153023489594944,0.0134665530600356,0.3487757426866767,0.1509075962046228,0.265131288998368,0.2229061003709886,0.6134139260827083,0.3603550665439193,0.0368479330708661,0.0311177411417322,0.0421444389763779,0.036615403543307,0.6359669181511454,0.5099674961064073,0.8024804552424668,0.6480359120594091,13.99575128603758,5.556110683735128,25.84135467009579,15.253183822046784,0.6970397632266392,0.5960187955421824,0.7619857964935616,0.6867312624634789,1.6177244678389322,1.4866777305545402,1.9573216755068927,1.7961921326243544,1.2500014280337814,1.2498934549915592,1.250213759172956,1.251839727630936,-0.529631661125258,-0.7650624715525611,0.8301224966867273,116.15728803731788
latentB_K5_z64_volloss_n2000_s0,test_ood_soil,20,latentB,64.0,5.0,2000.0,0.0,True,huber,True,1005361,0.0669324927122598,0.0581136940480775,0.0769445252800835,0.0670997449815367,0.1028116505171299,0.089600729141335,0.1177187115506574,0.1036148574233045,0.4926792532205581,0.428585965372622,0.5747340860776603,0.5004448409663746,0.1096058716629765,0.096843109150685,0.1241673256299288,0.1103183854894807,0.0818437435375106,0.0303932175710421,0.1541476830997304,0.0898658722908666,0.5862101492356988,0.5222262632896255,0.6727752266508816,0.5941118056068433,0.4430221046692528,0.3650225155418991,0.5202275061187442,0.4443904568975089,0.016876220703125,0.003656005859375,0.03480224609375,0.0184945678710937,0.0,0.0,0.0,0.0,0.1030024021729195,0.0149622322768254,0.2084968826402206,0.1014557149170082,0.2354522821923432,0.2028347132589137,0.4980755442767475,0.3062486705274845,0.0473825049212598,0.041941437007874,0.0526574803149606,0.0473662032480314,0.5401796149986327,0.4323536403505648,0.6523054602288282,0.5443451381573361,11.557476338627268,4.271907901918413,20.79658555704229,12.197479431084016,0.5099250657085841,0.3568334854943484,0.622883204457714,0.5025911921124993,2.831237992750807,2.016224282386443,4.783697403033494,3.273547475933747,1.2500000054270444,1.2498715564563814,1.2502515769788742,1.2622456690983646,-0.7086316838476029,-0.888292057722401,1.068897304706092,266.6645611788162
latentB_K5_z64_volloss_n2000_s0,test_ood_soil,50,latentB,64.0,5.0,2000.0,0.0,True,huber,True,1005361,0.18949328677209,0.1488032926447866,0.2421320912975563,0.1930229074302168,0.385987247316831,0.2368130014866294,0.5638354568116656,0.3991620543055748,3.525992326438427,1.7707122407853604,4.995048774778843,3.444620279856681,0.2111373653616446,0.1681102957641368,0.2693143342076122,0.2141773893887158,0.366183562417627,0.2189692814087412,0.5017932704439336,0.3674206542968893,2.687340629324324,2.13110086798907,3.264452706340804,2.721406585771057,1.110562001958804,0.9820759707270278,1.2292357936885374,1.1093453293969409,0.11505126953125,0.091363525390625,0.144537353515625,0.1173849487304687,0.0,0.0,0.0,0.0,0.2849743294804154,0.1618212223123742,0.5421552926574814,0.3364281220801085,0.6022506084692004,0.4364930537140355,0.7299445872549216,0.5924523899465833,0.0454293799212598,0.0388102854330708,0.0518177903543307,0.0453155757874015,1.1180622603339967,0.7075595298008958,1.5478016382596282,1.126470896754172,11.504176940380583,4.04763746902329,20.638973489847512,11.920762117076356,0.3177853680280242,0.2615795808624354,0.4118818687710975,0.3294876508528791,2.3449344623058925,2.121628270845605,2.9130188274757414,2.469180581131901,1.249992420272248,1.2498554879596488,1.2502758607369406,1.2525011748801482,-0.1153879621459231,-0.6190911859576208,6.58185290030928,534.2574001101783
latentB_K5_z64_volloss_n2000_s0,test_ood_both,1,latentB,64.0,5.0,2000.0,0.0,True,huber,True,1005361,0.0043025538265191,0.0018972545983131,0.0081566848409993,0.0046875093845845,0.0202443929301352,0.0090113090767046,0.03228535660372,0.0203359136068403,0.2390902489423751,0.1393110014498234,0.3365538150072097,0.2400164008178399,0.0799196379405701,0.0467045969924811,0.1120508350385642,0.079582911733917,0.0234924386858057,-0.0701749683997118,1.688002346656313,106.79226178361188,0.0245601404560329,0.0133947306910904,0.0358405516220045,0.0247996151011602,0.0204644613948054,0.0018050370709681,0.0416533222468132,0.0205519567056456,0.0,0.0,0.0028259277343749,0.001036376953125,0.0,0.0,0.0,0.0,0.3249361902302291,0.0135002881258757,0.9657637270214728,0.6691275761522316,0.508380522607369,0.1945740835305047,0.798619195164112,0.5455251016516338,0.0081200787401574,0.0056256151574803,0.0112358513779527,0.0090978715551181,0.6291357818520715,0.3585715232970007,3.867902363560676,190.64127262384912,47.850490759041136,24.237482979454228,69.03400652464008,46.692942848322,0.7665745988923102,0.6217589356315636,0.8217253287854333,0.7336639164348997,1.5263798143187215,1.4566045795847358,1.6926637280875003,1.566659696378986,1.2500108724059755,1.2498757335534123,1.2505467971663515,1.2556109351503777,-0.438287248239887,-0.6865996897407177,2.412275832778372,150.23897344841745
latentB_K5_z64_volloss_n2000_s0,test_ood_both,5,latentB,64.0,5.0,2000.0,0.0,True,huber,True,1005361,0.0202612702392053,0.0150196704702572,0.0263141938139425,0.0204045188387332,0.0473712463652999,0.0369378411452974,0.0583732290685904,0.0476399867550645,0.3307236451655626,0.2735324140638113,0.4138742379844188,0.3371443038305733,0.0892984879036473,0.0757689240899673,0.1070937271804155,0.0908245699565266,0.0587063717377815,-0.0119650625508078,0.2230395226003176,0.0991679266555475,0.1251296149486552,0.0998476937677733,0.1532551542484252,0.1265586246410933,0.102175300249489,0.0620127580033893,0.1397973467990698,0.1004353728212894,0.00244140625,0.0,0.012451171875,0.0045443725585937,0.0,0.0,0.0,0.0,0.0960702350481175,0.0112048593597725,0.4210244749659756,0.162950741617052,0.3303294876085436,0.201161560779548,0.4903533807383489,0.3345299595964949,0.0238834891732283,0.0190944881889763,0.0280419537401574,0.0239076341043307,0.6298662501713841,0.465033324551086,0.9649983892710166,0.7025762111915291,24.27369398262033,8.624156899477033,41.82398280898968,25.085140563549977,0.6743483687570533,0.5120633404314084,0.7721559082063589,0.6542722186658374,1.5833583304611905,1.4904551191325357,1.786042986921395,1.645448181266464,1.2499942679252896,1.249676633863711,1.2516613153160048,1.257739657386812,-0.4994062762218687,-0.7317528249640627,17.1798631591423,1830.463034448552
latentB_K5_z64_volloss_n2000_s0,test_ood_both,10,latentB,64.0,5.0,2000.0,0.0,True,huber,True,1005361,0.0361289504066968,0.0296516714502407,0.0440489460715576,0.0365605463084551,0.0669888321092207,0.0569507054516097,0.0798619694450894,0.0675663121306831,0.3721487785223871,0.3145134899765253,0.4798453547060489,0.3822496484027942,0.0938505775136525,0.0835476672249812,0.1098131354897308,0.0954635301562799,0.0472109658158377,-0.0063355920961857,0.1572678273649076,0.0665030762094686,0.2429721724756473,0.2047357500100589,0.287080534762401,0.2454002727252104,0.2031365261881519,0.1463365636823937,0.253245817933636,0.202969351822928,0.006927490234375,0.000732421875,0.021026611328125,0.0089181518554687,0.0,0.0,0.0,0.0,0.0610715545402478,0.0116341441375659,0.2382619304225723,0.096625809244743,0.2901624472894992,0.194340046444391,0.3927153170783604,0.2891037419018058,0.0346795029527559,0.0291892224409448,0.0401174950787401,0.0347068774606299,0.5809180147025328,0.4504837374667517,0.7950032497485837,0.6092061751407086,16.137273549385576,5.67892097727093,30.51574343178682,17.25769006932474,0.632383856165379,0.4781270426842999,0.7331810297435511,0.6142792228120968,1.6660828643839478,1.527848337134737,2.053743945083136,1.7634172473345746,1.2499928367875677,1.24972794484327,1.2502285086119476,1.2697885564936484,-0.5723321572113762,-0.8076109723422088,6.915321909035446,1340.964553861968
latentB_K5_z64_volloss_n2000_s0,test_ood_both,20,latentB,64.0,5.0,2000.0,0.0,True,huber,True,1005361,0.0650634589395848,0.0561469039520535,0.0770049318958534,0.0657522927138496,0.1028415573409043,0.0899858405331775,0.1186510691874653,0.1036861389620506,0.496328892186284,0.4188928827643394,0.5818825975060463,0.5004223645437742,0.1123699718495413,0.1008153166109548,0.1260808522678725,0.1128899506455504,0.0699307269277744,0.0161925507966295,0.167918791955153,0.0852632820056987,0.5368058582348477,0.4870991194751851,0.6147460934175726,0.5440558094670861,0.420311699092146,0.3348320735125613,0.5081415400319403,0.4173470080982215,0.014129638671875,0.002484130859375,0.03359375,0.0158474731445312,0.0,0.0,0.0,0.0,0.0416628750518544,0.0152808698468499,0.1582662027160966,0.0671237359231864,0.2413931377708961,0.1729254392016075,0.3172792872966739,0.2442828562125935,0.0471210629921259,0.0410217765748031,0.0544383612204724,0.0476651697834645,0.4701006893838033,0.3768563158184975,0.6269019076879934,0.490509170504565,12.407186828700487,4.540238805702711,23.607782795602297,13.477474914299048,0.4473873472093032,0.3185742530125359,0.5709182505648931,0.4492651588757692,3.009214484099128,2.1665511660527628,4.741221962141548,3.2689329988239177,1.249990378814301,1.249807678730002,1.2505803679732432,1.2555312286182514,-0.724804637246456,-0.901345909650944,2.840915446094354,504.6626621556861
latentB_K5_z64_volloss_n2000_s0,test_ood_both,50,latentB,64.0,5.0,2000.0,0.0,True,huber,True,1005361,0.1771899365453162,0.1361092352026545,0.2255809210968657,0.1776392030444735,0.3504826161559855,0.2004282839924808,0.5134232250323092,0.3533307022026126,2.756629042327404,1.3553445935249329,4.352704432606697,2.838934019871522,0.2002077752939789,0.1560637445834614,0.2490106380282765,0.2008182869311895,0.3787994998262646,0.1868798974497107,0.5576001914592899,0.3771484451864726,2.5927179424500952,1.911938541519604,3.1417951426936988,2.566992513571216,1.039879687861482,0.8673013813749686,1.177894512124868,1.0383263038896045,0.108489990234375,0.07818603515625,0.137969970703125,0.108223876953125,0.0,0.0,0.0,0.0,0.2335641738031612,0.1087054846684123,0.4548922664613689,0.2623257777339341,0.5001344975063811,0.3620667851994469,0.644849309545835,0.5018037326789142,0.0457215797244094,0.0403820127952755,0.0538293553149606,0.0463368909940944,1.0374463482466458,0.580925170707144,1.4802472420243742,1.033462307292479,11.901112051188932,4.529825659098002,21.99531120379296,12.646204433200577,0.326526085577514,0.2653760243334073,0.4178272462035539,0.3350025190728537,2.4095459999382145,2.167957101942723,3.2762101234127465,2.592198853145833,1.2500093969271058,1.2498308210023774,1.2508207977989283,1.2573624860006452,-0.1281529102380818,-0.6898260609920651,10.276850206853124,1733.3912114247855
latentB_K5_z64_volloss_n2000_s0,test_ood_policy,1,latentB,64.0,5.0,2000.0,0.0,True,huber,True,1005361,0.0043422971200461,0.0021379111223838,0.0080846211689083,0.0046974179633154,0.0174221017600959,0.010326633160631,0.0287011960371963,0.0186382251464616,0.2166421189904213,0.1392296741891186,0.2962355092167854,0.2177205099334696,0.0623585705441263,0.0440896405031324,0.0869994926868542,0.0642645691769272,0.0292688566687998,-0.038081284548309,0.2973823702736346,1.885501100626532,0.0249602037468753,0.0140499047761425,0.042418493601574,0.0270993750690858,0.02110746592398,0.0064405436262123,0.0418943340042562,0.022968823242018,0.003814697265625,0.0,0.0098449707031249,0.0046463012695312,0.0,0.0,0.0,0.0,0.4108691050612387,0.0094370319750253,0.966088083936981,0.4352516648363012,0.4067033886595659,0.2829827241161776,0.9050740811796254,0.5389687911100508,0.009027436023622,0.0068528543307086,0.0117648868110236,0.0094723486712598,0.632869235226196,0.4155361842860353,1.2291524583433893,4.466858685710531,45.62858915613176,16.870125174004077,64.94375546600675,43.99827023884739,0.7700399291516982,0.6906286355421141,0.8114375558512307,0.7562657583013886,1.5023571477557516,1.452481978378905,1.662934411146082,1.531426074396582,1.250012142449013,1.2498967710844382,1.2501970030020315,1.2606055599040866,-0.4352635890782835,-0.6451265895701033,0.1111571109798978,2.9783244998614484
latentB_K5_z64_volloss_n2000_s0,test_ood_policy,5,latentB,64.0,5.0,2000.0,0.0,True,huber,True,1005361,0.0196012081108712,0.0140501665483496,0.0248699674513138,0.0195051996139231,0.0412532186351162,0.0326262243841595,0.0521396111803056,0.041650991417781,0.286842878209427,0.2361087726429105,0.3373681526631117,0.2869261844061839,0.0681766464565569,0.0574956934551407,0.0818551757696245,0.0689225111177569,0.045450027703406,-0.0142526711341476,0.1325270338760935,0.0538265196160032,0.1258643145722089,0.0921771706861013,0.1585852389503582,0.1264641571258879,0.1098967584389116,0.0719777747427219,0.1435255137305355,0.1085580779879448,0.021514892578125,0.008782958984375,0.031707763671875,0.0209893798828125,0.0,0.0,0.0,0.0,0.1513753749082662,0.0229881044558339,0.4945497056002135,0.2186495855536318,0.3614743494900652,0.2971196276016132,0.6895882325062077,0.4375145423824171,0.022945374015748,0.0180764025590551,0.0271899606299212,0.0226600947342519,0.6472305798590016,0.4741350741646364,0.8525891329247514,0.6601747946604388,20.794732912568783,7.69476465874195,37.47998172838862,22.20978593543813,0.7210852930190221,0.5921722855553607,0.7658308673560521,0.6936688902993169,1.5429821300133963,1.4568626722837712,1.7217305038604254,1.570972818851472,1.249995634516766,1.2498060369190842,1.2502947076085342,1.2736967456720958,-0.4676951958667923,-0.6952047084448317,1.3839443343442792,9.271113000204709
latentB_K5_z64_volloss_n2000_s0,test_ood_policy,10,latentB,64.0,5.0,2000.0,0.0,True,huber,True,1005361,0.0343395268594285,0.0272970382930042,0.0425142782323184,0.0345830771998113,0.0587541069830879,0.0486660779322476,0.0699989773244404,0.0590001623768803,0.3080270406790077,0.2597536589950323,0.3818965949118137,0.3148112263566872,0.0738055709897563,0.0630698932473288,0.0856202937252892,0.0738088163190969,0.0300985864166961,-0.0138019591791745,0.0930462832623816,0.0355748505760659,0.2450761311420684,0.2029933147837073,0.2869790488046675,0.2443756352249318,0.2181917027708172,0.1591508028371648,0.27435567471707,0.2187431154912909,0.037017822265625,0.023486328125,0.0537353515625,0.0375863647460937,0.0,0.0,0.0,0.0,0.1102711356386184,0.0280071011842444,0.3095310116525087,0.1481090413782495,0.3406220517369089,0.2968799228929892,0.5846976708700822,0.396202320100057,0.0316806102362204,0.0258889025590551,0.036740280511811,0.0314896038385826,0.6078417077244759,0.4416901762943211,0.7517290857363483,0.6097149100701829,15.375869395213536,6.249803751803404,26.27266586096564,15.98684976793752,0.6747047749297809,0.5532749243052463,0.7436930581473105,0.6589423243653172,1.6104321019480097,1.4926363016785602,1.987716973144763,1.7183757168373497,1.2500016946062034,1.2498487993332512,1.2510752473806714,1.2681920626312682,-0.5789039572802455,-0.7942132503895226,0.4443100662440652,227.99064878341315
latentB_K5_z64_volloss_n2000_s0,test_ood_policy,20,latentB,64.0,5.0,2000.0,0.0,True,huber,True,1005361,0.0596748775396117,0.0529017113674067,0.0726045644202298,0.0611911317771076,0.0899985832157666,0.0794498792528951,0.1063246418232859,0.0914689106784856,0.4045224711298942,0.3475217644125223,0.4890985667705536,0.4195425062916729,0.0894229936731241,0.0802329436917491,0.1035591147867417,0.0909556490299685,0.0725763062382286,0.0131281744261835,0.1748994552537222,0.0820258263082818,0.5556788421665739,0.4911814892410397,0.6512496578237261,0.5656848306674629,0.4315302132142306,0.3583595310337108,0.5163502766908299,0.4343786913727339,0.05999755859375,0.03837890625,0.08560791015625,0.0619058227539062,0.0,0.0,0.0,0.0,0.0878910103955404,0.0303162281057268,0.2041248171070397,0.1077479911824468,0.3126313224431334,0.2695390255519685,0.4972088855674799,0.3492341800981521,0.0434147391732283,0.0368909940944881,0.0481760580708661,0.0428338767224409,0.5629384787735197,0.4273664517535468,0.6917982114862437,0.5627212597692561,11.859379136827023,4.434248209178622,22.74154106222141,12.988210009541824,0.4860281362482828,0.327605468751979,0.597530337128865,0.4733366798273823,2.7057114540366127,2.1622728844295867,4.366669719946193,3.0928512988659778,1.24999799979807,1.249829169149674,1.2506027689563883,1.2690949419445725,-0.6869623358219032,-0.8718958133163998,1.7099220819323162,8.92237591655199
latentB_K5_z64_volloss_n2000_s0,test_ood_policy,50,latentB,64.0,5.0,2000.0,0.0,True,huber,True,1005361,0.1956493621694295,0.1403559684835391,0.2339043644231871,0.1904372170139283,0.4494617354441991,0.2340316654199635,0.5869181805397666,0.4265029054923717,3.898561224341393,2.023650550842285,5.235930733755231,3.739191571837437,0.2127688627391119,0.1515748018518607,0.2478258320448832,0.2061229227941049,0.411323549725163,0.2442320729951011,0.5716657331358729,0.4070689598120709,2.9262228449140326,2.051880299761164,3.326564337026948,2.828712983177736,1.0826046159693217,0.9583313820157155,1.2103589532106651,1.084531504513676,0.1739501953125,0.148370361328125,0.207073974609375,0.1758126831054687,0.0,0.0,0.0,0.0,0.7262875693408393,0.3266378354785171,1.2282405039167574,0.7557842397110687,0.8601420754057527,0.6172921371051332,1.0186786638550218,0.8364521289201982,0.0403235728346456,0.0340182086614173,0.0471333661417322,0.0404379921259842,1.4370881228159966,0.7365405476501973,1.9118529913848088,1.3773301112511025,10.842134891161798,5.22842241177861,22.84424842934272,12.646542588891332,0.3494485671073499,0.2693708730915184,0.4512354564022792,0.355581715077276,2.3550883641265465,2.1298022905808627,2.996252379699502,2.481680900289555,1.2499908703823503,1.249814260421415,1.2504652539549863,1.260234992512451,0.057137801569079,-0.5284507649701581,6.2614851739093815,1550.2723052695726
latentB_K5_z64_volloss_n2000_s0,dev,1,latentB,64.0,5.0,2000.0,0.0,True,huber,True,1005361,0.004523705635988,0.0023335056533639,0.0079263454441911,0.0047601752511526,0.0175036067268986,0.0103452956241663,0.0272030601983454,0.0182099301887201,0.2065223134704865,0.131471556762699,0.2848916605114936,0.2078086990627525,0.0589016271814545,0.0443970923127687,0.0812760531947392,0.0608621990992239,0.0602234439986664,-0.0209370200130424,0.4525956407041618,0.273583187232191,0.0284544468577956,0.0161582780718155,0.0460974576026142,0.0302415302705465,0.0218445640953321,0.0075959349102759,0.0421000150788292,0.0235896654740569,0.0042724609375,0.0001220703125,0.011175537109375,0.0051815795898437,0.0,0.0,0.0,0.0,0.3902941544779148,0.0201425396994646,0.9674761134589484,0.4356322602323646,0.4333215095251349,0.3147111700710878,0.8924949744548043,0.5521939213115854,0.0092888779527559,0.0062161663385826,0.0110728346456692,0.0093788447342519,0.7096508798771034,0.4841218765227112,1.7013735338580942,1.173486251043797,45.23991001063442,17.878063108944723,65.385004259731,43.44567794664369,0.7773950952157822,0.673790595541275,0.8181394600608267,0.7635641457497269,1.5005935360829057,1.4552827333550884,1.6450243532179047,1.5253795550445088,1.250005231145232,1.2498844773671345,1.2507609344334198,1.269469611652574,-0.3597372674535167,-0.5873075931519294,0.7151093520906062,0.0635848196954098
latentB_K5_z64_volloss_n2000_s0,dev,5,latentB,64.0,5.0,2000.0,0.0,True,huber,True,1005361,0.0207068877197352,0.015109299798291,0.0262149527965854,0.0207583155448055,0.0424287165278784,0.0324151015388012,0.0521454383855954,0.0426991557308773,0.2824437627568841,0.2361397132277488,0.3417506217956543,0.2876773517714173,0.0676267436494446,0.056864455010217,0.0816379506351012,0.0690729560661715,0.0641862527445747,0.0106244221834537,0.1808223029201833,0.080903016829514,0.1471956967097037,0.1154579616247392,0.1769039138507933,0.1463905425833379,0.1132800734973976,0.0749802423885683,0.1566217634192744,0.1152673958083761,0.0245361328125,0.01385498046875,0.035650634765625,0.0244027709960937,0.0,0.0,0.0,0.0,0.1930389721330585,0.0312181651600857,0.4998170701624447,0.221020138927687,0.3643550683819245,0.3137662713606732,0.6998219575464572,0.4506507694908553,0.0228684793307086,0.0182671013779527,0.0272822342519685,0.0227242249015748,0.6972053242659567,0.5326292557022532,0.9472389828354872,0.7211342440881484,19.64083718388725,7.697293381473586,34.89030523523768,21.12501700659537,0.7274340733220543,0.5906390228948974,0.7820304969529384,0.7045710244223522,1.5267093261974185,1.4599468865615322,1.6588762276240296,1.5513000242106167,1.2499999976432157,1.2498831359292468,1.2540229853992797,1.270415951362274,-0.4171961958961426,-0.6488802536524357,1.0737668014416968,1.133004594796972
latentB_K5_z64_volloss_n2000_s0,dev,10,latentB,64.0,5.0,2000.0,0.0,True,huber,True,1005361,0.0358596119593455,0.0290536546104997,0.0413397573591981,0.0355739465506441,0.0595241534797974,0.0510110132490142,0.0677209743788517,0.0592449387458967,0.3086076742038131,0.2633167931810021,0.3950242325663566,0.3220077720549307,0.0735690458230668,0.0634899229992184,0.08281810539315,0.0734799477368062,0.0551085027793908,0.0076279134245741,0.1175936861945661,0.062864792150078,0.2758525176103661,0.2344160447027916,0.3175653291246848,0.2738426193732314,0.225190481683066,0.1678705975252251,0.2804151299988031,0.2246340534690086,0.042083740234375,0.026025390625,0.057806396484375,0.04242919921875,0.0,0.0,0.0,0.0,0.1345343217965505,0.0335257011223026,0.3013581985661862,0.1546314578890725,0.3552970891883777,0.3107919329023665,0.6015308347326707,0.4108984949469767,0.0314960629921259,0.0256090059055118,0.0361897145669291,0.0311208169291338,0.6673810014446111,0.5031427542102825,0.8022093202985591,0.6663108329006485,14.307556363063696,5.699901019513755,26.735488112396187,15.793217130106608,0.6799130748776965,0.5819925731677941,0.7556890044427399,0.6719665063343307,1.6060909386855111,1.4924153886680225,1.9210989359219608,1.6901468810679112,1.249994739270384,1.2497751955074996,1.2502018241196349,1.2562631908684805,-0.5462010036251334,-0.7491263303118,1.2021656593542798,122.92543414393124
latentB_K5_z64_volloss_n2000_s0,dev,20,latentB,64.0,5.0,2000.0,0.0,True,huber,True,1005361,0.0613574672621273,0.0527177359699843,0.070888491507741,0.0616002658460484,0.090442935924975,0.0782864125453274,0.1039688129669341,0.0906406264528746,0.3985777171328664,0.3381510056555271,0.4812965671531856,0.4071635189926019,0.0903044659822089,0.0787869570967495,0.1001524727928537,0.089908064755965,0.0789834503320043,0.0281201974781225,0.1418188122932382,0.0842216902292486,0.583346830630552,0.5253284960792244,0.6614316725882728,0.5884185185761468,0.4466115031552905,0.3662586300565452,0.5282391588728904,0.4466951176902816,0.064697265625,0.045599365234375,0.085528564453125,0.06642333984375,0.0,0.0,0.0,0.0,0.0933538259463514,0.0337531478992251,0.2048192968896075,0.1124398298947829,0.3202267150532765,0.2825993525758027,0.4999917484358253,0.3607322502529435,0.0425688976377952,0.036349655511811,0.0484190452755905,0.0425221456692913,0.5719754022704842,0.4481821663997808,0.6916111299293437,0.5739919990896316,12.05202605012314,5.179490926584098,22.0263278390836,12.87738164498673,0.5060554905045778,0.393294257334476,0.623418423182182,0.5073211074606964,2.8910555805575866,2.224300921079712,5.124337257786229,3.339655466258673,1.2499960258597715,1.2497865353476474,1.2587517316862993,1.2476529358976864,-0.6761820091476943,-0.8981571826761275,0.6894216337820207,755.5839559369628
latentB_K5_z64_volloss_n2000_s0,dev,50,latentB,64.0,5.0,2000.0,0.0,True,huber,True,1005361,0.1764598752360624,0.1269140424477163,0.2196753947023176,0.1756475853983818,0.3758500299020279,0.2042748656292873,0.5326013809907675,0.3768496086190859,3.471600508317352,1.4737029153853656,4.914402333833277,3.3571660612584675,0.1906177632056052,0.1382233209785436,0.2415790590524384,0.1906129304064404,0.3550845979236277,0.2081453018848099,0.4963910900280751,0.3587222634413871,2.6541221993207618,2.019627793273125,3.184389428871494,2.6385486202287645,1.1116152041942031,0.9547110988441592,1.2188865735595171,1.093524718750048,0.184173583984375,0.1482666015625,0.2142578125,0.1836627197265625,0.0,0.0,0.0,0.0,0.6013998846531919,0.2775420359468886,1.0336121815106727,0.6556829519364342,0.8183392589166811,0.559648093197436,1.0403563820126518,0.8119547826807476,0.0410617618110236,0.0342919537401574,0.0486804872047244,0.0415869525098425,1.2333450895214844,0.7083927252326621,1.7431311072819151,1.2360524262315469,12.386868371977826,4.991727121840249,21.609418904090653,12.754393024930105,0.3443422909193769,0.2730262647992746,0.414576287346209,0.3459635480241447,2.4079372866823654,2.120330543187631,3.255714372782053,2.547496986602797,1.250005576894611,1.2498430082513188,1.253207871783056,1.2634849762490243,-0.0235079433809768,-0.6604752766088169,8.14677441804986,1745.1331395843577
identity,test_indist,1,identity,,,,,True,,False,0,0.0046423766425975,0.0015890233970131,0.0090982749243305,0.0049559100332579,0.0253215818976977,0.011462337997408,0.0405524619576962,0.0259987151778536,0.2992999865091406,0.1984999936292297,0.392659989092499,0.295345992789953,0.0963964765228603,0.0658935193756496,0.1242583419619365,0.0955740503456638,-0.25,-0.2500000000149438,-0.2499999995393653,-0.2500000009740776,0.0,-1.309672370553017e-12,3.725290298461915e-11,-3.442874003667386e-11,0.0225851723149266,0.0073836986326416,0.0428068144950721,0.0234379799722542,0.0,0.0,0.0,0.0,0.0,0.0,0.0,0.0,0.4005698193019097,0.0039527721202966,0.9566338265316626,0.4133195064381891,0.1723590011733038,0.0902535841892688,0.8993866802800513,0.4192543457372521,0.0,0.0,0.000187623031496,8.35076279527559e-05,0.0,0.0,3.975951853942279e-10,7.364498692355285e-10,49.31519481806737,18.92635978343562,78.79876279434998,48.52030400085109,0.0473546318530611,0.0292404183464928,0.1217961762568009,0.0660534882085722,0.0007694128787878,0.0007694128787878,0.0007694128787878,0.0007694128787878,1.2500006802695327,1.2498957639265935,1.2502986310399689,1.272544343722919,-1.0,-1.0,-0.999999999985056,-0.9999999986771794
identity,test_indist,5,identity,,,,,True,,False,0,0.022835039711897,0.014550505021485,0.0303483049185123,0.0223009009857108,0.059524053607958,0.0447395111284444,0.073108009441652,0.0588891657023039,0.3775000010064104,0.3191799864172935,0.4333000014477875,0.3761169895621424,0.1020986010054747,0.0862233843924847,0.119842373028455,0.1026065330058242,-0.25,-0.2500000000036004,-0.2499999999266538,-0.2500000001184003,0.0,-1.309672370553017e-12,3.725290298461915e-11,-3.442874003667386e-11,0.1161941484272974,0.0732166856678641,0.1498565380190817,0.1134662468135757,0.0,0.0,0.0,0.0,0.0,0.0,0.0,0.0,0.0834766078881547,0.0009585503479619,0.4503520516250136,0.1825992649699285,0.0658053343203128,0.0442628380752065,0.6801636245580819,0.2694714106368034,0.001091904527559,0.0,0.0023683562992125,0.0011780265748031,0.0,0.0,5.8206403846569955e-11,9.874288658240686e-11,35.86583638354705,11.03713648135346,43.933055145195866,30.19088073514627,0.0365146984979234,0.0239619717794934,0.0753327408054865,0.0465990395715144,,,,,1.2500014525536995,1.2498814129537947,1.251048303104366,1.2580309278146518,-1.0,-1.0,-1.0,-1.0
identity,test_indist,10,identity,,,,,True,,False,0,0.0389345571363994,0.0291437038942784,0.0499335046139251,0.0393001485479754,0.0792940784668227,0.0664455163727851,0.0934863016482639,0.0793651530099991,0.3980999761552084,0.3494999870657921,0.453879991103895,0.4001969903527788,0.1046504551215545,0.0895971791516143,0.1182749445515075,0.1045890072341066,-0.25,-0.2500000000013836,-0.2499999999612165,-0.2500000000284261,0.0,-1.309672370553017e-12,3.725290298461915e-11,-3.442874003667386e-11,0.2249067511155231,0.1718731234301999,0.2844905387959079,0.2252573724484335,0.0,0.0,0.0,0.0,0.0,0.0,0.0,0.0,0.0478540076619335,0.0006239993111295,0.2703934892591168,0.1064879033926214,0.0450143161563773,0.0327162730779717,0.5477050307137064,0.2096907802378995,0.0041061761811023,0.0023037647637795,0.0058778297244094,0.0040126722440944,0.0,0.0,2.788560067947729e-11,4.4995859184030536e-11,24.00143846940784,9.358227225280496,40.11298166518691,24.73487190305318,0.0336948515396056,0.0235740486367273,0.0663029009637119,0.0420669629268594,,,,,1.2499998137227917,1.249848071821822,1.25023922299819,1.2717684370192708,-1.0,-1.0,-1.0,-1.0
identity,test_indist,20,identity,,,,,True,,False,0,0.0636571700390313,0.0532403941650972,0.075894048382268,0.0642750055158766,0.1025242019878777,0.0903225918195417,0.1183107861599782,0.1037687522585227,0.4306999827967956,0.3814799872110598,0.5093399882316589,0.4372899893721478,0.1072099356425382,0.0959726373046831,0.1198647977611137,0.1081776749752695,-0.25,-0.2500000000007576,-0.2499999999812998,-0.2500000000179176,0.0,-1.309672370553017e-12,3.725290298461915e-11,-3.442874003667386e-11,0.447810302839404,0.3730616695120436,0.5285453760401604,0.4494446190270619,0.0,0.0,0.0,0.0,0.0,0.0,0.0,0.0,0.0356733763026333,0.0003696513394687,0.1598224728547555,0.0668265248829986,0.0354235133268286,0.0245092946802353,0.4374882925918951,0.1656290356531381,0.011595718503937,0.0079970472440944,0.0144869586614173,0.0113764148622047,0.0,0.0,1.5163714183710892e-11,2.748991235710197e-11,25.813287186073985,7.945661557378551,38.45874695358882,22.81727935827048,0.0306758427103497,0.0232035532354878,0.0722562246802955,0.0393420689726837,,,,,1.250008300164878,1.2498689725455503,1.2533043733875668,1.2816749446309046,-1.0,-1.0,-1.0,-1.0
identity,test_indist,50,identity,,,,,True,,False,0,0.1037402683456725,0.0900932582728772,0.1183514521015561,0.1037747742462327,0.1396307421486389,0.1223160568226598,0.15750088041198,0.1393369259539356,0.4969999939203262,0.4219999914057553,0.5893799886107445,0.5022879875197396,0.1195156778875931,0.106175482498111,0.1352253731990476,0.1200622357760751,-0.25,-0.2500000000003173,-0.2499999999920135,-0.2500000000074444,0.0,-1.309672370553017e-12,3.725290298461915e-11,-3.442874003667386e-11,1.096040915431202,0.9808470715430008,1.2126753370836372,1.0914950593460804,0.0,0.0,0.0,0.0,0.0,0.0,0.0,0.0,0.024501278571615,0.0002274015780326,0.0963158369166235,0.0416899277666079,0.0274776498807078,0.0189188621264354,0.3439817849659314,0.1292919876823456,0.0269285187007874,0.0224163385826771,0.0328617125984251,0.0273288324311023,0.0,0.0,9.228896509040875e-12,1.5971847860193734e-11,27.78965354502388,8.731866087097497,33.83041922704315,25.15919683023713,0.0273870042917034,0.0224888254432196,0.0669622218491065,0.0363332164494396,,,,,1.2499950333403935,1.249843831745201,1.2505173814562898,1.256321597896726,-1.0,-1.0,-1.0,-1.0
identity,test_ood_terrain,1,identity,,,,,True,,False,0,0.0041760741429461,0.0005806982420578,0.0078126523938291,0.0042735398371293,0.023943969524163,0.0056174389337951,0.0367194518963183,0.0227112188263092,0.2880999818444252,0.1251800175756216,0.3666599780321121,0.2645119915957912,0.0924721692634649,0.0487476052293061,0.1208772107931887,0.0868780313415715,-0.2500000000016547,-0.2500000175969715,-0.249999994156625,-0.250000039683423,-1.4551915228366857e-13,-2.9978400561958555e-10,6.812624633312223e-10,8.082370186457416e-11,0.0213673530244136,0.0026429307521714,0.0386437421842324,0.0208898627437778,0.0,0.0,0.0,0.0,0.0,0.0,0.0,0.0,0.34668516676709,0.0061004508640482,0.9619685070327182,0.3933233856940204,0.513652471905488,0.0959491040410184,0.8083017073490943,0.4234912534412127,0.0,0.0,0.0004705954724409,0.0001277989665354,5.083476469723687e-10,0.0,2.4633524375190092e-08,3.20512958218022e-08,50.3506305507972,19.49391625660721,72.33990773966342,48.19007325677894,0.0699719056155037,0.0385683008447259,0.1147160621218882,0.0733325167672242,0.0,0.0,0.018348623853211,0.0051439037480575,1.2500230086402055,1.2498978511822905,1.2680155621238598,1.293921712549931,-0.9999999999868678,-1.0,-0.99999998117316,-0.999999943056418
identity,test_ood_terrain,5,identity,,,,,True,,False,0,0.0196162287554004,0.0123358187979722,0.0282489471221306,0.0199820195387534,0.0556904736552361,0.0405654259448091,0.0690723597047858,0.0550012101292626,0.3674999894574284,0.2920399703085422,0.4299399981275201,0.3676009912643349,0.0985545329734374,0.0819992493389804,0.1153752546161762,0.0987737055373402,-0.2500000000003153,-0.2500000013339833,-0.2499999984533368,-0.2500000000333456,-1.4551915228366857e-13,-2.9978400561958555e-10,6.812624633312223e-10,8.082370186457416e-11,0.1008988914072274,0.0645528707492306,0.1445038019305699,0.1043959025527175,0.0,0.0,0.0,0.0,0.0,0.0,0.0,0.0,0.0434330666531653,0.0013289427882068,0.3750912096909413,0.1378627428497067,0.1777692976340255,0.0484394206859786,0.455340385271299,0.2268509800903622,0.0011072834645669,3.075787401574803e-05,0.0026174950787401,0.0012596887303149,9.285003969117869e-11,0.0,3.884013659568575e-09,1.5185083914462403e-09,27.067535863261497,11.498834411940615,45.76555044793631,28.32841673575212,0.0454739168252969,0.0282621487104878,0.0914374661696997,0.0531699165570575,,,,,1.2499938374559267,1.2496628331035973,1.2502551026324409,1.2609179663756631,-1.0,-1.0,-1.0,-1.0
identity,test_ood_terrain,10,identity,,,,,True,,False,0,0.0366268484527401,0.0268617778463125,0.0475773694059489,0.0369112621492851,0.0755692299843027,0.0612549242372467,0.0900555369627432,0.0759875016135964,0.3871999997645616,0.3333599992096424,0.4502999786287546,0.3903179907938465,0.1012341910571136,0.0864689724986403,0.1150621348743724,0.1014332679100881,-0.2500000000001821,-0.2500000004853661,-0.2499999992866412,-0.2499999999360357,-1.4551915228366857e-13,-2.9978400561958555e-10,6.812624633312223e-10,8.082370186457416e-11,0.2104527742021105,0.1544927828125744,0.2715315272934141,0.2116904561956676,0.0,0.0,0.0,0.0,0.0,0.0,0.0,0.0,0.0252132167962727,0.0007385690229159,0.2213647334186491,0.0802845276809082,0.1275681610185337,0.034958316515844,0.3521472220519982,0.170437154444366,0.003660187007874,0.0019346702755905,0.0061115895669291,0.0038748769685039,4.7389544260104325e-11,0.0,1.69788039945933e-09,8.474389858976021e-10,20.608563249889706,9.081194789450954,40.51785528272634,23.159620986854254,0.0382801576043217,0.0248947384297998,0.0905511395443072,0.0486564267433742,,,,,1.2499928831479346,1.2498389050561372,1.2537062721609535,1.2762167283491688,-1.0,-1.0,-1.0,-1.0
identity,test_ood_terrain,20,identity,,,,,True,,False,0,0.0608890487707252,0.0482062890600364,0.0736330144149497,0.0609724680798025,0.100333323014162,0.0829176158617051,0.1163047604175346,0.0995765978215424,0.412999976426363,0.3512599602341651,0.4832199853379279,0.4181459911074489,0.10474872983508,0.0910106073202113,0.1188994111758135,0.1048338123271197,-0.2500000000000812,-0.250000000176503,-0.2499999995931817,-0.2499999999334191,-1.4551915228366857e-13,-2.9978400561958555e-10,6.812624633312223e-10,8.082370186457416e-11,0.4154705140619219,0.3284551426967697,0.5230842969430728,0.4200349182872749,0.0,0.0,0.0,0.0,0.0,0.0,0.0,0.0,0.0159724280676065,0.0004171361770417,0.1259035771730408,0.0469109088567464,0.0995974317125045,0.0263966431167332,0.2808972868218333,0.130178333837012,0.0105191929133858,0.0074403297244094,0.0137826033464566,0.0105760949803149,3.02523962214218e-11,0.0,1.144960376108386e-09,5.442871071287326e-10,18.05445546262491,8.295329611159396,42.68700839954499,21.97950340839074,0.0344268038314677,0.0237033006768397,0.0948329715142693,0.0471015613597784,,,,,1.249993138916163,1.249706214872899,1.2504756109261208,1.2491341831539404,-1.0,-1.0,-1.0,-1.0
identity,test_ood_terrain,50,identity,,,,,True,,False,0,0.0990778784232335,0.0850199794881084,0.1172671638419062,0.1004923428166123,0.1343197111347611,0.1178905706066176,0.1580096595432763,0.1355283820088501,0.4797999826259911,0.4085199877619743,0.5755000039935112,0.4877439867006615,0.1161401375898307,0.10106804615812,0.1337513816428393,0.1168367832860807,-0.2500000000000356,-0.2500000000718478,-0.249999999825363,-0.2499999999777055,-1.4551915228366857e-13,-2.9978400561958555e-10,6.812624633312223e-10,8.082370186457416e-11,1.028206383151494,0.9048355777821644,1.182800914879725,1.0415476426453067,0.0,0.0,0.0,0.0,0.0,0.0,0.0,0.0,0.0064402574619043,0.0002706048718158,0.0824994122965796,0.027590461683193,0.0753345994216212,0.0199763165242598,0.2157546628380511,0.1000080621346084,0.0263902559055118,0.0209430364173228,0.03125,0.0263658033956692,1.7823959617438348e-11,0.0,6.574775785380359e-10,3.293880184486021e-10,20.56612465728475,9.386952173593723,39.402306171479424,22.79983289459685,0.0328348542325303,0.0231555722830809,0.0969318481440878,0.0464503937543471,,,,,1.249987555644296,1.2497624491187147,1.2514886379847314,1.2488011165940809,-1.0,-1.0,-1.0,-1.0
identity,test_ood_soil,1,identity,,,,,True,,False,0,0.0043318541296204,0.001214271213313,0.0086447495459852,0.0046880039730062,0.0269992204295333,0.0117424358817694,0.0451784662986579,0.027777147189501,0.383199994568713,0.2346399893460329,0.5004200011491775,0.3716719916184957,0.1156380988586766,0.0728467589542244,0.1492398557631768,0.1136901782178129,-0.25,-0.2500000001219132,-0.249999999683833,-0.250000000017939,0.0,-6.402842700481416e-12,2.508022589609026e-11,-8.183451427612458e-12,0.0198493896744708,0.0055263089385144,0.0410738951928314,0.0216553876191861,0.0,0.0,0.0,0.0,0.0,0.0,0.0,0.0,0.4084967324558468,0.0023244629713461,0.980436605004218,0.4216293830880866,0.1453011964755536,0.0669442437635944,0.9168839848184088,0.4229979367656811,0.0,0.0,0.0001568651574803,5.644069881889764e-05,0.0,0.0,4.801593581776993e-10,2.635545890685319e-10,55.34032911823573,25.223063112406127,76.30031663789795,53.46343502362036,0.0670540223553704,0.0373572755273839,0.1358071555012385,0.0806518851794051,0.0,0.0,0.0,0.0,1.2500068707379837,1.2499098320602602,1.2502381302196606,1.2542128959029244,-1.0,-1.0,-0.999999999878088,-0.9999999996933304
identity,test_ood_soil,5,identity,,,,,True,,False,0,0.0222841119910022,0.0146050667809863,0.0290314824026498,0.0222571771161659,0.0662673364371322,0.0503730992076645,0.0802898316718593,0.0653045932770225,0.4824999808042776,0.4003799963509664,0.5444400015403517,0.4793629883659742,0.1247614209147939,0.1097165040329587,0.1432762549028075,0.1246969730768099,-0.25,-0.2500000000191471,-0.2499999999416937,-0.2500000000199843,0.0,-6.402842700481416e-12,2.508022589609026e-11,-8.183451427612458e-12,0.1135280685909801,0.0705081338730141,0.1508085406441289,0.111965008699151,0.0,0.0,0.0,0.0,0.0,0.0,0.0,0.0,0.1006240502045022,0.0005443489957352,0.5622814717184021,0.2172177345484514,0.0534990317471976,0.0334626801837525,0.7040999549235898,0.2811315368487082,0.0009842519685039,0.0,0.0022176427165354,0.0010805241141732,0.0,0.0,4.9654001966264416e-11,2.827249517389543e-11,25.31226830913022,11.107583677495686,48.22317757147663,27.81535039933259,0.0425434541116721,0.0262344045738645,0.0657969248031002,0.0470042083149093,,,,,1.2500119817066329,1.249900029291368,1.2705537654966874,1.273914804572352,-1.0,-1.0,-1.0,-1.0
identity,test_ood_soil,10,identity,,,,,True,,False,0,0.0401863149229764,0.0301467034068588,0.0501530370870734,0.0402969867813736,0.0895208152212407,0.073652967343833,0.1031204539162193,0.0890690946480841,0.5077999841887504,0.4527999922633171,0.5704600016702898,0.5092249868521321,0.1277722099336225,0.111773384423355,0.141354497347197,0.127137452181171,-0.25,-0.250000000009735,-0.2499999999729222,-0.2500000000094282,0.0,-6.402842700481416e-12,2.508022589609026e-11,-8.183451427612458e-12,0.2188457310724836,0.1671073262968172,0.2775545604413493,0.2214444997392265,0.0,0.0,0.0,0.0,0.0,0.0,0.0,0.0,0.07155787487794,0.0003057567113275,0.3357264623518321,0.1298445394409725,0.0384210745442206,0.0244354339179634,0.5829900280382193,0.223036807483539,0.0031219242125984,0.0014948326771653,0.0055056594488188,0.0033135457677165,0.0,0.0,2.9852406952383367e-11,1.507206905373535e-11,19.341160580319603,7.484185561104798,40.31630278106751,21.394809169980217,0.0360580712246167,0.0244817549698826,0.0615909222166315,0.0407048287645004,,,,,1.2500014280337814,1.2498934549915592,1.250213759172956,1.251839727630936,-1.0,-1.0,-1.0,-1.0
identity,test_ood_soil,20,identity,,,,,True,,False,0,0.068003086712491,0.0570602303232605,0.079877010938434,0.0686461572091892,0.1182078448463965,0.103012754192163,0.1327000838870091,0.1187841316238752,0.5446000035153702,0.481959992647171,0.6166999772191047,0.54852498694112,0.1318462338215598,0.1183789500958705,0.1464871419212324,0.1320484388173582,-0.25,-0.2500000000042698,-0.2499999999867007,-0.2500000000050048,0.0,-6.402842700481416e-12,2.508022589609026e-11,-8.183451427612458e-12,0.4430221046692528,0.3650225155418991,0.5202275061187442,0.4443904568975089,0.0,0.0,0.0,0.0,0.0,0.0,0.0,0.0,0.0429810380997022,0.0001864171596996,0.1864398580925278,0.0780355435253975,0.0292027066095054,0.0181945368799512,0.4616132434450444,0.1752670353435859,0.0096579724409448,0.006705216535433,0.0124046505905511,0.0095804625984251,0.0,0.0,1.7416486462795562e-11,8.806013896671725e-12,19.018146294088925,6.721545651983671,33.242378190344574,19.68860321079164,0.0314251551490058,0.0236843503441735,0.0571801880157541,0.0381094490065239,,,,,1.2500000054270444,1.2498715564563814,1.2502515769788742,1.2622456690983646,-1.0,-1.0,-1.0,-1.0
identity,test_ood_soil,50,identity,,,,,True,,False,0,0.118151059084083,0.1015107346787703,0.1346575405495566,0.1176240047420677,0.1626881206090717,0.1428968540427688,0.1819387124033528,0.1624920878315128,0.6027999727521092,0.5229399944888428,0.7200999975204467,0.6146699844596151,0.1447249441698417,0.1270798286324347,0.1599887427085313,0.1443291799758988,-0.25,-0.2500000000013994,-0.2499999999944938,-0.2500000000019985,0.0,-6.402842700481416e-12,2.508022589609026e-11,-8.183451427612458e-12,1.110562001958804,0.9820759707270278,1.2292357936885374,1.1093453293969409,0.0,0.0,0.0,0.0,0.0,0.0,0.0,0.0,0.0260782623315785,0.0001076001958502,0.1060885877909698,0.0451219812449773,0.0216717125736884,0.0135295247404037,0.3560404078617969,0.1330604094547969,0.0262826033464566,0.0214628444881889,0.0307301919291338,0.0262232406496062,0.0,0.0,9.463882332425612e-12,5.327216826928279e-12,20.38115257991595,7.529646858614906,28.25160642465834,19.544877808982413,0.0277842891799222,0.0223743903762354,0.0596630278636324,0.0358370135900597,,,,,1.249992420272248,1.2498554879596488,1.2502758607369406,1.2525011748801482,-1.0,-1.0,-1.0,-1.0
identity,test_ood_both,1,identity,,,,,True,,False,0,0.0044167235264476,0.0003966613679468,0.0087649997721909,0.004423037911653,0.0275259589007982,0.0051471254040144,0.0436837542083133,0.0255589413433361,0.3714999705553055,0.1531600393354893,0.4822399851866066,0.3369959912251943,0.1140047341946276,0.0456987388582924,0.1515831206210086,0.1063747286461528,-0.25,-0.2500000150222048,-0.2499999742903112,-0.2499999728475604,0.0,-7.525086402893066e-10,9.932555258274068e-10,-8.409369911532873e-11,0.0204644613948054,0.0018050370709681,0.0416533222468132,0.0205519567056456,0.0,0.0,0.0,0.0,0.0,0.0,0.0,0.0,0.2999007726147369,0.0029148096843538,0.9604039410378388,0.4003204905361378,0.4805181758438915,0.0748239496498542,0.7767509731498348,0.4038763503672261,0.0,0.0,0.0001261072834645,6.505290354330708e-05,3.3846482275367873e-10,1.322905883344347e-13,5.465833419305789e-08,9.724187992232261e-08,55.6330780803716,24.931735400507623,81.57292476918309,51.015672029732,0.0809591060740403,0.0489413233610575,0.1322238524647389,0.0896123227942703,0.0,0.0,0.0274285714285714,0.0183000996487366,1.2500108724059755,1.2498757335534123,1.2505467971663515,1.2556109351503777,-1.0,-1.0,-0.99999998298161,-0.999999904253257
identity,test_ood_both,5,identity,,,,,True,,False,0,0.0198145258471167,0.0119756149980195,0.0279474578012382,0.0198204376596654,0.061662125568526,0.046220220706776,0.076718210176526,0.0609698503584888,0.4625999955460429,0.3891800001263618,0.5328999734250829,0.4605449875212798,0.120975718394992,0.1024852781376655,0.1407147396855199,0.121741666827797,-0.25,-0.2500000025421812,-0.2499999962292873,-0.2500000002299721,0.0,-7.525086402893066e-10,9.932555258274068e-10,-8.409369911532873e-11,0.102175300249489,0.0620127580033893,0.1397973467990698,0.1004353728212894,0.0,0.0,0.0,0.0,0.0,0.0,0.0,0.0,0.0450010397573513,0.0008355130831363,0.3913852542345169,0.1403791714880951,0.155818668489773,0.0369751458325401,0.4455068705870364,0.2087464836755999,0.0007381889763779,0.0,0.0018485482283464,0.000912278543307,7.460752887705504e-11,3.608992266744227e-14,4.552035179965605e-09,3.537489885454665e-09,32.93164052528316,10.39998137943856,53.33102425081654,31.892020270741543,0.0537256263031275,0.0316763367922976,0.091159988090321,0.0611036795901845,,,,,1.2499942679252896,1.249676633863711,1.2516613153160048,1.257739657386812,-1.0,-1.0,-1.0,-1.0
identity,test_ood_both,10,identity,,,,,True,,False,0,0.0362723379466412,0.026785298325039,0.048181569914026,0.0368405753458703,0.0835351666729707,0.0690099978704957,0.0995144863663696,0.0841025903317612,0.4910000078380108,0.420380019582808,0.567379997856915,0.4914439868670888,0.1235586138701617,0.1081989209778785,0.1388494077593837,0.1236313282554562,-0.25,-0.2500000012386273,-0.2499999985064597,-0.2499999998429738,0.0,-7.525086402893066e-10,9.932555258274068e-10,-8.409369911532873e-11,0.2031365261881519,0.1463365636823937,0.253245817933636,0.202969351822928,0.0,0.0,0.0,0.0,0.0,0.0,0.0,0.0,0.0160183550802484,0.0004296808316835,0.219295040802815,0.0777951450588691,0.1160751921861355,0.0264938900791049,0.3285642010765296,0.1545844707930831,0.0029527559055118,0.0012272391732283,0.0046259842519685,0.0029138471948818,4.0406792630117894e-11,2.0049242447787507e-14,2.3241123881250726e-09,1.8677803792919102e-09,24.541798348101377,7.558418226992837,43.23210263800924,25.29612074978441,0.0466641106205585,0.0274290026679903,0.1026151092274955,0.0562722568793514,,,,,1.2499928367875677,1.24972794484327,1.2502285086119476,1.2697885564936484,-1.0,-1.0,-1.0,-1.0
identity,test_ood_both,20,identity,,,,,True,,False,0,0.0655524154044675,0.0495741784486964,0.0795611979232006,0.0650184486429323,0.1148881664126398,0.0959674242528922,0.1329985245755817,0.1144531129826739,0.5266999881714582,0.4586999824270606,0.6140200039371848,0.5348369870518218,0.1286755770673945,0.1130227751500646,0.1439201597441414,0.1290792305569931,-0.25,-0.2500000004640312,-0.2499999993243196,-0.2500000001112571,0.0,-7.525086402893066e-10,9.932555258274068e-10,-8.409369911532873e-11,0.420311699092146,0.3348320735125613,0.5081415400319403,0.4173470080982215,0.0,0.0,0.0,0.0,0.0,0.0,0.0,0.0,0.0067378472112128,0.0002373801443409,0.13657136850925,0.0458325619809698,0.0836405603396066,0.0196209160295845,0.2511481589446174,0.1169258016459077,0.0087198572834645,0.0058716781496062,0.0116972194881889,0.0087936761811023,2.378940166573364e-11,1.2819109584845514e-14,1.176688671137303e-09,1.0607503029272052e-09,19.773631792666016,8.144226803388378,46.48615141309756,23.6574025253478,0.0412295350675481,0.0268993171371394,0.0963351887882767,0.0534036727288865,,,,,1.249990378814301,1.249807678730002,1.2505803679732432,1.2555312286182514,-1.0,-1.0,-1.0,-1.0
identity,test_ood_both,50,identity,,,,,True,,False,0,0.1123557588843771,0.0962258752027413,0.1277978702894597,0.1125237612212302,0.1567739334911089,0.1390458560387968,0.1767450890915047,0.1575106910201068,0.590599991613999,0.5127799688343657,0.6766999866813421,0.596344984691823,0.1406228446824646,0.1240553295193556,0.1577097506083189,0.1405735365956367,-0.25,-0.2500000001985392,-0.2499999997468723,-0.2500000000373086,0.0,-7.525086402893066e-10,9.932555258274068e-10,-8.409369911532873e-11,1.039879687861482,0.8673013813749686,1.177894512124868,1.0383263038896045,0.0,0.0,0.0,0.0,0.0,0.0,0.0,0.0,0.0035468813607877,0.0001355577365901,0.0703993707997875,0.0257152669076129,0.0626136823813372,0.0141904717502063,0.1863446439472975,0.0873240547480152,0.025021530511811,0.0208200049212598,0.0294506643700787,0.0249169537401574,1.3606481713621132e-11,7.324320603383095e-15,7.16944181119872e-10,5.862001471467335e-10,19.86694106632889,6.918241923224704,42.505964067864426,22.21225067067462,0.0368477401103598,0.02350930519363,0.1004590415549712,0.0520160489314108,,,,,1.2500093969271058,1.2498308210023774,1.2508207977989283,1.2573624860006452,-1.0,-1.0,-1.0,-1.0
identity,test_ood_policy,1,identity,,,,,True,,False,0,0.0044944456818809,0.0013965734533536,0.0092052536735877,0.0049544711299996,0.0247076961589562,0.01168333346423,0.0422065128011682,0.0259157134722155,0.2964999850082677,0.2004999977740226,0.39943998689414,0.2948199931598356,0.0948568396017531,0.0651105013276345,0.1278404436665063,0.0948214118691426,-0.25,-0.2500000000131069,-0.249999999369668,-0.250000000144211,0.0,-1.1932570487260817e-12,5.550100468099118e-11,-1.0935109457932415e-10,0.02110746592398,0.0064405436262123,0.0418943340042562,0.022968823242018,0.0,0.0,0.0,0.0,0.0,0.0,0.0,0.0,0.3499327461263274,0.0030831828725663,0.9647982146552326,0.4038460014530332,0.1463550349729096,0.0881612825679692,0.8901291180226264,0.399887826448993,0.0,0.0,9.534940944881872e-05,5.951648622047245e-05,0.0,0.0,6.012962661799574e-10,1.6327662761981786e-09,50.52638886680282,22.752303318882262,71.40349251446153,47.716052249335576,0.0569118973588653,0.0313094917824527,0.1092564264877217,0.0671446725947689,2.670940170940171e-05,5.341880341880342e-06,4.807692307692308e-05,2.670940170940171e-05,1.250012142449013,1.2498967710844382,1.2501970030020315,1.2606055599040866,-1.0,-1.0,-0.9999999999784408,-0.999999998091035
identity,test_ood_policy,5,identity,,,,,True,,False,0,0.0208252802380211,0.0143455940766197,0.0281553593180904,0.0210325790045033,0.0574260997041927,0.042103437545561,0.0700030528828711,0.0568356235279877,0.3746999952563783,0.3054399923203164,0.4227399786497699,0.3682409903008374,0.0999105595581395,0.0827112444265626,0.1183611814983207,0.0996646453573724,-0.25,-0.2500000000024481,-0.2499999998782149,-0.2500000002603381,0.0,-1.1932570487260817e-12,5.550100468099118e-11,-1.0935109457932415e-10,0.1098967584389116,0.0719777747427219,0.1435255137305355,0.1085580779879448,0.0,0.0,0.0,0.0,0.0,0.0,0.0,0.0,0.0655484362389909,0.0009835846786987,0.4659968155079673,0.1814447089099762,0.0594932364315965,0.0442013530283834,0.6472346685903209,0.2548570305710874,0.0012303149606299,0.0,0.0024975393700787,0.0013010580708661,0.0,0.0,1.0131758409502915e-10,1.7472478901373956e-10,25.585267989070623,14.025794648678437,35.56145970501685,25.228046637425592,0.0368935807823345,0.0259904082047515,0.078699200532035,0.045577016197458,,,,,1.249995634516766,1.2498060369190842,1.2502947076085342,1.2736967456720958,-1.0,-1.0,-1.0,-1.0
identity,test_ood_policy,10,identity,,,,,True,,False,0,0.0382494253285683,0.0280625139297931,0.0488970666475858,0.0381585169244765,0.0784752478931098,0.0628011083036743,0.0922078838508233,0.0777620187020308,0.3979999747825786,0.3433200001716613,0.4556199803948402,0.3983909904010943,0.1019011008567551,0.0883906642889116,0.1164785782999858,0.1018896766913108,-0.25,-0.2500000000012542,-0.2499999999390229,-0.2500000001069879,0.0,-1.1932570487260817e-12,5.550100468099118e-11,-1.0935109457932415e-10,0.2181917027708172,0.1591508028371648,0.27435567471707,0.2187431154912909,0.0,0.0,0.0,0.0,0.0,0.0,0.0,0.0,0.0482885293923976,0.0005588775188286,0.2819600555548838,0.1113922205086575,0.043914795387914,0.032019688994359,0.5273712003677299,0.1990480173631124,0.0038754921259842,0.0025159940944881,0.0060746801181102,0.0041550812007874,0.0,0.0,5.7351182561280366e-11,8.523559986090949e-11,15.969601133943566,6.062022342918325,36.77125312320763,20.04766139333536,0.0343137805817687,0.022909344333525,0.0687298293320352,0.0403282922433518,,,,,1.2500016946062034,1.2498487993332512,1.2510752473806714,1.2681920626312682,-1.0,-1.0,-1.0,-1.0
identity,test_ood_policy,20,identity,,,,,True,,False,0,0.0613220016233735,0.0515345128653583,0.0749115984538087,0.0623072450182759,0.0999455358103242,0.0873168825624571,0.1169008944127394,0.1013971005606787,0.4262999831698835,0.3728000029921531,0.4862199913070071,0.428885990606941,0.1044799887861877,0.093158871577104,0.1195764250818348,0.1057586567215797,-0.25,-0.250000000000653,-0.2499999999707253,-0.2500000000592711,0.0,-1.1932570487260817e-12,5.550100468099118e-11,-1.0935109457932415e-10,0.4315302132142306,0.3583595310337108,0.5163502766908299,0.4343786913727339,0.0,0.0,0.0,0.0,0.0,0.0,0.0,0.0,0.0332326872239545,0.0003463294535824,0.1545811155165143,0.0657685521013233,0.0332919828415194,0.0244894527930941,0.41706866944285,0.1565790026435281,0.0112112450787401,0.0086398868110236,0.0145607775590551,0.0114619217519685,0.0,0.0,3.1385713098196686e-11,5.5085709753592756e-11,20.487300401292902,8.660682994358446,29.520696504514767,19.545461087030294,0.0300346175763568,0.0242837673506336,0.0640910269846475,0.0366771113646713,,,,,1.24999799979807,1.249829169149674,1.2506027689563883,1.2690949419445725,-1.0,-1.0,-1.0,-1.0
identity,test_ood_policy,50,identity,,,,,True,,False,0,0.1021281407456982,0.0898212990095691,0.1185676677390245,0.1033191437635304,0.1368810935800772,0.1212953368545619,0.1577180545677828,0.1389011223528176,0.4889999895531218,0.4236599845404271,0.594039981138485,0.5041929863132828,0.1183729324522236,0.1062889410417684,0.1357380545757228,0.1196276024284386,-0.25,-0.2500000000002669,-0.2499999999882537,-0.2500000000232549,0.0,-1.1932570487260817e-12,5.550100468099118e-11,-1.0935109457932415e-10,1.0826046159693217,0.9583313820157155,1.2103589532106651,1.084531504513676,0.0,0.0,0.0,0.0,0.0,0.0,0.0,0.0,0.0216861418562025,0.0002249213416666,0.0944783876540356,0.0402212436636241,0.0268649852098861,0.0188366553448281,0.3373326487140404,0.1228303787262888,0.0274206446850393,0.0224194143700787,0.0321512057086614,0.0273655880905511,0.0,0.0,1.9055292474470053e-11,3.3336193018488764e-11,15.602981427728656,8.75378795234499,25.82235747754136,16.686923894109047,0.0265351755540127,0.0213574856463136,0.0630864990563507,0.0356403895926568,,,,,1.2499908703823503,1.249814260421415,1.2504652539549863,1.260234992512451,-1.0,-1.0,-1.0,-1.0
identity,dev,1,identity,,,,,True,,False,0,0.0046253843920864,0.0015511339972204,0.0089013584502604,0.0050229904139049,0.025336401986612,0.0121440244872588,0.0389970686037083,0.0260056284354764,0.2999999959720298,0.1856199968606233,0.3806199984101113,0.2953779937806394,0.095047641016141,0.0646144143657243,0.1222959072895096,0.0936869400735354,-0.25,-0.2500000000103427,-0.2499999994825936,-0.2499999997685023,0.0,-6.257323548197739e-13,3.729655873030424e-11,2.009437594097108e-12,0.0218445640953321,0.0075959349102759,0.0421000150788292,0.0235896654740569,0.0,0.0,0.0,0.0,0.0,0.0,0.0,0.0,0.3379295486341188,0.0037883349860925,0.9657425791928796,0.3980904626215675,0.1470453792199251,0.0903675933827739,0.8790914784493138,0.4036589066455758,0.0,0.0,0.0002768208661417,8.781373031496063e-05,0.0,0.0,3.8710207042101286e-10,2.3214967428334348e-10,40.586527846945664,12.03970171393689,74.67359927069106,43.88734859605479,0.0504753480341092,0.0271234972727059,0.1152825679651913,0.0640272360505085,,,,,1.250005231145232,1.2498844773671345,1.2507609344334198,1.269469611652574,-1.0,-1.0,-0.9999999999646484,-0.9999999998597584
identity,dev,5,identity,,,,,True,,False,0,0.022246471620265,0.0151810701763545,0.029988175492009,0.0224581968279615,0.0598207250493208,0.0450268022265127,0.0728283963298621,0.0594530794881707,0.3864999948418699,0.3207599804518395,0.4340599997565732,0.3815979901584069,0.1036879522112161,0.0856357771191066,0.1197557595336287,0.1027995845936939,-0.25,-0.2500000000016086,-0.2499999999046006,-0.2499999999933852,0.0,-6.257323548197739e-13,3.729655873030424e-11,2.009437594097108e-12,0.1132800734973976,0.0749802423885683,0.1566217634192744,0.1152673958083761,0.0,0.0,0.0,0.0,0.0,0.0,0.0,0.0,0.0722893128411782,0.0010444290407604,0.4819128002101897,0.1804840176632288,0.0597304673613222,0.0439115034613792,0.657903396747154,0.2578118786028597,0.0012764517716535,2.768208661417329e-05,0.0025282972440944,0.0013127460629921,0.0,0.0,7.377761047684847e-11,2.4870847093587245e-11,20.2260362396824,13.206863172970934,45.44542425587783,27.059758892719323,0.0332840506958169,0.0245527496917269,0.0692360434821246,0.0420845360379275,,,,,1.2499999976432157,1.2498831359292468,1.2540229853992797,1.270415951362274,-1.0,-1.0,-1.0,-1.0
identity,dev,10,identity,,,,,True,,False,0,0.0392235341818527,0.0294204997516886,0.0486153552201022,0.039332537956522,0.0798879685108013,0.0657809714726537,0.0914643147867232,0.0794888150166212,0.4041999876499176,0.3584000029659364,0.4635000059497542,0.40727298879523,0.1048463466048987,0.0891250393462665,0.1157682627202983,0.1041778905903541,-0.25,-0.2500000000009762,-0.2499999999490424,-0.2499999999956941,0.0,-6.257323548197739e-13,3.729655873030424e-11,2.009437594097108e-12,0.225190481683066,0.1678705975252251,0.2804151299988031,0.2246340534690086,0.0,0.0,0.0,0.0,0.0,0.0,0.0,0.0,0.0552146331102033,0.0005801076834452,0.2733544099617567,0.1138703467386894,0.0416315587258279,0.0320995519366516,0.5288037700663887,0.2039807766817954,0.00390625,0.0021499753937007,0.0062838336614173,0.0040414308562992,0.0,0.0,3.8975969561504065e-11,1.3340553542157353e-11,22.579654112185786,6.559586937063282,43.786958898214216,23.20391970622117,0.0324620777343578,0.0235799197990164,0.0774242998804593,0.0394352448767076,,,,,1.249994739270384,1.2497751955074996,1.2502018241196349,1.2562631908684805,-1.0,-1.0,-1.0,-1.0
identity,dev,20,identity,,,,,True,,False,0,0.0644787642458903,0.0547027609855653,0.0753711090077913,0.0645917914738537,0.1030925301681133,0.0915561241401209,0.1185176281377447,0.1036969882319165,0.428999985801056,0.3837799921166152,0.4856799947330728,0.4323849892191356,0.1076334661117884,0.0973496075176946,0.1207090506182856,0.1080202067619406,-0.25,-0.2500000000003781,-0.2499999999758497,-0.2499999999984039,0.0,-6.257323548197739e-13,3.729655873030424e-11,2.009437594097108e-12,0.4466115031552905,0.3662586300565452,0.5282391588728904,0.4466951176902816,0.0,0.0,0.0,0.0,0.0,0.0,0.0,0.0,0.0373137686239728,0.000345721832913,0.1595943305325953,0.0671514385869615,0.0318072604193112,0.0242483274030987,0.4237690206759451,0.1598638247861298,0.0111189714566929,0.0080554872047244,0.0144008366141732,0.0111432701771653,0.0,0.0,2.189418004658388e-11,7.743307848835836e-12,18.058523029787487,6.755173009479579,33.41455983152166,21.44989496643811,0.029726489569626,0.0221948665077317,0.0673953586070478,0.0374856625254858,,,,,1.2499960258597715,1.2497865353476474,1.2587517316862993,1.2476529358976864,-1.0,-1.0,-1.0,-1.0
identity,dev,50,identity,,,,,True,,False,0,0.1034175450242114,0.089876704317352,0.1158575263755596,0.1030296730766933,0.1380769794318135,0.1226508313798625,0.1548341191167684,0.1383017873748904,0.4904999881982803,0.4263199932873249,0.5822599678547704,0.501002987724205,0.1194725190152243,0.1058121485357987,0.1334644330085525,0.1195040501254784,-0.25,-0.2500000000001361,-0.2499999999900356,-0.2499999999993816,0.0,-6.257323548197739e-13,3.729655873030424e-11,2.009437594097108e-12,1.1116152041942031,0.9547110988441592,1.2188865735595171,1.093524718750048,0.0,0.0,0.0,0.0,0.0,0.0,0.0,0.0,0.0247945072128166,0.0002211328280822,0.0966016793501424,0.0419371739773771,0.023818960807501,0.0187619180274667,0.3420861446371273,0.1248187803553941,0.0274514025590551,0.0217058316929133,0.0322157972440944,0.0270398622047244,0.0,0.0,1.4082481055594789e-11,4.856034593946911e-12,18.33896467865166,7.553873033143689,30.3995675091984,19.657297367158893,0.0271394868939002,0.0208022923748162,0.0572782230357044,0.0343123171674537,,,,,1.250005576894611,1.2498430082513188,1.253207871783056,1.2634849762490243,-1.0,-1.0,-1.0,-1.0
mean_terrain,test_indist,1,mean_terrain,,,,,True,n/a,False,0,0.04204138995728943,0.003955911707682225,0.1973135473840241,0.08071563337702013,0.07111437180266728,0.01933989253886386,0.219878179195669,0.10198397404255424,0.35240024043173435,0.24882027382159322,0.49507968982834427,0.3625970053781512,0.11745736608375013,0.0824226157909609,0.20054514599167197,0.13145059358123035,-0.2500000035339937,-0.2500011561305324,-0.24999949860557336,-0.2499987593587706,-2.96786311082542e-10,-9.48731067182962e-08,4.0916296711657206e-08,-1.1180356887052768e-08,0.022585172314926634,0.00738369863264161,0.04280681449507213,0.02343797997225429,0.0,0.0,0.0,0.0,0.0,0.0,0.0,0.0,0.0,0.0,0.0,0.0,0.0,0.0,0.0,0.0,0.021284448818897638,0.009993233267716535,0.0585568405511811,0.028694789616141733,6.389495037852676,0.14787626312907767,70.05283913228155,55.72839210901547,46.17918474609956,19.0792879647909,70.04999040290576,45.59048107466802,0.2317242578080665,0.17407202157859925,0.30537133463334104,0.2362813750838798,0.999999993629445,0.9999999691534673,1.000000026722452,0.99999999460977,1.2500006802695327,1.2498957639265937,1.2502986310399689,1.272544343722919,6.186696005801863,-0.8333833420750723,77.80159943239954,62.05592074917025
mean_terrain,test_indist,5,mean_terrain,,,,,True,n/a,False,0,0.05892854008381679,0.020729829930752754,0.1975517165840781,0.08991083925774707,0.09474396222909556,0.054698739635263054,0.21886679031840783,0.12032586393151272,0.41700003575579103,0.3465797918420776,0.5569399711865116,0.4343900013973317,0.11794349264964654,0.09895617616725218,0.1965093929036179,0.134649420717225,-0.25000000061310124,-0.25000021468125183,-0.2499998890379124,-0.25000001521238147,-2.96786311082542e-10,-9.48731067182962e-08,4.0916296711657206e-08,-1.1180356887052768e-08,0.11619414842729742,0.07321668566786414,0.14985653801908178,0.1134662468135757,0.0,0.0,0.0,0.0,0.0,0.0,0.0,0.0,0.0,0.0,0.0,0.0,0.0,0.0,0.0,0.0,0.02643639271653543,0.01242310531496063,0.05681902066929134,0.030683132381889765,1.0577977070285955,0.032251569731162,11.13841177977446,4.402085839811776,24.05121878825678,8.353343611709933,38.8962144096884,24.16778296306491,0.2385579644981152,0.18039587269124935,0.34923717618961303,0.25410842981433196,,,,,1.2500014525536995,1.2498814129537947,1.251048303104366,1.2580309278146518,-1.0,-1.0,-1.0,-1.0
mean_terrain,test_indist,10,mean_terrain,,,,,True,n/a,False,0,0.0709762939306241,0.03569639169648138,0.19225945112709444,0.09806556566765126,0.10186809097130728,0.0736151209183824,0.21741062934537922,0.13075703922572554,0.4330998998867699,0.37100083054201605,0.5689393759725134,0.4567669993293717,0.11841481126180715,0.099833300750495,0.1973000558142533,0.13349912801890548,-0.2500000003035626,-0.2500001147485477,-0.24999995446183876,-0.2500000151503087,-2.96786311082542e-10,-9.48731067182962e-08,4.0916296711657206e-08,-1.1180356887052768e-08,0.2249067511155231,0.17187312343019998,0.28449053879590797,0.22525737244843355,0.0,0.0,0.0,0.0,0.0,0.0,0.0,0.0,0.0,0.0,0.0,0.0,0.0,0.0,0.0,0.0,0.030081200787401577,0.014699187992125985,0.054389148622047245,0.03303257258858268,0.9138930138024788,0.018302691102471073,5.562213051182625,2.180800853911307,16.743834298911295,6.58358366828727,32.018339036018475,18.171291869259274,0.26028665986788585,0.18948672057588883,0.3777135736828503,0.27105440422799787,,,,,1.2499998137227917,1.2498480718218221,1.25023922299819,1.2717684370192708,-1.0,-1.0,-1.0,-1.0
mean_terrain,test_indist,20,mean_terrain,,,,,True,n/a,False,0,0.08547686232518908,0.05977893681700754,0.18780377660007194,0.11056878771915578,0.1224420737898933,0.09757499546067323,0.221127916912134,0.1442612192332913,0.4825002257075539,0.38994001760378294,0.591480267850784,0.48678198995906685,0.1191508137991649,0.1017618287841506,0.1867095065956914,0.13457317956704293,-0.2500000001496357,-0.25000005503283773,-0.2499999772138429,-0.25000000652991367,-2.96786311082542e-10,-9.48731067182962e-08,4.0916296711657206e-08,-1.1180356887052768e-08,0.44781030283940404,0.37306166951204367,0.5285453760401604,0.4494446190270619,0.0,0.0,0.0,0.0,0.0,0.0,0.0,0.0,0.0,0.0,0.0,0.0,0.0,0.0,0.0,0.0,0.03575602854330709,0.018479330708661416,0.053801673228346454,0.03585891363188976,0.4979085143699838,0.012192062794376943,3.3614181094612596,1.2754771245377556,13.2295399516362,4.621125639501857,25.802197981940694,14.815254133812104,0.2717222262898118,0.19944544946268417,0.42861154795188766,0.2952112242885917,,,,,1.2500083001648779,1.2498689725455505,1.2533043733875668,1.2816749446309046,-1.0,-1.0,-1.0,-1.0
mean_terrain,test_indist,50,mean_terrain,,,,,True,n/a,False,0,0.1159676442757922,0.09343082226156052,0.18392589519136432,0.1289454957615621,0.14971487067233546,0.12293697849563924,0.21790829719079202,0.16233681082290988,0.5209004329378786,0.426540025307213,0.6410398815080043,0.5286109809634391,0.12888045750568317,0.1070656570759974,0.18327521766879704,0.13789385722169467,-0.2500000000688447,-0.25000002160186086,-0.24999999094520411,-0.2500000026298094,-2.96786311082542e-10,-9.48731067182962e-08,4.0916296711657206e-08,-1.1180356887052768e-08,1.096040915431202,0.9808470715430007,1.2126753370836372,1.0914950593460804,0.0,0.0,0.0,0.0,0.0,0.0,0.0,0.0,0.0,0.0,0.0,0.0,0.0,0.0,0.0,0.0,0.03967765748031496,0.02276390255905512,0.0506459153543307,0.038079632135826776,0.29564484733091406,0.0075988299784920076,1.8887619700809295,0.7443837223931911,13.588529782231209,5.536188181540123,24.612808163799155,14.42961750233889,0.3023132568413258,0.21036523813903804,0.518211982098602,0.3410866972779742,,,,,1.2499950333403937,1.249843831745201,1.2505173814562898,1.2563215978967261,-1.0,-1.0,-1.0,-1.0
mean_terrain,test_ood_terrain,1,mean_terrain,,,,,True,n/a,False,0,0.192170998470913,0.036349095478733426,0.4729174287331239,0.22709239502586828,0.23654487666811336,0.06977441876643838,0.5556105281698432,0.28275065198480626,0.742499508371111,0.49939949941253875,1.2506601135944948,0.8130670174846637,0.17235477653796824,0.09891029105108605,0.4961503281203028,0.24108099122629428,-0.25000002395276455,-0.25000445306656277,-0.2499970684806588,-0.2500079835590936,-1.561638782732189e-09,-1.554817063151859e-07,2.1625916269840668e-07,6.541129550896584e-10,0.021367353024413692,0.00264293075217141,0.03864374218423245,0.020889862743777892,0.0,0.0,0.0,0.0,0.0,0.0,0.0,0.0,0.0,0.0,0.0,0.0,0.0,0.0,0.0,0.0,0.0073049950787401575,0.004908956692913386,0.010660679133858268,0.007619955708661416,46.588008410188145,6.451136120285988,329.21189007922123,581.9518807387054,53.50234240447153,18.94936640361999,86.149267119128,53.28244806206945,0.24926512437986026,0.09133808280854278,0.46392315640790743,0.27066474865692586,0.9999999987671986,0.9999999695371883,1.0000000332472305,0.9999999992205,1.2500230086402055,1.2498978511822905,1.2680155621238598,1.293921712549931,54.541286667305144,6.33038364572009,408.7553364528717,656.4335042238502
mean_terrain,test_ood_terrain,5,mean_terrain,,,,,True,n/a,False,0,0.1867502283123894,0.05126101104926867,0.4728035841796049,0.230622613767718,0.23321500938413112,0.08620740737819005,0.5573269653344478,0.28618903592585737,0.7311995023846976,0.4739607633811829,1.2506601135944948,0.8056949970797177,0.1831481636694972,0.11151865305395263,0.44107419400651704,0.24192874833258515,-0.25000000497231323,-0.25000044072367444,-0.24999949123030654,-0.2500000087259214,-1.561638782732189e-09,-1.554817063151859e-07,2.1625916269840668e-07,6.541129550896584e-10,0.10089889140722746,0.06455287074923068,0.14450380193056997,0.10439590255271752,0.0,0.0,0.0,0.0,0.0,0.0,0.0,0.0,0.0,0.0,0.0,0.0,0.0,0.0,0.0,0.0,0.011242002952755906,0.005825541338582678,0.016455462598425195,0.011068682332677162,9.082738812785486,1.4101021980108568,27.951997913845812,13.609456843904702,34.71979081628545,13.029177195668813,58.97691670137253,35.4725298414457,0.2867899921188931,0.1902357994928776,0.394207258504308,0.29215370485134634,,,,,1.2499938374559267,1.2496628331035973,1.2502551026324407,1.2609179663756631,-1.0,-1.0,-1.0,-1.0
mean_terrain,test_ood_terrain,10,mean_terrain,,,,,True,n/a,False,0,0.19179998347183158,0.06254764057258226,0.4684676535619604,0.23528446754732082,0.2363515570063186,0.09882472297228155,0.5561390932283664,0.29065062414902265,0.7333003361782175,0.4718004992200804,1.2506601135944948,0.806599990482955,0.1874961615396868,0.11333922609632037,0.4347046946039598,0.24020864824365218,-0.2500000020379597,-0.25000019211574287,-0.24999971658027834,-0.24999999337075768,-1.561638782732189e-09,-1.554817063151859e-07,2.1625916269840668e-07,6.541129550896584e-10,0.21045277420211056,0.15449278281257448,0.2715315272934141,0.21169045619566768,0.0,0.0,0.0,0.0,0.0,0.0,0.0,0.0,0.0,0.0,0.0,0.0,0.0,0.0,0.0,0.0,0.014563853346456693,0.006582185039370078,0.02312992125984252,0.014688422736220473,5.515871304159172,0.7355302797744556,14.73013365323519,6.766925445579984,31.76191520476192,13.235217901317903,51.36854520491094,32.56940854536824,0.2983347727360346,0.20079952129168102,0.41190952717957824,0.3014681988105011,,,,,1.2499928831479346,1.2498389050561372,1.2537062721609535,1.2762167283491688,-1.0,-1.0,-1.0,-1.0
mean_terrain,test_ood_terrain,20,mean_terrain,,,,,True,n/a,False,0,0.19098137348315625,0.07808535508960927,0.47221460428730105,0.2403730164208621,0.2329499934508443,0.11393638744677716,0.553394084124225,0.29464809186786106,0.7230996175203472,0.47186049239153366,1.2599596250802276,0.8050490170338344,0.1902292471717277,0.11186843736076352,0.4384171405431222,0.2406924767507727,-0.25000000096466696,-0.25000009789497385,-0.24999985987941545,-0.2499999975646314,-1.561638782732189e-09,-1.554817063151859e-07,2.1625916269840668e-07,6.541129550896584e-10,0.4154705140619219,0.3284551426967697,0.5230842969430728,0.4200349182872749,0.0,0.0,0.0,0.0,0.0,0.0,0.0,0.0,0.0,0.0,0.0,0.0,0.0,0.0,0.0,0.0,0.018408587598425195,0.007667937992125985,0.032301919291338584,0.019355161171259842,3.212788982928689,0.49091864175728245,8.440969625165742,3.9741290234827047,30.79321051243904,14.628820579989982,47.943954925598085,30.414676278848436,0.3159494031589891,0.21305387356243463,0.4384785183861,0.31967714709381784,,,,,1.249993138916163,1.249706214872899,1.2504756109261208,1.2491341831539404,-1.0,-1.0,-1.0,-1.0
mean_terrain,test_ood_terrain,50,mean_terrain,,,,,True,n/a,False,0,0.17944939190638998,0.10317636751414865,0.4551843502651152,0.24428856808908822,0.22705724263206573,0.13493853732035707,0.5362911828960065,0.2963223418737785,0.6700003843579907,0.4681198036407295,1.239380416437052,0.8040200360403287,0.17911864010364906,0.11577785842472242,0.4434547530331332,0.24367042941186015,-0.2500000003870782,-0.25000003669708587,-0.24999994164040074,-0.24999999941233256,-1.561638782732189e-09,-1.554817063151859e-07,2.1625916269840668e-07,6.541129550896584e-10,1.028206383151494,0.9048355777821645,1.182800914879725,1.0415476426453067,0.0,0.0,0.0,0.0,0.0,0.0,0.0,0.0,0.0,0.0,0.0,0.0,0.0,0.0,0.0,0.0,0.026482529527559057,0.008882874015748032,0.0421136811023622,0.02520577017716535,1.9560000895791054,0.331499585590572,4.919788516994849,2.358256881343331,28.33627338008962,14.704044213408567,43.8741245031842,28.678200382544215,0.3728511580723988,0.2430128893548431,0.5378922508328058,0.37798931101083333,,,,,1.249987555644296,1.2497624491187147,1.2514886379847314,1.2488011165940807,-1.0,-1.0,-1.0,-1.0
mean_terrain,test_ood_soil,1,mean_terrain,,,,,True,n/a,False,0,0.03567643975033463,0.004114460618742372,0.19760797643933206,0.08120287638847147,0.06698294605590098,0.01938617876924225,0.22650668942973137,0.10592909278412843,0.42499992679222487,0.30011959159583057,0.5523397293363814,0.4287549506475969,0.13454088327574726,0.0968427818839846,0.21562710771636306,0.14495022228605037,-0.25000000102542497,-0.2500012934717638,-0.2499988756638382,-0.2500067788593444,-7.848939276300372e-11,-6.956392826396042e-08,6.904794281581417e-08,-1.0822310287039717e-09,0.019849389674470835,0.005526308938514487,0.04107389519283143,0.021655387619186176,0.0,0.0,0.0,0.0,0.0,0.0,0.0,0.0,0.0,0.0,0.0,0.0,0.0,0.0,0.0,0.0,0.02194574311023622,0.010088582677165354,0.0629152312992126,0.029439283956692916,8.07252220922992,0.22313434437328813,83.08102293037227,2484.132513754085,47.36602819348003,22.935259129484038,70.41419875963152,46.85326551646625,0.22256493031379623,0.1487312323765216,0.2854270343143551,0.21894117162889418,0.9999999984352805,0.9999999707641941,1.0000000356865202,1.0000000006130825,1.2500068707379837,1.2499098320602602,1.2502381302196606,1.2542128959029244,8.081301408953236,-0.7489861362900245,92.467953094942,2793.7109651234573
mean_terrain,test_ood_soil,5,mean_terrain,,,,,True,n/a,False,0,0.05036942254303273,0.021308364047447258,0.2013277581921872,0.09135632739180305,0.09312982726981538,0.05871308133637392,0.23082455547820938,0.12730657993873795,0.5209993515909446,0.44746010118969937,0.6365201895401696,0.5292329608776825,0.13731927168906183,0.11289443926991359,0.21631401583531318,0.15126144969475475,-0.25000000018510393,-0.2500001686277366,-0.24999982759438968,-0.25000000067546174,-7.848939276300372e-11,-6.956392826396042e-08,6.904794281581417e-08,-1.0822310287039717e-09,0.11352806859098014,0.07050813387301413,0.15080854064412896,0.11196500869915103,0.0,0.0,0.0,0.0,0.0,0.0,0.0,0.0,0.0,0.0,0.0,0.0,0.0,0.0,0.0,0.0,0.026990034448818895,0.013339689960629923,0.06039308562992125,0.0324855437992126,1.3731993188473925,0.04240450309767423,11.592959342859759,4.269474418719392,21.338236274072187,7.4918113903586665,36.98104864956074,21.93870951902685,0.2341183167396762,0.1709580816610763,0.3150898725421305,0.24304213983352319,,,,,1.2500119817066329,1.249900029291368,1.2705537654966874,1.273914804572352,-1.0,-1.0,-1.0,-1.0
mean_terrain,test_ood_soil,10,mean_terrain,,,,,True,n/a,False,0,0.0653542318124497,0.03685598475640539,0.19888219770881674,0.10178896615728097,0.11072945509782592,0.08102963325723743,0.23268149633069227,0.14188862379461617,0.5521998248796081,0.47379970381680325,0.6667799141978321,0.561589955291004,0.14061464145967767,0.1161212646255439,0.20752699385158094,0.15288487371699686,-0.2500000000907764,-0.25000009229933745,-0.24999991646505113,-0.25000000308142867,-7.848939276300372e-11,-6.956392826396042e-08,6.904794281581417e-08,-1.0822310287039717e-09,0.21884573107248365,0.16710732629681727,0.27755456044134935,0.22144449973922659,0.0,0.0,0.0,0.0,0.0,0.0,0.0,0.0,0.0,0.0,0.0,0.0,0.0,0.0,0.0,0.0,0.034171998031496065,0.016350885826771654,0.06072527066929134,0.035299427903543304,0.7632506390071878,0.02464029102349494,5.392772421634737,2.108839247326316,15.76252777827645,5.053144314332207,26.81835755440987,16.357465689136337,0.24364215382994425,0.17878434178286828,0.3383498318303707,0.25335920937732564,,,,,1.2500014280337814,1.2498934549915592,1.250213759172956,1.2518397276309359,-1.0,-1.0,-1.0,-1.0
mean_terrain,test_ood_soil,20,mean_terrain,,,,,True,n/a,False,0,0.09009714664635898,0.06509358309894643,0.20094856440720213,0.11761263528189776,0.13862870669679267,0.11168565339327173,0.24030895761436277,0.15981666777717396,0.5780993841563031,0.5031603631133293,0.703600210865261,0.5894209414040077,0.14425555548819785,0.12363139461607531,0.20795741986680338,0.15470917848787413,-0.25000000004407075,-0.25000004780732105,-0.24999996106862424,-0.250000000993744,-7.848939276300372e-11,-6.956392826396042e-08,6.904794281581417e-08,-1.0822310287039717e-09,0.44302210466925285,0.3650225155418991,0.5202275061187442,0.4443904568975089,0.0,0.0,0.0,0.0,0.0,0.0,0.0,0.0,0.0,0.0,0.0,0.0,0.0,0.0,0.0,0.0,0.039754552165354326,0.02085076279527559,0.05893823818897638,0.03927888164370079,0.42442428217929407,0.015093771856988698,2.93563501460578,1.1905270726999684,13.130100024491862,5.813516315028621,25.67420192951158,14.64457972186942,0.2575443079801415,0.18688173685936027,0.35940001368194513,0.2653939982955017,,,,,1.2500000054270444,1.2498715564563814,1.2502515769788742,1.2622456690983646,-1.0,-1.0,-1.0,-1.0
mean_terrain,test_ood_soil,50,mean_terrain,,,,,True,n/a,False,0,0.1346466860266009,0.10408285487818447,0.19656651039388826,0.1431552212359997,0.17542348132827087,0.14683400380045944,0.243177896863877,0.18471300570311944,0.6253998788906756,0.530939655277848,0.7568201064685127,0.6388239454874409,0.15082764978054564,0.12907770887655146,0.20297922509422645,0.1589886994093535,-0.2500000000176534,-0.25000001817986695,-0.24999998360800516,-0.2500000003144535,-7.848939276300372e-11,-6.956392826396042e-08,6.904794281581417e-08,-1.0822310287039717e-09,1.110562001958804,0.9820759707270278,1.2292357936885374,1.1093453293969409,0.0,0.0,0.0,0.0,0.0,0.0,0.0,0.0,0.0,0.0,0.0,0.0,0.0,0.0,0.0,0.0,0.045275590551181105,0.029407603346456694,0.05624384842519685,0.043804441437007874,0.2584825262709031,0.009052121091343741,1.6614015179196786,0.6558395818826631,12.859193548642903,4.470560813313364,24.685873319839583,14.087497728900853,0.28435877560383865,0.20530932100060226,0.43179659202917947,0.3039096232799121,,,,,1.249992420272248,1.2498554879596488,1.2502758607369406,1.2525011748801482,-1.0,-1.0,-1.0,-1.0
mean_terrain,test_ood_both,1,mean_terrain,,,,,True,n/a,False,0,0.22102069870952823,0.022963369744501617,0.6835205244634075,0.2964105213264094,0.2793647767854518,0.05824961978491489,0.8309497182616747,0.3696135025663074,0.8404996150529769,0.5199604223369534,1.87064021397382,1.0517730047151144,0.19028986518488233,0.10179220238648533,0.6510536986462755,0.31734726426009857,-0.250000004097067,-0.25000778553377184,-0.24999543711138023,-0.25013662410815063,-1.1485644790809605e-09,-2.6644289755495266e-07,2.6062700271722864e-07,7.836231816327159e-10,0.02046446139480549,0.0018050370709681233,0.04165332224681329,0.02055195670564569,0.0,0.0,0.0,0.0,0.0,0.0,0.0,0.0,0.0,0.0,0.0,0.0,0.0,0.0,0.0,0.0,0.00712044783464567,0.004976624015748031,0.010586860236220472,0.007533833661417322,49.66910692538135,3.6341857590589197,680.3403954885516,25333.462249471944,59.277477059435455,20.18607818424597,90.16362969231177,57.25729412208967,0.2595441817616968,0.09842892691499823,0.4973639065543664,0.2858874781536384,0.9999999992560262,0.9999999683155096,1.000000036953109,1.00000000075816,1.2500108724059755,1.2498757335534125,1.2505467971663515,1.2556109351503775,54.879073787931645,3.088449806469557,764.2033845158397,25516.56372865633
mean_terrain,test_ood_both,5,mean_terrain,,,,,True,n/a,False,0,0.22069964214062532,0.036277409877388235,0.6878828726824132,0.30269371670200357,0.2820547882603211,0.0801325867647561,0.8288610960212239,0.3777076003677214,0.8429996657650918,0.5283995392175712,1.902560203662142,1.0588040216411627,0.2060342661118189,0.12681077740026875,0.6431445478352433,0.3319646144920415,-0.2500000020625224,-0.2500007177030756,-0.2499993503552126,-0.24999999805092027,-1.1485644790809605e-09,-2.6644289755495266e-07,2.6062700271722864e-07,7.836231816327159e-10,0.10217530024948905,0.062012758003389325,0.13979734679906988,0.10043537282128949,0.0,0.0,0.0,0.0,0.0,0.0,0.0,0.0,0.0,0.0,0.0,0.0,0.0,0.0,0.0,0.0,0.010796013779527559,0.005462598425196851,0.016766117125984255,0.01100716658464567,9.359009897335532,0.8819180437801739,51.02657036358674,19.062269753977656,36.493818568771275,13.558924699955195,65.0088246129105,38.42547250622188,0.2854209908802048,0.16531288340328817,0.39037103606240975,0.2815502677848187,,,,,1.2499942679252896,1.249676633863711,1.2516613153160048,1.257739657386812,-1.0,-1.0,-1.0,-1.0
mean_terrain,test_ood_both,10,mean_terrain,,,,,True,n/a,False,0,0.2247413334727435,0.0555410693459709,0.6933133758113851,0.3103932255413445,0.28525595308064056,0.10027689045353676,0.82742787589249,0.38597296229871714,0.888900345275033,0.5496599671321747,1.902560203662142,1.0661200225823722,0.2091813073580488,0.1282956077545595,0.6266062235134479,0.32714184855280826,-0.25000000104725945,-0.2500003708519085,-0.24999968201507256,-0.25000000335949957,-1.1485644790809605e-09,-2.6644289755495266e-07,2.6062700271722864e-07,7.836231816327159e-10,0.20313652618815192,0.14633656368239373,0.25324581793363604,0.202969351822928,0.0,0.0,0.0,0.0,0.0,0.0,0.0,0.0,0.0,0.0,0.0,0.0,0.0,0.0,0.0,0.0,0.015040600393700788,0.00601931594488189,0.023778912401574804,0.014709799458661417,4.592319929855597,0.474915794812219,22.56950492585446,9.394089870386782,34.94026164947854,12.9891263179784,55.87982822739244,35.026714142794184,0.27101335759722045,0.19127282588362488,0.35666688055698015,0.2728162278959178,,,,,1.2499928367875675,1.2497279448432699,1.2502285086119476,1.2697885564936484,-1.0,-1.0,-1.0,-1.0
mean_terrain,test_ood_both,20,mean_terrain,,,,,True,n/a,False,0,0.22856633001579008,0.08077530517933225,0.6718678614928093,0.32126576498388554,0.28804310642403375,0.12647895042073667,0.8198650507034969,0.3963299456227709,0.8304003466873837,0.5613201475345704,1.902560203662142,1.0662110071832012,0.20966281460750735,0.13437647947058273,0.625847397087432,0.32787312285360753,-0.25000000055820665,-0.2500001762139892,-0.24999983942582626,-0.25000000076817736,-1.1485644790809605e-09,-2.6644289755495266e-07,2.6062700271722864e-07,7.836231816327159e-10,0.42031169909214605,0.3348320735125613,0.5081415400319403,0.4173470080982215,0.0,0.0,0.0,0.0,0.0,0.0,0.0,0.0,0.0,0.0,0.0,0.0,0.0,0.0,0.0,0.0,0.01999261811023622,0.007286540354330709,0.032732529527559055,0.01990095964566929,2.8132154540174077,0.26842292233308873,12.052484210348933,5.050193879405916,33.22531545718483,13.92238075262824,50.06322949246191,32.94850140210889,0.2800560785267743,0.19286597036717834,0.3779438702552431,0.28542100552539656,,,,,1.249990378814301,1.249807678730002,1.2505803679732432,1.2555312286182514,-1.0,-1.0,-1.0,-1.0
mean_terrain,test_ood_both,50,mean_terrain,,,,,True,n/a,False,0,0.2411033992304854,0.1157398669460786,0.657314512878652,0.3357466872016637,0.2897927921867458,0.15629380634023132,0.7972681047309546,0.4086628276082999,0.878600315485528,0.5800798570233383,1.8810802016872912,1.089994016624305,0.23606970277410536,0.13803051371085434,0.6316467734321938,0.33451836614595865,-0.25000000023250335,-0.2500000679132431,-0.2499999366037281,-0.24999999978351056,-1.1485644790809605e-09,-2.6644289755495266e-07,2.6062700271722864e-07,7.836231816327159e-10,1.039879687861482,0.8673013813749686,1.177894512124868,1.0383263038896045,0.0,0.0,0.0,0.0,0.0,0.0,0.0,0.0,0.0,0.0,0.0,0.0,0.0,0.0,0.0,0.0,0.025959645669291338,0.008476870078740158,0.04579847440944882,0.026586491141732282,1.8339579812367564,0.1608398055827816,6.363079084397328,2.772040083414353,30.525597664718244,14.604403276553025,48.013409920422504,31.148004173936233,0.32923931469817275,0.2255499847200273,0.4264667125128115,0.32622390041993965,,,,,1.2500093969271058,1.2498308210023774,1.2508207977989283,1.2573624860006452,-1.0,-1.0,-1.0,-1.0
mean_terrain,test_ood_policy,1,mean_terrain,,,,,True,n/a,False,0,0.03867393699633763,0.004281709443523682,0.21740516872939836,0.08561542480410324,0.06497060999562426,0.02046085622957031,0.2418053868050192,0.10701990853947495,0.35700012702000095,0.2615791681412702,0.479920284023683,0.3626220460597247,0.11640813295875142,0.07944538567237766,0.21476379359783018,0.1323778903637647,-0.2499999992303146,-0.2500009341040228,-0.24999882408781704,-0.24999883097029887,6.089976523071528e-11,-7.723094313405456e-08,7.405011638184077e-08,-1.102799069485628e-09,0.02110746592398005,0.006440543626212399,0.04189433400425625,0.022968823242018037,0.0,0.0,0.0,0.0,0.0,0.0,0.0,0.0,0.0,0.0,0.0,0.0,0.0,0.0,0.0,0.0,0.02102300688976378,0.009873277559055118,0.05690821850393701,0.02873877337598425,1.9109225754081929,0.1345651342468688,67.32581557876911,162.5156252526807,44.79684583128863,19.033372978881264,66.49207221660426,45.04103376849155,0.24049688048665624,0.17426016834225022,0.30225331817463863,0.24034176768557136,1.0000000022817987,0.9999999673038615,1.0000000297597051,0.9999999999279481,1.250012142449013,1.2498967710844382,1.2501970030020317,1.2606055599040866,1.1498194584921273,-0.8486115207441534,74.74434651986557,182.6200167389383
mean_terrain,test_ood_policy,5,mean_terrain,,,,,True,n/a,False,0,0.05448679840444773,0.017858809299716193,0.21809268493373432,0.09385269303038365,0.0887391750197285,0.0497948638289146,0.24235714084778448,0.12369810539653685,0.4204998644731859,0.3363807901661858,0.5616205769889347,0.44116302940547625,0.11845575060306496,0.09027748377708532,0.20859550585092412,0.13590431283754048,-0.24999999984279442,-0.2500001883646508,-0.2499998129876954,-0.25000000998573546,6.089976523071528e-11,-7.723094313405456e-08,7.405011638184077e-08,-1.102799069485628e-09,0.1098967584389116,0.0719777747427219,0.14352551373053551,0.10855807798794485,0.0,0.0,0.0,0.0,0.0,0.0,0.0,0.0,0.0,0.0,0.0,0.0,0.0,0.0,0.0,0.0,0.02677472933070866,0.011894069881889765,0.057763287401574805,0.03079032357283465,1.165947386120519,0.03575002613766088,11.859542798773402,4.5346082800413,23.19903897361643,9.770660920934041,39.383239254435,24.013846970331425,0.2540927515144976,0.1806512072841158,0.33251585630858327,0.25576954518771194,,,,,1.249995634516766,1.2498060369190842,1.2502947076085342,1.2736967456720958,-1.0,-1.0,-1.0,-1.0
mean_terrain,test_ood_policy,10,mean_terrain,,,,,True,n/a,False,0,0.06488396767624272,0.03219760458329442,0.21318207982527956,0.10213921282349546,0.10279418427937004,0.06857819225132661,0.24068426198694257,0.13483772533598906,0.4452001309244338,0.3689397084725897,0.58445952255679,0.4641749960133157,0.12124051227317714,0.09398570925933576,0.20363276789225515,0.13562695757044527,-0.24999999992666858,-0.2500000973845821,-0.24999990943826372,-0.2500000026816304,6.089976523071528e-11,-7.723094313405456e-08,7.405011638184077e-08,-1.102799069485628e-09,0.2181917027708172,0.15915080283716485,0.27435567471707006,0.21874311549129097,0.0,0.0,0.0,0.0,0.0,0.0,0.0,0.0,0.0,0.0,0.0,0.0,0.0,0.0,0.0,0.0,0.03144992618110236,0.013887180118110236,0.05641609251968504,0.03302549827755905,0.6803790287970342,0.020075136881513588,6.13244137479659,2.3186983132509336,16.476351421540876,7.151517524394468,30.78301396251047,17.91996041812517,0.2580983147556828,0.18788344866353132,0.3785881023580858,0.2696581337436714,,,,,1.2500016946062034,1.2498487993332512,1.2510752473806714,1.2681920626312682,-1.0,-1.0,-1.0,-1.0
mean_terrain,test_ood_policy,20,mean_terrain,,,,,True,n/a,False,0,0.08958891932948759,0.056231340063310854,0.20764504382493873,0.11383307365318482,0.12407976291926642,0.09459145315012918,0.23783617315304353,0.147683334986712,0.4757998486093129,0.3895199835228141,0.6069003625801997,0.4890230611059988,0.12071439337290382,0.09876399536216018,0.19882835891762995,0.13715221100525252,-0.24999999996399194,-0.2500000462211477,-0.24999995956636095,-0.2500000009686709,6.089976523071528e-11,-7.723094313405456e-08,7.405011638184077e-08,-1.102799069485628e-09,0.4315302132142306,0.3583595310337108,0.5163502766908299,0.43437869137273394,0.0,0.0,0.0,0.0,0.0,0.0,0.0,0.0,0.0,0.0,0.0,0.0,0.0,0.0,0.0,0.0,0.03700172244094488,0.016741510826771656,0.05485666830708661,0.035405542568897636,0.5073935961128632,0.012830514980677072,3.709637734995147,1.3700722083396415,13.878106760322254,5.771130442003363,25.663771222579893,15.1437754053034,0.27246636633301236,0.1959062878851958,0.42822014571156236,0.29269225384318753,,,,,1.24999799979807,1.249829169149674,1.2506027689563883,1.2690949419445723,-1.0,-1.0,-1.0,-1.0
mean_terrain,test_ood_policy,50,mean_terrain,,,,,True,n/a,False,0,0.11828437521203687,0.09231810362656694,0.19303268688909758,0.13234926958102716,0.15551510829134338,0.12519935328865603,0.23084447484270132,0.16634290309698513,0.529200182076238,0.43268024853041426,0.6597605838236632,0.5355789989134646,0.1309399179553013,0.1073446051070566,0.19568912896613938,0.14082019417799185,-0.24999999998606492,-0.2500000191249514,-0.24999998335056,-0.250000000356748,6.089976523071528e-11,-7.723094313405456e-08,7.405011638184077e-08,-1.102799069485628e-09,1.0826046159693217,0.9583313820157155,1.2103589532106651,1.0845315045136759,0.0,0.0,0.0,0.0,0.0,0.0,0.0,0.0,0.0,0.0,0.0,0.0,0.0,0.0,0.0,0.0,0.04049274114173228,0.023031496062992127,0.04949557086614174,0.03747139517716535,0.3461563671612078,0.0076598551109525615,2.03552177272846,0.7989282430134895,13.060955272135214,5.826703192268015,26.44237780430889,14.824556828694035,0.3129723196126513,0.20655502402690865,0.5141034379807133,0.33620005789361557,,,,,1.2499908703823503,1.249814260421415,1.2504652539549865,1.260234992512451,-1.0,-1.0,-1.0,-1.0
mean_terrain,dev,1,mean_terrain,,,,,True,n/a,False,0,0.040547399516869254,0.004489158865142494,0.20912927096436346,0.08235961867350533,0.06888605730142325,0.019858286063624487,0.23065803611522423,0.1037577293344097,0.35790028727205936,0.266259684049146,0.4880390760372393,0.3657700166420753,0.11592118928485763,0.08012625858412098,0.21113485492161363,0.13434117260844075,-0.24999999974392137,-0.25000091761771254,-0.2499987711012774,-0.24999981804506913,3.536115400493146e-11,-6.790642873966136e-08,9.102812327910217e-08,3.388699951756283e-09,0.021844564095332156,0.007595934910275991,0.04210001507882926,0.02358966547405691,0.0,0.0,0.0,0.0,0.0,0.0,0.0,0.0,0.0,0.0,0.0,0.0,0.0,0.0,0.0,0.0,0.022345595472440943,0.009707185039370078,0.05269131397637794,0.0275998093011811,1.3525533255582538,0.13544144239314776,71.4969363199434,43.851750986022644,45.96986043132622,19.796353239276502,66.18591236195567,43.801679478131184,0.24610148697066977,0.1748721979919147,0.300714079376851,0.24288455021618877,1.0000000002070757,0.9999999690033639,1.000000030843882,1.0000000013732906,1.250005231145232,1.2498844773671345,1.2507609344334198,1.2694696116525739,0.5215589357061848,-0.847627888915052,84.19056006523151,49.045868946731524
mean_terrain,dev,5,mean_terrain,,,,,True,n/a,False,0,0.058118664986226864,0.0196456611575901,0.20452269454318256,0.09174476062514003,0.09307647331912737,0.052206223531312775,0.2282723561590169,0.12209808159639887,0.4181000943858635,0.3490793417924124,0.5782398333016318,0.4431849772448507,0.12003643268983473,0.09715581502012359,0.20519202713058232,0.13663148618404908,-0.2499999999165259,-0.25000016760687527,-0.24999979430420902,-0.24999999748080967,3.536115400493146e-11,-6.790642873966136e-08,9.102812327910217e-08,3.388699951756283e-09,0.11328007349739763,0.07498024238856837,0.15662176341927447,0.11526739580837615,0.0,0.0,0.0,0.0,0.0,0.0,0.0,0.0,0.0,0.0,0.0,0.0,0.0,0.0,0.0,0.0,0.027436023622047244,0.012303149606299213,0.053395669291338585,0.029936177411417325,1.1837113048866355,0.03401893047257298,11.256444659493537,4.054251767460719,21.260611398281473,8.442376492457242,36.986214063525566,22.24646569346136,0.26208389126698706,0.18998643160867087,0.34343732206142574,0.2618018390730489,,,,,1.2499999976432155,1.2498831359292468,1.2540229853992797,1.2704159513622741,-1.0,-1.0,-1.0,-1.0
mean_terrain,dev,10,mean_terrain,,,,,True,n/a,False,0,0.07155776658997628,0.036618496854962934,0.20433575098901338,0.10054918806156167,0.10511283558217077,0.07491633305768311,0.23230850426090605,0.13354685535938163,0.441699780270028,0.37859871827117786,0.5842198249564262,0.463049000223464,0.11744564960202988,0.09944985709888948,0.19819796384096408,0.1362837187860327,-0.24999999995921923,-0.2500000715495187,-0.24999989321882157,-0.2499999942268283,3.536115400493146e-11,-6.790642873966136e-08,9.102812327910217e-08,3.388699951756283e-09,0.22519048168306605,0.16787059752522518,0.28041512999880314,0.22463405346900864,0.0,0.0,0.0,0.0,0.0,0.0,0.0,0.0,0.0,0.0,0.0,0.0,0.0,0.0,0.0,0.0,0.0304810531496063,0.014203986220472442,0.051986958661417317,0.03217734990157481,0.7609916177051004,0.017710692454463293,5.746210622150848,2.2206957255800104,16.569031062428994,6.428269937715676,27.48420143413461,16.73344036672863,0.2591190685427348,0.19435840563366147,0.37150431178525994,0.2700612677272512,,,,,1.249994739270384,1.2497751955074996,1.2502018241196349,1.2562631908684805,-1.0,-1.0,-1.0,-1.0
mean_terrain,dev,20,mean_terrain,,,,,True,n/a,False,0,0.09179131033588375,0.058036280134328114,0.2005819278746898,0.11262588772738014,0.12327541049403798,0.09472451206498182,0.2313590457741845,0.1465943966070783,0.47230006948666414,0.3890004416951342,0.6142600609509827,0.4890750077960965,0.12002128172996557,0.10145480603492923,0.19718831548548296,0.13671432101530545,-0.2499999999819176,-0.250000036135898,-0.24999995012368667,-0.24999999795543743,3.536115400493146e-11,-6.790642873966136e-08,9.102812327910217e-08,3.388699951756283e-09,0.4466115031552905,0.36625863005654524,0.5282391588728904,0.44669511769028164,0.0,0.0,0.0,0.0,0.0,0.0,0.0,0.0,0.0,0.0,0.0,0.0,0.0,0.0,0.0,0.0,0.033864419291338585,0.01703986220472441,0.05244832677165354,0.03508566067913386,0.5300922641233745,0.01148797080836377,3.3901470538499474,1.264899903485492,13.5775932864203,6.078891964112247,24.729520072976683,14.84089947530138,0.2731360938049259,0.20872044278621643,0.41764874236918137,0.2972889528887452,,,,,1.2499960258597715,1.2497865353476474,1.2587517316862993,1.2476529358976864,-1.0,-1.0,-1.0,-1.0
mean_terrain,dev,50,mean_terrain,,,,,True,n/a,False,0,0.11388121573589793,0.09261337067744084,0.19319803712745154,0.12895766714741896,0.14811391676105276,0.12319017952317851,0.22505359224940083,0.16190650497145612,0.5153994814600082,0.4341796381558197,0.636040348343522,0.5272479673254193,0.12706356711530487,0.10637437409017206,0.18883841115704883,0.13781319579861287,-0.24999999999273237,-0.25000001525654847,-0.24999998037974447,-0.24999999924676675,3.536115400493146e-11,-6.790642873966136e-08,9.102812327910217e-08,3.388699951756283e-09,1.1116152041942033,0.9547110988441591,1.2188865735595171,1.093524718750048,0.0,0.0,0.0,0.0,0.0,0.0,0.0,0.0,0.0,0.0,0.0,0.0,0.0,0.0,0.0,0.0,0.04030819389763779,0.02192113681102362,0.05051365649606299,0.037932763287401576,0.3210775243449744,0.007486681563915036,2.008318787755753,0.7606348030820217,13.474962591428033,5.325841059988951,25.297845230479226,14.521845493767438,0.3021209831388933,0.21746918577810775,0.5120471769334246,0.33849272601087393,,,,,1.250005576894611,1.2498430082513188,1.253207871783056,1.2634849762490243,-1.0,-1.0,-1.0,-1.0
